Date,Open,High,Low,Close,Volume,Name
2017-08-15 09:30:00,94.24,94.89,93.87,94.13,300496,STT
2017-08-15 10:30:00,94.39,94.39,93.56,93.67,298015,STT
2017-08-15 11:30:00,93.73,93.9,93.6,93.88,190736,STT
2017-08-15 12:30:00,93.87,93.88,93.61,93.76,154732,STT
2017-08-15 13:30:00,93.77,93.96,93.74,93.93,181754,STT
2017-08-15 14:30:00,93.95,94.24,93.95,94.13,428730,STT
2017-08-15 15:30:00,94.11,94.18,93.82,93.82,250447,STT
2017-08-15 16:00:00,94.12,94.18,93.82,93.82,0,STT
2017-08-15 17:00:00,93.82,93.84,93.82,93.83,0,STT
2017-08-16 08:00:00,93.9,93.99,93.9,93.99,0,STT
2017-08-16 09:00:00,93.89,93.94,93.47,93.47,0,STT
2017-08-16 09:30:00,93.32,94.02,93.32,94.0,277149,STT
2017-08-16 10:30:00,94.06,94.06,93.56,93.58,147888,STT
2017-08-16 11:30:00,93.65,93.92,93.64,93.68,134601,STT
2017-08-16 12:30:00,93.68,93.77,93.39,93.39,129431,STT
2017-08-16 13:30:00,93.44,93.44,92.83,92.96,189984,STT
2017-08-16 14:30:00,92.95,93.22,92.91,93.2,191393,STT
2017-08-16 15:30:00,93.2,93.21,92.92,93.0,261571,STT
2017-08-16 16:00:00,93.04,93.6,93.04,93.04,0,STT
2017-08-16 17:00:00,94.02,94.02,94.02,94.02,0,STT
2017-08-17 09:00:00,93.78,93.78,93.78,93.78,0,STT
2017-08-17 09:30:00,92.8,93.21,92.23,92.65,267354,STT
2017-08-17 10:30:00,92.85,93.2,92.55,92.84,186024,STT
2017-08-17 11:30:00,92.89,92.98,92.58,92.83,134264,STT
2017-08-17 12:30:00,92.82,92.82,92.29,92.37,142442,STT
2017-08-17 13:30:00,92.38,92.48,92.1,92.31,167207,STT
2017-08-17 14:30:00,92.3,92.42,92.13,92.17,251161,STT
2017-08-17 15:30:00,92.13,92.21,91.75,91.83,310405,STT
2017-08-17 16:00:00,91.53,92.54,91.53,91.79,0,STT
2017-08-17 18:00:00,91.79,91.79,91.79,91.79,0,STT
2017-08-18 09:30:00,91.5,92.77,91.28,92.23,566285,STT
2017-08-18 10:30:00,92.21,92.86,91.98,92.81,453181,STT
2017-08-18 11:30:00,92.79,92.87,92.5,92.59,256878,STT
2017-08-18 12:30:00,92.62,92.97,92.54,92.59,184338,STT
2017-08-18 13:30:00,92.59,92.6,92.25,92.34,271888,STT
2017-08-18 14:30:00,92.35,92.53,92.31,92.43,401442,STT
2017-08-18 15:30:00,92.42,92.59,92.41,92.42,435466,STT
2017-08-18 16:00:00,92.42,92.59,92.39,92.44,0,STT
2017-08-21 09:30:00,92.11,92.36,92.08,92.16,284635,STT
2017-08-21 10:30:00,92.19,92.67,92.04,92.56,349643,STT
2017-08-21 11:30:00,92.58,92.89,92.55,92.89,238480,STT
2017-08-21 12:30:00,92.82,92.84,92.48,92.65,206418,STT
2017-08-21 13:30:00,92.68,92.7,92.29,92.51,200346,STT
2017-08-21 14:30:00,92.53,92.55,92.33,92.47,344172,STT
2017-08-21 15:30:00,92.46,92.49,92.28,92.32,236069,STT
2017-08-21 16:00:00,92.46,92.49,92.28,92.33,0,STT
2017-08-21 18:00:00,92.33,92.33,92.33,92.33,0,STT
2017-08-22 09:30:00,92.62,93.46,92.62,93.28,254773,STT
2017-08-22 10:30:00,93.25,93.46,93.09,93.21,226869,STT
2017-08-22 11:30:00,93.2,93.48,93.15,93.42,199746,STT
2017-08-22 12:30:00,93.42,93.7,93.4,93.61,202884,STT
2017-08-22 13:30:00,93.6,93.61,93.34,93.54,271018,STT
2017-08-22 14:30:00,93.52,93.71,93.52,93.69,264214,STT
2017-08-22 15:30:00,93.67,93.83,93.55,93.61,248979,STT
2017-08-22 16:00:00,93.67,93.83,93.43,93.64,0,STT
2017-08-22 17:00:00,93.43,93.66,93.43,93.66,0,STT
2017-08-23 08:00:00,93.13,93.13,93.13,93.13,0,STT
2017-08-23 09:00:00,93.64,93.64,93.64,93.64,0,STT
2017-08-23 09:30:00,92.95,93.74,92.95,93.67,97924,STT
2017-08-23 10:30:00,93.61,93.76,93.56,93.69,141018,STT
2017-08-23 11:30:00,93.68,93.98,93.64,93.96,95946,STT
2017-08-23 12:30:00,93.94,93.94,93.51,93.6,84229,STT
2017-08-23 13:30:00,93.63,93.65,93.43,93.62,113002,STT
2017-08-23 14:30:00,93.64,93.89,93.64,93.71,176541,STT
2017-08-23 15:30:00,93.7,93.73,93.45,93.45,290298,STT
2017-08-23 16:00:00,93.45,93.65,93.45,93.45,0,STT
2017-08-24 08:00:00,93.45,93.45,93.45,93.45,0,STT
2017-08-24 09:30:00,93.54,94.15,93.34,94.09,207438,STT
2017-08-24 10:30:00,94.09,94.41,94.07,94.13,189402,STT
2017-08-24 11:30:00,94.08,94.12,93.86,93.98,86327,STT
2017-08-24 12:30:00,93.99,94.04,93.6,93.64,158599,STT
2017-08-24 13:30:00,93.62,93.71,93.43,93.64,108758,STT
2017-08-24 14:30:00,93.64,93.9,93.64,93.86,138190,STT
2017-08-24 15:30:00,93.86,93.92,93.74,93.78,221814,STT
2017-08-24 16:00:00,93.78,93.85,93.78,93.79,0,STT
2017-08-25 09:30:00,93.83,94.59,93.83,94.4,203818,STT
2017-08-25 10:30:00,94.52,94.59,93.72,93.81,314262,STT
2017-08-25 11:30:00,93.76,93.91,93.71,93.71,187234,STT
2017-08-25 12:30:00,93.7,93.75,93.52,93.68,381498,STT
2017-08-25 13:30:00,93.69,94.0,93.64,93.98,694820,STT
2017-08-25 14:30:00,93.98,94.02,93.59,93.72,638836,STT
2017-08-25 15:30:00,93.72,93.73,93.45,93.47,355525,STT
2017-08-25 16:00:00,93.72,93.8,93.45,93.48,0,STT
2017-08-28 09:30:00,93.73,93.99,93.55,93.68,163532,STT
2017-08-28 10:30:00,93.74,93.99,93.23,93.26,451718,STT
2017-08-28 11:30:00,93.29,93.39,92.99,92.99,212480,STT
2017-08-28 12:30:00,93.04,93.24,93.02,93.12,182314,STT
2017-08-28 13:30:00,93.11,93.17,92.63,92.63,293560,STT
2017-08-28 14:30:00,92.63,92.85,92.58,92.83,340806,STT
2017-08-28 15:30:00,92.84,92.91,92.79,92.88,236065,STT
2017-08-28 16:00:00,92.84,93.24,92.79,92.9,0,STT
2017-08-29 08:00:00,92.24,92.24,92.24,92.24,0,STT
2017-08-29 09:00:00,92.25,92.25,92.25,92.25,0,STT
2017-08-29 09:30:00,91.95,91.95,91.05,91.28,280790,STT
2017-08-29 10:30:00,91.29,91.9,91.25,91.66,291593,STT
2017-08-29 11:30:00,91.68,91.86,91.61,91.69,203150,STT
2017-08-29 12:30:00,91.69,92.14,91.69,92.13,153304,STT
2017-08-29 13:30:00,92.1,92.1,91.93,92.02,214231,STT
2017-08-29 14:30:00,92.04,92.31,92.04,92.17,229548,STT
2017-08-29 15:30:00,92.14,92.2,91.93,91.99,364642,STT
2017-08-29 16:00:00,91.79,92.0,91.79,92.0,0,STT
2017-08-30 09:30:00,92.12,92.46,92.07,92.39,284165,STT
2017-08-30 10:30:00,92.44,92.44,92.16,92.32,312137,STT
2017-08-30 11:30:00,92.32,92.34,92.1,92.12,272114,STT
2017-08-30 12:30:00,92.1,92.61,92.1,92.56,247868,STT
2017-08-30 13:30:00,92.56,92.57,92.35,92.44,293084,STT
2017-08-30 14:30:00,92.45,92.52,92.36,92.45,435422,STT
2017-08-30 15:30:00,92.46,92.47,92.31,92.39,336130,STT
2017-08-30 16:00:00,92.46,92.47,92.31,92.4,0,STT
2017-08-30 17:00:00,92.41,92.96,92.41,92.96,0,STT
2017-08-31 09:30:00,92.78,92.88,92.44,92.56,313881,STT
2017-08-31 10:30:00,92.53,92.77,92.29,92.59,326745,STT
2017-08-31 11:30:00,92.58,92.58,92.32,92.52,298334,STT
2017-08-31 12:30:00,92.52,92.52,92.26,92.28,193090,STT
2017-08-31 13:30:00,92.32,92.45,92.19,92.28,321612,STT
2017-08-31 14:30:00,92.31,92.5,92.28,92.47,645372,STT
2017-08-31 15:30:00,92.48,92.58,92.35,92.48,438347,STT
2017-08-31 16:00:00,92.48,92.58,92.35,92.49,0,STT
2017-09-01 09:30:00,92.76,93.65,92.75,93.54,303212,STT
2017-09-01 10:30:00,93.42,93.72,93.01,93.46,343282,STT
2017-09-01 11:30:00,93.47,93.71,93.39,93.61,175410,STT
2017-09-01 12:30:00,93.59,93.88,93.59,93.74,148416,STT
2017-09-01 13:30:00,93.74,93.75,93.36,93.46,259644,STT
2017-09-01 14:30:00,93.5,93.5,93.22,93.27,382540,STT
2017-09-01 15:30:00,93.29,93.39,93.18,93.18,341187,STT
2017-09-01 16:00:00,93.29,93.47,93.18,93.18,0,STT
2017-09-05 09:30:00,92.6,93.38,92.6,92.93,664508,STT
2017-09-05 10:30:00,93.25,93.38,92.64,92.75,620806,STT
2017-09-05 11:30:00,92.75,92.85,92.02,92.02,452418,STT
2017-09-05 12:30:00,91.97,92.29,91.85,92.18,462430,STT
2017-09-05 13:30:00,92.15,92.52,92.01,92.42,504624,STT
2017-09-05 14:30:00,92.45,92.61,91.69,91.74,1045766,STT
2017-09-05 15:30:00,91.75,91.84,91.57,91.77,808540,STT
2017-09-05 16:00:00,91.75,92.3,91.56,91.79,0,STT
2017-09-06 09:30:00,92.19,92.49,92.03,92.03,248600,STT
2017-09-06 10:30:00,92.42,92.49,91.61,91.75,546406,STT
2017-09-06 11:30:00,91.72,91.72,91.09,91.59,519822,STT
2017-09-06 12:30:00,91.55,92.13,91.55,91.79,252318,STT
2017-09-06 13:30:00,91.75,91.86,91.29,91.73,584258,STT
2017-09-06 14:30:00,91.72,91.81,91.59,91.72,566826,STT
2017-09-06 15:30:00,91.7,91.7,91.56,91.62,430527,STT
2017-09-06 16:00:00,91.7,91.71,91.56,91.63,0,STT
2017-09-07 09:00:00,91.63,91.63,91.63,91.63,0,STT
2017-09-07 09:30:00,91.81,91.81,90.04,90.14,469012,STT
2017-09-07 10:30:00,90.12,91.2,90.12,90.49,355478,STT
2017-09-07 11:30:00,90.39,90.79,90.27,90.58,206892,STT
2017-09-07 12:30:00,90.58,90.88,90.48,90.68,158017,STT
2017-09-07 13:30:00,90.69,90.93,90.64,90.82,141834,STT
2017-09-07 14:30:00,90.82,90.92,90.75,90.79,171965,STT
2017-09-07 15:30:00,90.8,91.0,90.72,90.96,515731,STT
2017-09-07 16:00:00,90.97,90.97,90.68,90.97,0,STT
2017-09-07 17:00:00,74.61,90.96,74.61,90.96,0,STT
2017-09-08 09:30:00,91.13,92.53,91.09,92.47,288213,STT
2017-09-08 10:30:00,92.12,92.88,92.07,92.43,494225,STT
2017-09-08 11:30:00,92.43,92.63,92.42,92.61,309432,STT
2017-09-08 12:30:00,92.6,92.62,92.27,92.27,198124,STT
2017-09-08 13:30:00,92.26,92.82,92.26,92.75,453916,STT
2017-09-08 14:30:00,92.78,92.85,92.49,92.52,373284,STT
2017-09-08 15:30:00,92.52,92.55,92.43,92.45,473753,STT
2017-09-08 16:00:00,92.52,92.55,92.43,92.5,0,STT
2017-09-11 08:00:00,93.12,93.12,93.01,93.01,0,STT
2017-09-11 09:30:00,93.63,94.26,93.55,94.24,272428,STT
2017-09-11 10:30:00,94.31,94.66,94.15,94.46,264610,STT
2017-09-11 11:30:00,94.39,94.48,94.29,94.48,154571,STT
2017-09-11 12:30:00,94.51,94.6,94.4,94.48,113997,STT
2017-09-11 13:30:00,94.49,94.62,94.36,94.38,126649,STT
2017-09-11 14:30:00,94.39,94.43,94.26,94.42,218574,STT
2017-09-11 15:30:00,94.39,94.39,94.26,94.33,384506,STT
2017-09-11 16:00:00,94.33,94.33,94.25,94.33,0,STT
2017-09-11 17:00:00,94.34,94.34,94.33,94.33,0,STT
2017-09-12 08:00:00,94.33,94.33,94.33,94.33,0,STT
2017-09-12 09:30:00,94.67,95.23,94.54,94.86,165118,STT
2017-09-12 10:30:00,94.86,94.93,94.59,94.86,169043,STT
2017-09-12 11:30:00,94.85,95.37,94.82,95.32,141583,STT
2017-09-12 12:30:00,95.31,95.35,95.17,95.23,127476,STT
2017-09-12 13:30:00,95.18,95.2,94.85,94.91,139770,STT
2017-09-12 14:30:00,94.9,95.18,94.9,95.02,147177,STT
2017-09-12 15:30:00,95.02,95.06,94.88,94.97,374222,STT
2017-09-12 16:00:00,94.96,95.01,94.94,94.97,0,STT
2017-09-12 17:00:00,94.96,94.96,94.96,94.96,0,STT
2017-09-13 09:30:00,94.51,94.52,93.71,93.75,395667,STT
2017-09-13 10:30:00,94.02,94.52,93.71,94.11,820051,STT
2017-09-13 11:30:00,94.13,94.21,93.8,93.8,349928,STT
2017-09-13 12:30:00,93.79,94.07,93.79,94.01,237004,STT
2017-09-13 13:30:00,94.0,94.14,93.94,94.1,291148,STT
2017-09-13 14:30:00,94.11,94.26,94.06,94.08,500638,STT
2017-09-13 15:30:00,94.11,94.25,94.08,94.25,585773,STT
2017-09-13 16:00:00,94.11,94.27,94.08,94.27,0,STT
2017-09-14 09:30:00,94.08,94.5,93.98,94.03,394612,STT
2017-09-14 10:30:00,94.35,94.49,93.82,94.07,624174,STT
2017-09-14 11:30:00,94.11,94.39,94.07,94.2,304986,STT
2017-09-14 12:30:00,94.2,94.38,94.15,94.17,251850,STT
2017-09-14 13:30:00,94.17,94.36,94.07,94.27,370856,STT
2017-09-14 14:30:00,94.28,94.34,94.16,94.16,519602,STT
2017-09-14 15:30:00,94.19,94.21,94.07,94.19,339447,STT
2017-09-14 16:00:00,94.19,94.21,94.07,94.1,0,STT
2017-09-15 09:30:00,94.13,94.82,94.12,94.37,836439,STT
2017-09-15 10:30:00,94.78,94.82,94.01,94.01,377063,STT
2017-09-15 11:30:00,94.02,94.04,93.77,93.86,244114,STT
2017-09-15 12:30:00,93.86,94.14,93.83,93.84,291934,STT
2017-09-15 13:30:00,93.89,93.9,93.75,93.81,298194,STT
2017-09-15 14:30:00,93.83,94.12,93.81,94.12,598398,STT
2017-09-15 15:30:00,94.11,94.17,93.96,94.07,631452,STT
2017-09-15 16:00:00,94.11,94.53,93.96,94.53,0,STT
2017-09-15 17:00:00,94.04,94.04,94.04,94.04,0,STT
2017-09-18 08:00:00,94.04,94.04,94.04,94.04,0,STT
2017-09-18 09:30:00,94.34,94.92,94.32,94.6,170105,STT
2017-09-18 10:30:00,94.63,94.81,94.45,94.81,92702,STT
2017-09-18 11:30:00,94.87,94.88,94.75,94.75,87033,STT
2017-09-18 12:30:00,94.73,94.82,94.71,94.82,41956,STT
2017-09-18 13:30:00,94.83,94.9,94.76,94.8,103255,STT
2017-09-18 14:30:00,94.8,94.81,94.63,94.73,125310,STT
2017-09-18 15:30:00,94.74,94.79,94.69,94.73,205873,STT
2017-09-18 16:00:00,94.73,94.76,94.62,94.62,0,STT
2017-09-19 09:30:00,94.68,95.33,94.68,95.23,318423,STT
2017-09-19 10:30:00,95.07,95.35,95.0,95.29,555087,STT
2017-09-19 11:30:00,95.31,95.53,95.24,95.53,230558,STT
2017-09-19 12:30:00,95.52,95.69,95.49,95.57,415106,STT
2017-09-19 13:30:00,95.58,95.9,95.57,95.75,475366,STT
2017-09-19 14:30:00,95.76,95.87,95.61,95.72,314472,STT
2017-09-19 15:30:00,95.72,95.81,95.57,95.67,370980,STT
2017-09-19 16:00:00,95.72,95.8,95.43,95.68,0,STT
2017-09-20 09:30:00,95.8,95.8,94.72,95.17,201282,STT
2017-09-20 10:30:00,94.99,95.45,94.72,95.35,268888,STT
2017-09-20 11:30:00,95.36,95.43,95.24,95.27,127094,STT
2017-09-20 12:30:00,95.27,95.5,95.25,95.5,166120,STT
2017-09-20 13:30:00,95.49,96.18,95.49,95.72,594706,STT
2017-09-20 14:30:00,95.78,95.88,95.47,95.65,516890,STT
2017-09-20 15:30:00,95.68,95.83,95.63,95.81,243527,STT
2017-09-20 16:00:00,95.68,95.83,95.36,95.64,0,STT
2017-09-21 09:30:00,95.93,96.25,95.53,95.73,266329,STT
2017-09-21 10:30:00,95.83,96.33,95.58,96.33,264869,STT
2017-09-21 11:30:00,96.32,96.38,95.96,95.98,145318,STT
2017-09-21 12:30:00,95.98,96.12,95.9,95.99,191498,STT
2017-09-21 13:30:00,95.97,96.26,95.91,96.21,375394,STT
2017-09-21 14:30:00,96.23,96.25,96.02,96.11,209738,STT
2017-09-21 15:30:00,96.1,96.11,95.88,95.95,269578,STT
2017-09-21 16:00:00,96.1,96.11,95.88,95.95,0,STT
2017-09-22 09:30:00,95.49,95.97,95.38,95.97,164196,STT
2017-09-22 10:30:00,95.79,96.01,95.71,95.73,480644,STT
2017-09-22 11:30:00,95.75,95.95,95.6,95.6,512520,STT
2017-09-22 12:30:00,95.61,95.81,95.58,95.68,156890,STT
2017-09-22 13:30:00,95.65,95.69,95.43,95.45,177374,STT
2017-09-22 14:30:00,95.42,95.64,95.42,95.64,241906,STT
2017-09-22 15:30:00,95.63,95.7,95.53,95.53,247830,STT
2017-09-22 16:00:00,95.63,95.7,92.4,95.56,0,STT
2017-09-25 09:30:00,95.54,95.6,95.06,95.22,224994,STT
2017-09-25 10:30:00,95.14,95.39,94.42,94.42,320500,STT
2017-09-25 11:30:00,94.44,94.47,93.72,94.07,335806,STT
2017-09-25 12:30:00,94.0,94.37,93.89,94.22,277606,STT
2017-09-25 13:30:00,94.25,94.38,94.12,94.23,307214,STT
2017-09-25 14:30:00,94.23,94.3,94.05,94.28,451282,STT
2017-09-25 15:30:00,94.3,94.45,94.29,94.44,289750,STT
2017-09-25 16:00:00,94.3,94.48,94.29,94.46,0,STT
2017-09-26 08:00:00,94.5,94.5,94.5,94.5,0,STT
2017-09-26 09:00:00,94.5,94.5,94.46,94.46,0,STT
2017-09-26 09:30:00,94.51,94.62,94.01,94.13,159468,STT
2017-09-26 10:30:00,93.98,94.36,93.85,93.87,164656,STT
2017-09-26 11:30:00,93.89,94.19,93.85,93.96,154714,STT
2017-09-26 12:30:00,93.95,94.29,93.91,94.11,238146,STT
2017-09-26 13:30:00,94.1,94.26,93.97,94.0,118715,STT
2017-09-26 14:30:00,94.03,94.03,93.76,93.84,196677,STT
2017-09-26 15:30:00,93.84,93.97,93.81,93.92,247710,STT
2017-09-26 16:00:00,93.91,94.01,93.9,93.91,0,STT
2017-09-27 08:00:00,94.57,94.57,94.57,94.57,0,STT
2017-09-27 09:00:00,94.85,95.0,94.85,95.0,0,STT
2017-09-27 09:30:00,95.18,95.33,94.65,95.03,174699,STT
2017-09-27 10:30:00,95.12,95.21,94.92,95.18,119273,STT
2017-09-27 11:30:00,95.12,95.28,95.0,95.03,92501,STT
2017-09-27 12:30:00,95.03,95.53,95.03,95.52,120122,STT
2017-09-27 13:30:00,95.53,95.98,95.53,95.9,171626,STT
2017-09-27 14:30:00,95.91,96.11,95.76,95.92,213199,STT
2017-09-27 15:30:00,95.93,95.96,95.51,95.54,313131,STT
2017-09-27 16:00:00,94.05,95.54,94.05,95.54,0,STT
2017-09-28 09:00:00,95.65,95.65,95.65,95.65,0,STT
2017-09-28 09:30:00,95.55,95.55,95.05,95.25,99101,STT
2017-09-28 10:30:00,95.22,95.45,95.1,95.26,94154,STT
2017-09-28 11:30:00,95.32,95.47,95.19,95.43,76144,STT
2017-09-28 12:30:00,95.43,95.57,95.33,95.43,84163,STT
2017-09-28 13:30:00,95.48,95.74,95.46,95.6,86330,STT
2017-09-28 14:30:00,95.55,95.85,95.55,95.78,111316,STT
2017-09-28 15:30:00,95.78,95.8,95.67,95.79,255636,STT
2017-09-28 16:00:00,95.74,95.81,95.74,95.81,0,STT
2017-09-29 09:30:00,95.34,95.77,95.25,95.66,202348,STT
2017-09-29 10:30:00,95.61,95.77,95.27,95.27,516032,STT
2017-09-29 11:30:00,95.25,95.42,95.07,95.42,428918,STT
2017-09-29 12:30:00,95.42,95.42,95.01,95.03,353694,STT
2017-09-29 13:30:00,95.05,95.3,95.03,95.28,178488,STT
2017-09-29 14:30:00,95.28,95.54,95.28,95.46,301976,STT
2017-09-29 15:30:00,95.44,95.56,95.41,95.5,262124,STT
2017-09-29 16:00:00,95.44,95.56,95.32,95.54,0,STT
2017-09-29 17:00:00,95.54,95.54,95.54,95.54,0,STT
2017-10-02 08:00:00,95.68,95.68,95.54,95.54,0,STT
2017-10-02 09:30:00,95.88,96.59,95.35,96.37,200138,STT
2017-10-02 10:30:00,96.36,96.37,96.11,96.17,128962,STT
2017-10-02 11:30:00,96.16,96.74,96.16,96.56,106815,STT
2017-10-02 12:30:00,96.59,96.64,96.38,96.41,84156,STT
2017-10-02 13:30:00,96.42,96.49,96.3,96.39,113780,STT
2017-10-02 14:30:00,96.38,96.42,96.16,96.19,140184,STT
2017-10-02 15:30:00,96.2,96.33,96.11,96.31,287540,STT
2017-10-02 16:00:00,96.3,96.35,96.3,96.35,0,STT
2017-10-03 08:00:00,96.3,96.3,96.3,96.3,0,STT
2017-10-03 09:30:00,96.03,96.49,96.03,96.29,128412,STT
2017-10-03 10:30:00,96.23,96.72,96.23,96.57,100794,STT
2017-10-03 11:30:00,96.66,96.82,96.61,96.74,82070,STT
2017-10-03 12:30:00,96.72,97.05,96.7,96.95,72440,STT
2017-10-03 13:30:00,96.96,97.02,96.76,96.95,96239,STT
2017-10-03 14:30:00,96.95,97.0,96.86,96.92,142066,STT
2017-10-03 15:30:00,96.93,97.0,96.85,97.0,230565,STT
2017-10-03 16:00:00,96.99,96.99,96.83,96.99,0,STT
2017-10-03 17:00:00,96.99,96.99,96.99,96.99,0,STT
2017-10-04 09:30:00,96.9,97.8,96.9,97.8,257125,STT
2017-10-04 10:30:00,97.35,97.84,97.33,97.77,380491,STT
2017-10-04 11:30:00,97.79,98.07,97.69,97.85,228258,STT
2017-10-04 12:30:00,97.83,97.86,97.47,97.47,170070,STT
2017-10-04 13:30:00,97.44,97.45,97.11,97.21,230004,STT
2017-10-04 14:30:00,97.23,97.36,97.22,97.24,200076,STT
2017-10-04 15:30:00,97.24,97.24,97.04,97.12,197840,STT
2017-10-04 16:00:00,97.24,97.49,97.04,97.37,0,STT
2017-10-05 09:30:00,97.45,97.79,97.15,97.76,169299,STT
2017-10-05 10:30:00,97.6,98.54,97.53,98.45,408339,STT
2017-10-05 11:30:00,98.48,99.13,98.48,99.05,333056,STT
2017-10-05 12:30:00,98.97,99.09,98.88,98.94,192230,STT
2017-10-05 13:30:00,98.94,99.08,98.84,99.04,265254,STT
2017-10-05 14:30:00,99.02,99.07,98.96,99.01,386044,STT
2017-10-05 15:30:00,99.01,99.04,98.9,98.96,346528,STT
2017-10-05 16:00:00,99.01,99.04,98.76,98.95,0,STT
2017-10-06 09:30:00,99.01,99.95,98.94,99.42,313050,STT
2017-10-06 10:30:00,99.66,99.66,98.76,99.06,345986,STT
2017-10-06 11:30:00,99.08,99.08,98.39,98.5,422592,STT
2017-10-06 12:30:00,98.46,98.79,98.33,98.61,437596,STT
2017-10-06 13:30:00,98.62,98.8,98.5,98.66,259890,STT
2017-10-06 14:30:00,98.67,98.9,98.63,98.78,295554,STT
2017-10-06 15:30:00,98.77,98.86,98.67,98.79,250523,STT
2017-10-06 16:00:00,98.77,98.88,98.67,98.8,0,STT
2017-10-09 09:30:00,98.81,98.81,98.28,98.56,114436,STT
2017-10-09 10:30:00,98.39,98.63,98.07,98.13,261558,STT
2017-10-09 11:30:00,98.14,98.14,97.99,98.06,258878,STT
2017-10-09 12:30:00,98.04,98.1,97.88,98.03,202708,STT
2017-10-09 13:30:00,98.01,98.04,97.94,97.98,121668,STT
2017-10-09 14:30:00,97.96,98.0,97.86,98.0,167192,STT
2017-10-09 15:30:00,97.96,98.13,97.92,98.12,166601,STT
2017-10-09 16:00:00,97.96,98.13,97.92,98.09,312810,STT
2017-10-10 09:30:00,98.2,98.51,98.16,98.34,224622,STT
2017-10-10 10:30:00,98.28,98.53,98.17,98.45,350066,STT
2017-10-10 11:30:00,98.46,98.61,98.44,98.54,232392,STT
2017-10-10 12:30:00,98.51,98.82,98.49,98.81,199864,STT
2017-10-10 13:30:00,98.81,99.2,98.75,99.07,351542,STT
2017-10-10 14:30:00,99.1,99.11,98.99,99.0,419402,STT
2017-10-10 15:30:00,99.02,99.17,99.0,99.16,308609,STT
2017-10-10 16:00:00,99.02,99.17,98.83,99.17,0,STT
2017-10-11 09:30:00,99.2,99.2,98.4,98.75,135250,STT
2017-10-11 10:30:00,98.7,99.18,98.46,99.18,393482,STT
2017-10-11 11:30:00,99.21,99.37,99.0,99.3,237890,STT
2017-10-11 12:30:00,99.29,99.37,99.02,99.11,222564,STT
2017-10-11 13:30:00,99.11,99.22,99.01,99.15,382106,STT
2017-10-11 14:30:00,99.16,99.4,99.1,99.28,476458,STT
2017-10-11 15:30:00,99.27,99.35,99.2,99.3,353499,STT
2017-10-11 16:00:00,99.27,99.35,99.16,99.29,0,STT
2017-10-12 09:30:00,99.46,99.89,99.04,99.07,153880,STT
2017-10-12 10:30:00,99.2,99.35,98.83,99.1,275553,STT
2017-10-12 11:30:00,99.12,99.12,98.98,99.02,209106,STT
2017-10-12 12:30:00,99.03,99.07,98.9,99.03,186710,STT
2017-10-12 13:30:00,98.98,99.16,98.91,99.05,236568,STT
2017-10-12 14:30:00,99.04,99.06,98.61,98.74,449536,STT
2017-10-12 15:30:00,98.72,98.74,98.61,98.62,657832,STT
2017-10-12 16:00:00,98.63,98.63,98.63,98.63,0,STT
2017-10-13 09:30:00,98.04,99.67,98.04,99.61,322727,STT
2017-10-13 10:30:00,98.93,99.93,98.93,99.73,462721,STT
2017-10-13 11:30:00,99.74,99.89,99.67,99.68,422266,STT
2017-10-13 12:30:00,99.69,99.83,99.57,99.59,241470,STT
2017-10-13 13:30:00,99.59,99.65,99.31,99.36,262724,STT
2017-10-13 14:30:00,99.34,99.53,99.33,99.49,413230,STT
2017-10-13 15:30:00,99.46,99.46,99.21,99.3,377524,STT
2017-10-13 16:00:00,99.46,99.46,99.21,99.26,0,STT
2017-10-16 09:30:00,99.47,99.65,98.77,98.98,104734,STT
2017-10-16 10:30:00,99.35,99.4,98.46,98.63,298282,STT
2017-10-16 11:30:00,98.67,98.83,98.55,98.62,217764,STT
2017-10-16 12:30:00,98.62,98.71,98.51,98.68,127694,STT
2017-10-16 13:30:00,98.7,98.71,98.43,98.47,237764,STT
2017-10-16 14:30:00,98.48,98.52,98.37,98.42,287880,STT
2017-10-16 15:30:00,98.42,98.62,98.42,98.57,251391,STT
2017-10-16 16:00:00,98.42,98.62,98.42,98.54,0,STT
2017-10-17 09:30:00,98.55,98.55,97.71,97.89,270311,STT
2017-10-17 10:30:00,97.81,98.03,97.81,97.97,349931,STT
2017-10-17 11:30:00,97.95,98.0,97.83,98.0,134906,STT
2017-10-17 12:30:00,97.98,97.99,97.72,97.72,114158,STT
2017-10-17 13:30:00,97.72,97.72,97.37,97.38,183302,STT
2017-10-17 14:30:00,97.35,97.37,97.09,97.09,393592,STT
2017-10-17 15:30:00,97.08,97.2,97.07,97.14,460932,STT
2017-10-17 16:00:00,97.08,97.44,97.07,97.15,0,STT
2017-10-18 09:00:00,97.51,97.51,97.51,97.51,0,STT
2017-10-18 09:30:00,97.71,98.44,97.38,98.36,264204,STT
2017-10-18 10:30:00,98.35,98.7,98.28,98.59,126784,STT
2017-10-18 11:30:00,98.65,98.81,98.53,98.71,83174,STT
2017-10-18 12:30:00,98.71,98.73,97.83,98.24,143681,STT
2017-10-18 13:30:00,98.23,98.46,98.22,98.4,103896,STT
2017-10-18 14:30:00,98.4,98.42,98.26,98.3,164487,STT
2017-10-18 15:30:00,98.3,98.56,98.3,98.35,292959,STT
2017-10-18 16:00:00,98.35,98.39,98.3,98.3,0,STT
2017-10-19 09:30:00,97.8,97.8,96.86,97.18,369396,STT
2017-10-19 10:30:00,97.37,97.38,96.86,97.13,433828,STT
2017-10-19 11:30:00,97.16,97.22,96.97,97.07,220796,STT
2017-10-19 12:30:00,97.04,97.21,96.95,97.01,377822,STT
2017-10-19 13:30:00,97.04,97.54,96.96,97.34,796100,STT
2017-10-19 14:30:00,97.37,97.39,97.19,97.25,1002312,STT
2017-10-19 15:30:00,97.25,97.52,97.25,97.49,539028,STT
2017-10-19 16:00:00,97.25,97.52,97.08,97.48,0,STT
2017-10-20 08:00:00,98.45,98.45,98.45,98.45,0,STT
2017-10-20 09:30:00,98.7,98.8,98.06,98.46,217611,STT
2017-10-20 10:30:00,98.44,98.73,98.26,98.56,299806,STT
2017-10-20 11:30:00,98.57,99.18,98.57,99.18,213379,STT
2017-10-20 12:30:00,99.16,99.21,98.91,99.06,255258,STT
2017-10-20 13:30:00,99.08,99.11,98.64,98.68,183142,STT
2017-10-20 14:30:00,98.7,99.18,98.64,99.14,301405,STT
2017-10-20 15:30:00,99.15,99.15,98.83,99.1,539948,STT
2017-10-20 16:00:00,99.12,99.25,98.88,99.12,0,STT
2017-10-20 17:00:00,99.12,99.12,99.12,99.12,0,STT
2017-10-20 19:00:00,99.3,99.5,99.3,99.5,0,STT
2017-10-23 07:00:00,99.0,99.0,99.0,99.0,0,STT
2017-10-23 08:00:00,98.0,98.0,97.0,97.0,0,STT
2017-10-23 09:00:00,97.0,97.0,96.0,96.0,0,STT
2017-10-23 09:30:00,97.37,97.37,94.23,95.84,771080,STT
2017-10-23 10:30:00,95.96,96.17,95.55,95.76,251122,STT
2017-10-23 11:30:00,95.79,96.32,95.52,96.26,180254,STT
2017-10-23 12:30:00,96.27,96.55,95.79,96.49,135260,STT
2017-10-23 13:30:00,96.53,96.83,96.37,96.74,215312,STT
2017-10-23 14:30:00,96.82,96.83,96.08,96.27,218580,STT
2017-10-23 15:30:00,96.21,96.25,95.99,96.16,380163,STT
2017-10-23 16:00:00,96.17,96.17,96.02,96.17,0,STT
2017-10-23 17:00:00,96.17,96.17,96.17,96.17,0,STT
2017-10-24 09:30:00,96.65,97.36,96.38,97.2,437967,STT
2017-10-24 10:30:00,96.93,97.4,96.91,97.27,325527,STT
2017-10-24 11:30:00,97.28,97.36,96.99,96.99,287176,STT
2017-10-24 12:30:00,96.99,96.99,96.81,96.81,277902,STT
2017-10-24 13:30:00,96.81,97.0,96.78,96.99,287162,STT
2017-10-24 14:30:00,97.0,97.0,96.57,96.58,465420,STT
2017-10-24 15:30:00,96.57,96.62,96.32,96.4,453340,STT
2017-10-24 16:00:00,96.57,96.75,96.32,96.75,0,STT
2017-10-24 17:00:00,96.75,96.75,96.43,96.43,0,STT
2017-10-24 18:00:00,96.75,96.75,96.43,96.43,0,STT
2017-10-25 09:00:00,96.66,96.66,96.66,96.66,0,STT
2017-10-25 09:30:00,96.71,96.71,93.85,93.92,556698,STT
2017-10-25 10:30:00,93.94,94.08,93.23,93.6,476856,STT
2017-10-25 11:30:00,93.6,94.12,93.17,93.2,320027,STT
2017-10-25 12:30:00,93.16,93.91,93.16,93.7,324175,STT
2017-10-25 13:30:00,93.7,93.87,93.48,93.87,358347,STT
2017-10-25 14:30:00,93.84,94.25,93.79,94.17,322749,STT
2017-10-25 15:30:00,94.16,94.2,93.74,94.07,540217,STT
2017-10-25 16:00:00,94.05,94.05,93.9,94.05,0,STT
2017-10-25 17:00:00,94.05,94.05,94.05,94.05,0,STT
2017-10-26 09:30:00,94.69,95.29,94.69,95.08,528005,STT
2017-10-26 10:30:00,95.15,95.67,94.92,95.56,978659,STT
2017-10-26 11:30:00,95.39,95.57,95.14,95.48,325818,STT
2017-10-26 12:30:00,95.46,95.46,95.13,95.28,327796,STT
2017-10-26 13:30:00,95.24,95.46,94.97,95.01,332316,STT
2017-10-26 14:30:00,95.01,95.14,94.88,95.1,445482,STT
2017-10-26 15:30:00,95.07,95.09,94.73,94.74,456738,STT
2017-10-26 16:00:00,95.07,95.12,94.73,95.09,0,STT
2017-10-26 17:00:00,94.74,94.74,94.74,94.74,0,STT
2017-10-27 09:30:00,94.52,94.8,93.84,93.98,321483,STT
2017-10-27 10:30:00,94.19,94.39,93.84,93.95,366869,STT
2017-10-27 11:30:00,94.0,94.19,93.88,94.03,276254,STT
2017-10-27 12:30:00,94.02,94.11,93.97,93.97,217492,STT
2017-10-27 13:30:00,93.96,94.03,93.86,93.88,243600,STT
2017-10-27 14:30:00,93.89,93.9,93.48,93.63,690550,STT
2017-10-27 15:30:00,93.62,93.64,93.45,93.5,514510,STT
2017-10-27 16:00:00,93.62,93.79,93.45,93.74,0,STT
2017-10-27 17:00:00,93.51,93.51,93.51,93.51,0,STT
2017-10-30 09:30:00,93.15,93.9,93.15,93.87,300636,STT
2017-10-30 10:30:00,93.71,94.06,93.49,93.63,435530,STT
2017-10-30 11:30:00,93.56,93.86,93.36,93.65,455212,STT
2017-10-30 12:30:00,93.65,93.78,93.62,93.7,496612,STT
2017-10-30 13:30:00,93.71,93.72,93.15,93.23,471336,STT
2017-10-30 14:30:00,93.24,93.5,93.2,93.36,435814,STT
2017-10-30 15:30:00,93.33,93.46,93.25,93.29,358518,STT
2017-10-30 16:00:00,93.34,93.46,93.26,93.29,0,STT
2017-10-30 17:00:00,93.29,93.29,93.29,93.29,0,STT
2017-10-31 09:30:00,93.09,93.45,92.62,93.0,258111,STT
2017-10-31 10:30:00,92.91,93.04,92.78,92.87,328132,STT
2017-10-31 11:30:00,92.86,93.0,92.67,92.76,279493,STT
2017-10-31 12:30:00,92.76,92.82,92.13,92.2,312990,STT
2017-10-31 13:30:00,92.19,92.52,92.19,92.51,304996,STT
2017-10-31 14:30:00,92.48,92.51,92.38,92.39,342512,STT
2017-10-31 15:30:00,92.38,92.38,91.97,91.99,424515,STT
2017-10-31 16:00:00,92.38,92.41,91.97,92.4,0,STT
2017-11-01 09:30:00,92.53,92.91,92.35,92.52,392621,STT
2017-11-01 10:30:00,92.51,92.63,92.35,92.38,407468,STT
2017-11-01 11:30:00,92.43,92.5,92.27,92.29,307197,STT
2017-11-01 12:30:00,92.3,92.42,92.18,92.37,264962,STT
2017-11-01 13:30:00,92.37,92.57,92.27,92.5,282764,STT
2017-11-01 14:30:00,92.51,92.6,92.29,92.4,530714,STT
2017-11-01 15:30:00,92.42,92.45,92.19,92.27,325148,STT
2017-11-01 16:00:00,92.42,92.45,92.19,92.25,0,STT
2017-11-02 09:30:00,92.39,93.29,92.02,92.26,403389,STT
2017-11-02 10:30:00,93.13,93.16,92.02,92.72,370166,STT
2017-11-02 11:30:00,92.36,93.4,92.36,93.3,280871,STT
2017-11-02 12:30:00,93.29,93.37,92.93,92.98,211172,STT
2017-11-02 13:30:00,92.96,92.99,92.58,92.67,253968,STT
2017-11-02 14:30:00,92.71,92.74,92.35,92.62,337958,STT
2017-11-02 15:30:00,92.63,92.68,92.43,92.52,304069,STT
2017-11-02 16:00:00,92.63,92.68,92.44,92.5,408917,STT
2017-11-03 09:30:00,92.78,92.78,92.27,92.29,210551,STT
2017-11-03 10:30:00,92.47,92.75,92.27,92.75,207895,STT
2017-11-03 11:30:00,92.45,92.78,92.36,92.47,206308,STT
2017-11-03 12:30:00,92.45,92.72,92.45,92.68,157728,STT
2017-11-03 13:30:00,92.67,92.68,92.16,92.24,241848,STT
2017-11-03 14:30:00,92.27,92.53,92.24,92.39,256498,STT
2017-11-03 15:30:00,92.42,92.56,92.39,92.51,233013,STT
2017-11-03 16:00:00,92.42,92.56,92.4,92.47,0,STT
2017-11-06 09:30:00,92.06,92.5,91.92,92.24,216838,STT
2017-11-06 10:30:00,92.46,92.46,92.02,92.24,373832,STT
2017-11-06 11:30:00,92.2,92.3,92.19,92.25,158562,STT
2017-11-06 12:30:00,92.25,92.34,92.16,92.25,192540,STT
2017-11-06 13:30:00,92.27,92.35,92.16,92.33,191728,STT
2017-11-06 14:30:00,92.33,92.57,92.32,92.55,244954,STT
2017-11-06 15:30:00,92.56,92.63,92.27,92.27,257693,STT
2017-11-06 16:00:00,92.56,92.63,92.27,92.32,0,STT
2017-11-07 05:00:00,92.35,92.35,92.35,92.35,0,STT
2017-11-07 09:30:00,92.72,92.87,92.55,92.57,114847,STT
2017-11-07 10:30:00,92.6,92.6,92.07,92.09,63373,STT
2017-11-07 11:30:00,92.12,92.12,90.81,90.96,123039,STT
2017-11-07 12:30:00,91.03,91.04,90.78,91.02,102325,STT
2017-11-07 13:30:00,91.05,91.09,90.64,90.64,128026,STT
2017-11-07 14:30:00,90.63,90.72,90.37,90.46,210761,STT
2017-11-07 15:30:00,90.51,90.54,90.25,90.28,430283,STT
2017-11-07 16:00:00,90.28,90.68,90.28,90.62,0,STT
2017-11-08 09:30:00,90.01,90.5,89.7,90.44,260703,STT
2017-11-08 10:30:00,90.15,91.03,90.15,90.98,464215,STT
2017-11-08 11:30:00,90.97,91.27,90.75,91.17,255214,STT
2017-11-08 12:30:00,91.16,91.16,90.96,91.11,162360,STT
2017-11-08 13:30:00,91.15,91.37,91.12,91.19,302022,STT
2017-11-08 14:30:00,91.19,91.19,90.91,91.11,410514,STT
2017-11-08 15:30:00,91.13,91.37,91.05,91.14,402011,STT
2017-11-08 16:00:00,91.13,91.37,90.56,91.13,0,STT
2017-11-09 09:30:00,90.48,91.1,90.17,91.09,242960,STT
2017-11-09 10:30:00,90.52,91.46,90.45,91.11,504890,STT
2017-11-09 11:30:00,91.09,91.13,90.21,90.21,408610,STT
2017-11-09 12:30:00,90.23,90.46,90.13,90.46,529192,STT
2017-11-09 13:30:00,90.44,90.63,90.33,90.43,286494,STT
2017-11-09 14:30:00,90.51,90.65,90.43,90.64,303006,STT
2017-11-09 15:30:00,90.66,90.83,90.63,90.76,224136,STT
2017-11-09 16:00:00,90.66,90.83,90.61,90.61,0,STT
2017-11-10 09:30:00,91.06,91.06,90.18,90.21,214308,STT
2017-11-10 10:30:00,90.56,90.74,89.97,90.72,392818,STT
2017-11-10 11:30:00,90.75,90.86,90.6,90.6,121222,STT
2017-11-10 12:30:00,90.62,90.82,90.54,90.76,97552,STT
2017-11-10 13:30:00,90.79,90.85,90.64,90.76,157350,STT
2017-11-10 14:30:00,90.75,90.76,90.64,90.68,162738,STT
2017-11-10 15:30:00,90.68,90.76,90.64,90.67,177459,STT
2017-11-10 16:00:00,90.68,90.76,90.5,90.56,0,STT
2017-11-13 09:30:00,90.09,90.33,89.83,90.12,264850,STT
2017-11-13 10:30:00,90.15,90.8,89.98,90.68,443100,STT
2017-11-13 11:30:00,90.67,90.98,90.67,90.9,263340,STT
2017-11-13 12:30:00,90.88,91.05,90.88,91.01,277982,STT
2017-11-13 13:30:00,91.01,91.13,90.75,90.85,225228,STT
2017-11-13 14:30:00,90.77,91.09,90.74,91.01,366182,STT
2017-11-13 15:30:00,90.97,90.97,90.74,90.74,262908,STT
2017-11-13 16:00:00,90.97,90.97,90.72,90.79,0,STT
2017-11-14 09:30:00,90.29,91.22,90.16,90.75,542825,STT
2017-11-14 10:30:00,90.93,91.85,90.39,91.6,688717,STT
2017-11-14 11:30:00,91.62,91.78,91.49,91.68,279982,STT
2017-11-14 12:30:00,91.69,91.7,91.26,91.47,320600,STT
2017-11-14 13:30:00,91.48,91.65,91.25,91.34,333632,STT
2017-11-14 14:30:00,91.37,91.46,91.29,91.31,356054,STT
2017-11-14 15:30:00,91.34,91.42,91.23,91.32,356729,STT
2017-11-14 16:00:00,91.34,91.42,91.23,91.24,0,STT
2017-11-15 09:30:00,90.37,91.29,90.15,91.18,633661,STT
2017-11-15 10:30:00,90.66,92.44,90.66,92.06,573977,STT
2017-11-15 11:30:00,92.11,92.53,91.96,92.51,380770,STT
2017-11-15 12:30:00,92.49,92.93,92.14,92.14,583648,STT
2017-11-15 13:30:00,92.1,92.39,91.93,92.11,250372,STT
2017-11-15 14:30:00,92.07,92.25,91.87,91.92,359850,STT
2017-11-15 15:30:00,91.89,92.25,91.85,91.86,447284,STT
2017-11-15 16:00:00,91.89,92.25,91.85,91.86,0,STT
2017-11-16 06:00:00,92.35,92.35,92.35,92.35,0,STT
2017-11-16 09:00:00,91.79,91.79,91.79,91.79,0,STT
2017-11-16 09:30:00,92.29,92.79,92.11,92.6,294055,STT
2017-11-16 10:30:00,92.6,93.11,92.6,92.75,250264,STT
2017-11-16 11:30:00,92.74,92.87,92.36,92.86,175276,STT
2017-11-16 12:30:00,92.89,92.9,92.67,92.73,92659,STT
2017-11-16 13:30:00,92.73,92.84,92.71,92.74,156448,STT
2017-11-16 14:30:00,92.75,92.77,92.57,92.63,245212,STT
2017-11-16 15:30:00,92.63,92.67,92.41,92.45,285962,STT
2017-11-16 16:00:00,92.4,92.91,92.37,92.37,0,STT
2017-11-17 09:00:00,92.4,92.4,92.4,92.4,0,STT
2017-11-17 09:30:00,91.77,92.78,91.63,92.69,405720,STT
2017-11-17 10:30:00,92.71,92.87,92.61,92.79,148629,STT
2017-11-17 11:30:00,92.77,92.78,92.5,92.64,111672,STT
2017-11-17 12:30:00,92.65,92.67,92.4,92.46,199914,STT
2017-11-17 13:30:00,92.44,92.51,92.36,92.49,167160,STT
2017-11-17 14:30:00,92.51,92.52,92.38,92.41,155828,STT
2017-11-17 15:30:00,92.43,92.45,92.3,92.33,337340,STT
2017-11-17 16:00:00,92.31,92.55,92.31,92.31,0,STT
2017-11-20 09:30:00,92.35,92.83,92.19,92.77,233553,STT
2017-11-20 10:30:00,92.44,93.25,92.34,93.07,379063,STT
2017-11-20 11:30:00,93.06,93.12,92.98,93.0,190374,STT
2017-11-20 12:30:00,92.94,93.01,92.81,93.01,157518,STT
2017-11-20 13:30:00,93.0,93.37,93.0,93.17,200322,STT
2017-11-20 14:30:00,93.2,93.22,92.97,93.08,262632,STT
2017-11-20 15:30:00,93.08,93.12,93.03,93.06,220790,STT
2017-11-20 16:00:00,93.08,93.12,92.34,92.34,0,STT
2017-11-21 09:30:00,93.43,93.81,92.95,93.19,382982,STT
2017-11-21 10:30:00,93.26,93.49,92.76,92.79,489676,STT
2017-11-21 11:30:00,92.7,92.99,92.64,92.98,280660,STT
2017-11-21 12:30:00,92.99,93.17,92.97,93.17,217516,STT
2017-11-21 13:30:00,93.16,93.22,93.01,93.2,224310,STT
2017-11-21 14:30:00,93.21,93.28,93.13,93.22,307866,STT
2017-11-21 15:30:00,93.22,93.23,93.03,93.06,209813,STT
2017-11-21 16:00:00,93.22,93.23,93.03,93.06,0,STT
2017-11-22 09:30:00,93.18,93.55,93.07,93.11,109278,STT
2017-11-22 10:30:00,93.21,93.33,92.88,92.88,201758,STT
2017-11-22 11:30:00,92.86,93.07,92.76,92.76,142368,STT
2017-11-22 12:30:00,92.7,92.82,92.64,92.75,105310,STT
2017-11-22 13:30:00,92.79,92.87,92.67,92.75,228748,STT
2017-11-22 14:30:00,92.73,92.89,92.73,92.83,309066,STT
2017-11-22 15:30:00,92.86,92.94,92.67,92.67,229886,STT
2017-11-22 16:00:00,92.86,92.94,92.67,92.67,0,STT
2017-11-24 09:30:00,92.88,93.1,92.57,92.57,158868,STT
2017-11-24 10:30:00,92.82,92.82,92.21,92.43,252028,STT
2017-11-24 11:30:00,92.4,92.56,92.34,92.5,175216,STT
2017-11-24 13:00:00,92.45,92.53,92.42,92.53,0,STT
2017-11-27 09:30:00,92.5,93.06,91.87,91.88,255081,STT
2017-11-27 10:30:00,92.6,92.64,91.57,91.64,554603,STT
2017-11-27 11:30:00,91.66,91.67,91.42,91.45,339496,STT
2017-11-27 12:30:00,91.47,91.63,91.46,91.54,251536,STT
2017-11-27 13:30:00,91.54,91.55,91.37,91.38,312096,STT
2017-11-27 14:30:00,91.39,91.58,91.37,91.5,522706,STT
2017-11-27 15:30:00,91.5,91.56,91.4,91.49,410709,STT
2017-11-27 16:00:00,91.5,91.63,91.36,91.58,0,STT
2017-11-27 17:00:00,91.36,91.36,91.36,91.36,0,STT
2017-11-28 09:30:00,91.44,91.85,91.27,91.64,642533,STT
2017-11-28 10:30:00,91.77,92.1,91.62,92.1,894165,STT
2017-11-28 11:30:00,92.11,92.79,92.06,92.67,665310,STT
2017-11-28 12:30:00,92.67,93.15,92.54,92.84,738226,STT
2017-11-28 13:30:00,92.8,92.97,92.57,92.84,417762,STT
2017-11-28 14:30:00,92.85,93.23,92.75,92.94,859586,STT
2017-11-28 15:30:00,92.95,93.26,92.82,93.13,385121,STT
2017-11-28 16:00:00,92.95,93.26,91.98,91.98,0,STT
2017-11-28 17:00:00,93.14,93.14,93.14,93.14,0,STT
2017-11-29 09:30:00,93.7,94.68,93.7,94.32,582284,STT
2017-11-29 10:30:00,94.33,95.3,94.13,95.18,946544,STT
2017-11-29 11:30:00,95.17,95.38,94.66,94.67,379470,STT
2017-11-29 12:30:00,94.63,94.94,94.5,94.56,433910,STT
2017-11-29 13:30:00,94.54,94.78,94.21,94.64,428172,STT
2017-11-29 14:30:00,94.71,94.74,94.49,94.58,586756,STT
2017-11-29 15:30:00,94.59,94.69,94.56,94.65,386097,STT
2017-11-29 16:00:00,94.59,94.7,94.56,94.67,0,STT
2017-11-29 17:00:00,94.68,94.68,94.68,94.68,0,STT
2017-11-30 09:30:00,95.03,95.39,94.83,94.91,278821,STT
2017-11-30 10:30:00,94.94,95.79,94.52,95.41,571715,STT
2017-11-30 11:30:00,95.44,95.92,95.42,95.91,368718,STT
2017-11-30 12:30:00,95.83,96.33,95.83,96.04,627190,STT
2017-11-30 13:30:00,96.02,96.04,95.49,95.72,328676,STT
2017-11-30 14:30:00,95.71,95.75,94.98,95.34,812984,STT
2017-11-30 15:30:00,95.36,95.68,95.26,95.32,547515,STT
2017-11-30 16:00:00,95.36,95.68,95.26,95.35,0,STT
2017-11-30 17:00:00,95.35,95.35,95.35,95.35,0,STT
2017-12-01 08:00:00,95.35,95.35,95.35,95.35,0,STT
2017-12-01 09:30:00,95.92,95.92,94.81,95.57,224564,STT
2017-12-01 10:30:00,95.64,95.78,93.58,93.67,216025,STT
2017-12-01 11:30:00,93.64,94.95,93.42,94.59,253695,STT
2017-12-01 12:30:00,94.66,95.1,94.57,94.86,152840,STT
2017-12-01 13:30:00,94.87,95.28,94.8,95.03,80313,STT
2017-12-01 14:30:00,95.03,95.24,94.86,95.22,171433,STT
2017-12-01 15:30:00,95.22,95.51,95.19,95.46,342494,STT
2017-12-01 16:00:00,95.48,95.48,94.94,95.48,0,STT
2017-12-04 09:30:00,96.78,97.67,96.67,97.53,648982,STT
2017-12-04 10:30:00,96.74,97.75,96.67,97.48,1086786,STT
2017-12-04 11:30:00,97.4,97.97,97.25,97.35,498230,STT
2017-12-04 12:30:00,97.32,97.76,97.21,97.62,355576,STT
2017-12-04 13:30:00,97.61,97.91,97.47,97.5,466354,STT
2017-12-04 14:30:00,97.5,97.66,97.17,97.34,634422,STT
2017-12-04 15:30:00,97.33,97.48,97.1,97.1,569454,STT
2017-12-04 16:00:00,97.33,97.48,97.01,97.01,0,STT
2017-12-04 17:00:00,97.01,97.1,97.01,97.1,0,STT
2017-12-04 19:00:00,97.1,97.1,97.1,97.1,0,STT
2017-12-05 09:30:00,97.42,97.57,96.54,97.44,485797,STT
2017-12-05 10:30:00,96.87,97.67,96.87,97.67,656867,STT
2017-12-05 11:30:00,97.66,97.7,97.03,97.31,461478,STT
2017-12-05 12:30:00,97.32,97.58,97.21,97.51,284276,STT
2017-12-05 13:30:00,97.49,97.58,97.34,97.37,497884,STT
2017-12-05 14:30:00,97.33,97.34,96.73,96.89,758800,STT
2017-12-05 15:30:00,96.91,96.96,96.69,96.82,335950,STT
2017-12-05 16:00:00,96.91,97.17,96.69,97.17,0,STT
2017-12-06 09:00:00,96.83,96.83,96.83,96.83,0,STT
2017-12-06 09:30:00,96.5,96.54,95.76,96.03,207026,STT
2017-12-06 10:30:00,96.06,96.63,95.87,96.55,222219,STT
2017-12-06 11:30:00,96.58,96.78,96.54,96.64,106164,STT
2017-12-06 12:30:00,96.61,96.97,96.61,96.82,80699,STT
2017-12-06 13:30:00,96.84,96.99,96.72,96.83,125348,STT
2017-12-06 14:30:00,96.82,97.0,96.63,96.63,126265,STT
2017-12-06 15:30:00,96.61,96.61,96.36,96.52,265264,STT
2017-12-06 16:00:00,96.52,96.52,96.5,96.5,0,STT
2017-12-07 09:30:00,96.28,96.73,95.98,96.65,308602,STT
2017-12-07 10:30:00,96.65,97.14,96.45,97.12,552038,STT
2017-12-07 11:30:00,97.19,97.28,96.95,97.02,370978,STT
2017-12-07 12:30:00,97.0,97.17,96.9,97.02,255906,STT
2017-12-07 13:30:00,97.04,97.08,96.9,96.97,217900,STT
2017-12-07 14:30:00,96.98,97.01,96.81,96.97,244890,STT
2017-12-07 15:30:00,96.97,96.99,96.8,96.94,222124,STT
2017-12-07 16:00:00,96.97,96.99,96.8,96.89,0,STT
2017-12-08 09:30:00,97.2,97.26,96.7,97.2,146556,STT
2017-12-08 10:30:00,97.02,97.2,96.93,96.99,385050,STT
2017-12-08 11:30:00,96.98,97.06,96.82,96.98,159394,STT
2017-12-08 12:30:00,96.92,97.16,96.92,97.14,179868,STT
2017-12-08 13:30:00,97.18,97.28,97.13,97.28,143512,STT
2017-12-08 14:30:00,97.26,97.54,97.2,97.53,201440,STT
2017-12-08 15:30:00,97.54,97.75,97.54,97.69,264635,STT
2017-12-08 16:00:00,97.54,97.75,97.18,97.67,0,STT
2017-12-11 09:30:00,97.75,98.34,97.48,97.75,297494,STT
2017-12-11 10:30:00,98.18,98.34,97.41,97.72,300186,STT
2017-12-11 11:30:00,97.74,97.97,97.67,97.91,170952,STT
2017-12-11 12:30:00,97.9,98.02,97.81,97.85,211176,STT
2017-12-11 13:30:00,97.86,97.86,97.65,97.73,170404,STT
2017-12-11 14:30:00,97.7,97.73,97.37,97.37,228812,STT
2017-12-11 15:30:00,97.35,97.45,97.21,97.41,198897,STT
2017-12-11 16:00:00,97.35,97.66,97.22,97.41,0,STT
2017-12-11 18:00:00,97.41,97.41,97.41,97.41,0,STT
2017-12-12 09:30:00,97.61,97.91,97.55,97.71,180067,STT
2017-12-12 10:30:00,97.55,98.12,97.55,98.12,319801,STT
2017-12-12 11:30:00,98.14,98.5,98.11,98.15,264404,STT
2017-12-12 12:30:00,98.12,98.53,98.1,98.53,169398,STT
2017-12-12 13:30:00,98.51,98.71,98.34,98.58,222900,STT
2017-12-12 14:30:00,98.58,98.65,98.31,98.4,312918,STT
2017-12-12 15:30:00,98.39,98.39,98.11,98.15,251264,STT
2017-12-12 16:00:00,98.39,98.39,98.11,98.35,0,STT
2017-12-13 08:00:00,98.18,98.18,98.18,98.18,0,STT
2017-12-13 09:30:00,98.59,100.5,98.3,100.33,438662,STT
2017-12-13 10:30:00,100.5,100.88,100.25,100.69,341810,STT
2017-12-13 11:30:00,100.68,100.73,100.25,100.27,217387,STT
2017-12-13 12:30:00,100.29,100.36,99.97,100.07,158491,STT
2017-12-13 13:30:00,100.15,100.19,99.6,99.68,236265,STT
2017-12-13 14:30:00,99.67,99.93,99.56,99.59,274175,STT
2017-12-13 15:30:00,99.61,99.69,99.15,99.2,636984,STT
2017-12-13 16:00:00,99.95,100.49,98.18,99.18,0,STT
2017-12-14 09:30:00,99.26,99.49,98.43,98.43,278654,STT
2017-12-14 10:30:00,99.01,99.13,98.19,98.49,488704,STT
2017-12-14 11:30:00,98.5,98.5,98.16,98.24,224928,STT
2017-12-14 12:30:00,98.22,98.35,98.1,98.24,227222,STT
2017-12-14 13:30:00,98.28,98.34,97.74,97.74,421504,STT
2017-12-14 14:30:00,97.74,98.14,97.74,98.11,521016,STT
2017-12-14 15:30:00,98.12,98.21,97.92,97.98,363642,STT
2017-12-14 16:00:00,98.12,98.25,97.92,98.19,0,STT
2017-12-14 17:00:00,97.97,98.19,97.97,97.97,0,STT
2017-12-15 08:00:00,99.18,99.18,99.18,99.18,0,STT
2017-12-15 09:00:00,97.97,99.23,97.97,99.23,0,STT
2017-12-15 09:30:00,98.45,99.26,98.04,99.0,555185,STT
2017-12-15 10:30:00,98.97,98.97,98.49,98.87,121335,STT
2017-12-15 11:30:00,98.92,99.12,98.68,99.12,106391,STT
2017-12-15 12:30:00,99.11,99.18,98.92,99.03,123365,STT
2017-12-15 13:30:00,99.01,99.16,98.83,98.88,166516,STT
2017-12-15 14:30:00,98.88,98.93,98.75,98.75,182544,STT
2017-12-15 15:30:00,98.72,98.86,98.36,98.52,427341,STT
2017-12-15 16:00:00,98.53,99.59,98.52,98.53,0,STT
2017-12-18 09:30:00,99.2,99.44,98.58,98.58,404922,STT
2017-12-18 10:30:00,99.2,99.2,98.25,98.42,622726,STT
2017-12-18 11:30:00,98.39,98.72,98.26,98.71,252008,STT
2017-12-18 12:30:00,98.7,98.82,98.39,98.48,260146,STT
2017-12-18 13:30:00,98.48,98.48,98.28,98.38,255848,STT
2017-12-18 14:30:00,98.39,98.62,98.39,98.49,391976,STT
2017-12-18 15:30:00,98.52,98.56,98.15,98.23,516687,STT
2017-12-18 16:00:00,98.52,98.91,98.15,98.21,0,STT
2017-12-18 17:00:00,98.21,98.21,98.21,98.21,0,STT
2017-12-19 08:00:00,98.21,98.21,98.21,98.21,0,STT
2017-12-19 09:30:00,98.77,99.0,98.03,98.31,194604,STT
2017-12-19 10:30:00,98.35,98.38,97.91,98.05,206768,STT
2017-12-19 11:30:00,98.02,98.1,97.7,97.77,172447,STT
2017-12-19 12:30:00,97.74,98.14,97.66,98.03,184179,STT
2017-12-19 13:30:00,98.07,98.1,97.84,97.99,157009,STT
2017-12-19 14:30:00,98.01,98.14,97.95,98.09,189327,STT
2017-12-19 15:30:00,98.12,98.12,97.83,97.86,404108,STT
2017-12-19 16:00:00,97.71,98.04,97.71,97.87,0,STT
2017-12-19 17:00:00,98.36,98.36,98.36,98.36,0,STT
2017-12-20 09:30:00,98.42,98.58,97.32,97.42,241020,STT
2017-12-20 10:30:00,97.76,97.83,96.96,96.99,309174,STT
2017-12-20 11:30:00,97.08,97.31,97.04,97.14,454148,STT
2017-12-20 12:30:00,97.16,97.3,97.05,97.18,338864,STT
2017-12-20 13:30:00,97.21,97.33,97.0,97.06,316418,STT
2017-12-20 14:30:00,97.05,97.29,97.05,97.24,359988,STT
2017-12-20 15:30:00,97.23,97.3,97.08,97.1,228049,STT
2017-12-20 16:00:00,97.23,97.3,97.08,97.08,0,STT
2017-12-20 17:00:00,97.08,97.08,97.08,97.08,0,STT
2017-12-21 09:30:00,97.87,98.5,97.86,98.5,190652,STT
2017-12-21 10:30:00,98.32,98.9,98.29,98.44,469814,STT
2017-12-21 11:30:00,98.43,98.54,98.23,98.25,206824,STT
2017-12-21 12:30:00,98.24,98.48,98.21,98.46,185320,STT
2017-12-21 13:30:00,98.47,98.57,98.45,98.5,153240,STT
2017-12-21 14:30:00,98.49,98.57,98.42,98.48,276648,STT
2017-12-21 15:30:00,98.5,98.5,98.21,98.32,213907,STT
2017-12-21 16:00:00,98.5,98.5,98.21,98.31,0,STT
2017-12-21 17:00:00,98.32,98.32,97.88,97.88,0,STT
2017-12-22 09:30:00,98.48,98.48,97.77,97.77,108570,STT
2017-12-22 10:30:00,98.13,98.13,97.55,97.6,172074,STT
2017-12-22 11:30:00,97.59,97.82,97.4,97.81,121902,STT
2017-12-22 12:30:00,97.84,98.04,97.79,98.04,148998,STT
2017-12-22 13:30:00,98.05,98.18,97.94,98.11,216810,STT
2017-12-22 14:30:00,98.12,98.14,97.91,97.99,221068,STT
2017-12-22 15:30:00,97.99,98.14,97.87,97.94,180807,STT
2017-12-22 16:00:00,97.99,98.14,97.87,97.93,0,STT
2017-12-26 08:00:00,98.14,98.14,98.14,98.14,0,STT
2017-12-26 09:30:00,97.62,98.19,97.62,97.69,55178,STT
2017-12-26 10:30:00,97.66,97.66,97.21,97.42,47954,STT
2017-12-26 11:30:00,97.35,97.41,97.19,97.28,45556,STT
2017-12-26 12:30:00,97.3,97.3,97.02,97.17,44448,STT
2017-12-26 13:30:00,97.18,97.32,97.18,97.32,46333,STT
2017-12-26 14:30:00,97.34,97.47,97.34,97.42,69630,STT
2017-12-26 15:30:00,97.44,97.54,97.38,97.43,111810,STT
2017-12-26 16:00:00,97.44,97.44,97.21,97.43,0,STT
2017-12-26 18:00:00,97.44,97.44,97.44,97.44,0,STT
2017-12-27 09:30:00,97.68,97.68,97.29,97.58,112465,STT
2017-12-27 10:30:00,97.39,97.83,97.39,97.82,197041,STT
2017-12-27 11:30:00,97.83,97.84,97.56,97.65,96624,STT
2017-12-27 12:30:00,97.66,97.75,97.57,97.6,62666,STT
2017-12-27 13:30:00,97.59,97.75,97.56,97.75,61380,STT
2017-12-27 14:30:00,97.71,97.72,97.6,97.67,94664,STT
2017-12-27 15:30:00,97.68,97.76,97.59,97.73,111663,STT
2017-12-27 16:00:00,97.68,97.76,97.59,97.71,0,STT
2017-12-27 17:00:00,97.71,97.71,97.71,97.71,0,STT
2017-12-28 09:00:00,98.06,98.07,98.06,98.07,0,STT
2017-12-28 09:30:00,97.89,98.43,97.82,98.32,83551,STT
2017-12-28 10:30:00,98.23,98.43,98.15,98.15,45426,STT
2017-12-28 11:30:00,98.15,98.17,98.0,98.0,68881,STT
2017-12-28 12:30:00,97.99,98.12,97.93,97.94,75885,STT
2017-12-28 13:30:00,97.96,98.08,97.94,98.07,41411,STT
2017-12-28 14:30:00,98.06,98.23,98.06,98.21,69391,STT
2017-12-28 15:30:00,98.2,98.28,98.15,98.22,121769,STT
2017-12-28 16:00:00,98.23,98.23,98.15,98.23,0,STT
2017-12-29 09:30:00,98.32,98.32,97.56,97.74,124824,STT
2017-12-29 10:30:00,97.96,97.96,97.52,97.62,177266,STT
2017-12-29 11:30:00,97.66,97.89,97.6,97.6,103254,STT
2017-12-29 12:30:00,97.6,97.79,97.6,97.75,85328,STT
2017-12-29 13:30:00,97.73,97.87,97.68,97.87,106532,STT
2017-12-29 14:30:00,97.87,98.08,97.83,98.07,198164,STT
2017-12-29 15:30:00,98.07,98.08,97.6,97.63,238793,STT
2017-12-29 16:00:00,98.07,98.08,97.6,97.61,0,STT
2018-01-02 09:30:00,98.08,98.09,96.76,97.27,312233,STT
2018-01-02 10:30:00,97.23,97.46,96.88,96.88,346139,STT
2018-01-02 11:30:00,96.88,97.04,96.74,96.92,140666,STT
2018-01-02 12:30:00,96.94,97.05,96.81,97.0,124994,STT
2018-01-02 13:30:00,97.03,97.05,96.68,96.7,259574,STT
2018-01-02 14:30:00,96.68,96.77,96.58,96.72,415330,STT
2018-01-02 15:30:00,96.72,96.76,96.5,96.72,257274,STT
2018-01-02 16:00:00,96.72,96.76,96.5,96.72,0,STT
2018-01-02 17:00:00,96.72,96.72,96.72,96.72,0,STT
2018-01-03 09:30:00,96.84,96.89,96.29,96.89,484283,STT
2018-01-03 10:30:00,96.5,97.04,96.44,96.77,632009,STT
2018-01-03 11:30:00,96.75,97.0,96.75,96.93,137500,STT
2018-01-03 12:30:00,96.94,97.09,96.84,96.86,243304,STT
2018-01-03 13:30:00,96.85,97.21,96.67,97.15,165162,STT
2018-01-03 14:30:00,97.16,97.29,97.11,97.24,183360,STT
2018-01-03 15:30:00,97.24,97.64,97.24,97.42,295449,STT
2018-01-03 16:00:00,97.24,97.64,97.06,97.42,0,STT
2018-01-04 09:30:00,97.89,98.83,97.77,98.83,221496,STT
2018-01-04 10:30:00,98.49,99.0,98.4,98.44,390316,STT
2018-01-04 11:30:00,98.44,98.5,98.29,98.36,165310,STT
2018-01-04 12:30:00,98.36,98.6,98.3,98.6,97308,STT
2018-01-04 13:30:00,98.59,98.88,98.46,98.69,246456,STT
2018-01-04 14:30:00,98.69,98.71,98.48,98.67,282312,STT
2018-01-04 15:30:00,98.64,98.64,98.4,98.46,181441,STT
2018-01-04 16:00:00,98.64,98.64,98.19,98.48,0,STT
2018-01-04 17:00:00,98.48,98.48,98.48,98.48,0,STT
2018-01-05 09:30:00,98.74,98.74,98.09,98.12,107516,STT
2018-01-05 10:30:00,98.3,98.39,98.09,98.27,175456,STT
2018-01-05 11:30:00,98.29,98.29,97.89,97.97,97768,STT
2018-01-05 12:30:00,97.98,97.98,97.73,97.84,123080,STT
2018-01-05 13:30:00,97.83,97.93,97.8,97.93,213878,STT
2018-01-05 14:30:00,97.93,98.37,97.85,98.36,448564,STT
2018-01-05 15:30:00,98.36,98.63,98.34,98.55,281932,STT
2018-01-05 16:00:00,98.36,98.63,98.34,98.57,0,STT
2018-01-08 09:30:00,98.44,99.66,98.22,99.48,430233,STT
2018-01-08 10:30:00,99.44,99.98,99.32,99.98,443255,STT
2018-01-08 11:30:00,99.97,100.05,99.69,99.83,234940,STT
2018-01-08 12:30:00,99.84,99.99,99.61,99.95,202476,STT
2018-01-08 13:30:00,99.94,100.0,99.87,99.97,335662,STT
2018-01-08 14:30:00,99.97,99.99,99.56,99.56,316290,STT
2018-01-08 15:30:00,99.56,99.75,99.43,99.69,293561,STT
2018-01-08 16:00:00,99.56,99.75,98.22,99.65,0,STT
2018-01-08 17:00:00,99.65,99.65,99.65,99.65,0,STT
2018-01-09 09:30:00,100.0,100.88,99.96,100.77,152902,STT
2018-01-09 10:30:00,100.45,101.19,100.36,101.15,405932,STT
2018-01-09 11:30:00,101.14,101.46,101.13,101.28,281172,STT
2018-01-09 12:30:00,101.27,101.55,101.27,101.39,256902,STT
2018-01-09 13:30:00,101.37,101.78,101.29,101.75,368720,STT
2018-01-09 14:30:00,101.74,102.06,101.65,101.66,474476,STT
2018-01-09 15:30:00,101.66,101.72,101.3,101.44,365108,STT
2018-01-09 16:00:00,101.66,101.72,101.3,101.39,0,STT
2018-01-09 17:00:00,101.4,101.4,101.4,101.4,0,STT
2018-01-10 09:30:00,102.03,104.38,102.03,104.15,560012,STT
2018-01-10 10:30:00,103.81,104.62,103.8,104.6,567538,STT
2018-01-10 11:30:00,104.56,104.93,104.36,104.58,290772,STT
2018-01-10 12:30:00,104.62,104.8,104.4,104.73,225714,STT
2018-01-10 13:30:00,104.74,104.86,104.43,104.47,328648,STT
2018-01-10 14:30:00,104.48,104.75,104.29,104.41,577714,STT
2018-01-10 15:30:00,104.38,104.55,104.17,104.26,402863,STT
2018-01-10 16:00:00,104.38,104.55,102.71,102.71,0,STT
2018-01-11 09:30:00,104.5,105.35,104.18,105.25,429624,STT
2018-01-11 10:30:00,105.03,105.35,104.75,104.86,430264,STT
2018-01-11 11:30:00,104.85,105.32,104.77,105.23,382044,STT
2018-01-11 12:30:00,105.2,105.29,104.77,104.82,319592,STT
2018-01-11 13:30:00,104.83,105.27,104.8,105.27,284274,STT
2018-01-11 14:30:00,105.27,105.81,105.26,105.76,373448,STT
2018-01-11 15:30:00,105.72,105.85,105.69,105.79,394488,STT
2018-01-11 16:00:00,105.72,105.85,104.49,105.26,0,STT
2018-01-12 09:00:00,106.03,106.03,106.03,106.03,0,STT
2018-01-12 09:30:00,106.13,106.6,106.13,106.33,225876,STT
2018-01-12 10:30:00,106.36,107.37,106.36,107.34,181518,STT
2018-01-12 11:30:00,107.34,107.57,107.28,107.44,110634,STT
2018-01-12 12:30:00,107.43,107.43,106.99,107.1,92621,STT
2018-01-12 13:30:00,107.08,107.32,106.89,106.95,132102,STT
2018-01-12 14:30:00,107.01,107.1,106.79,106.93,160956,STT
2018-01-12 15:30:00,106.96,107.31,106.96,107.26,320443,STT
2018-01-12 16:00:00,107.24,107.24,107.24,107.24,0,STT
2018-01-16 08:00:00,107.4,107.4,107.4,107.4,0,STT
2018-01-16 09:30:00,108.04,108.43,107.77,108.18,163943,STT
2018-01-16 10:30:00,108.19,108.21,107.25,107.77,320341,STT
2018-01-16 11:30:00,107.78,107.78,106.75,106.75,260314,STT
2018-01-16 12:30:00,106.79,106.91,106.63,106.76,117465,STT
2018-01-16 13:30:00,106.81,106.87,106.08,106.14,170528,STT
2018-01-16 14:30:00,106.1,106.34,105.72,106.26,169513,STT
2018-01-16 15:30:00,106.21,106.26,105.89,106.0,313573,STT
2018-01-16 16:00:00,105.97,106.83,105.97,105.97,0,STT
2018-01-17 09:30:00,106.4,106.57,105.7,105.87,248756,STT
2018-01-17 10:30:00,105.78,106.1,105.74,106.0,684272,STT
2018-01-17 11:30:00,105.97,106.39,105.92,106.24,324972,STT
2018-01-17 12:30:00,106.26,106.36,106.01,106.18,267918,STT
2018-01-17 13:30:00,106.18,106.59,106.15,106.51,372880,STT
2018-01-17 14:30:00,106.53,106.68,106.41,106.46,481614,STT
2018-01-17 15:30:00,106.48,106.5,106.29,106.38,275292,STT
2018-01-17 16:00:00,106.48,106.5,105.97,105.97,0,STT
2018-01-17 17:00:00,106.4,107.0,106.4,107.0,0,STT
2018-01-18 08:00:00,105.0,105.1,105.0,105.1,0,STT
2018-01-18 09:30:00,106.21,106.21,105.13,105.13,608749,STT
2018-01-18 10:30:00,105.14,105.75,105.14,105.41,327305,STT
2018-01-18 11:30:00,105.5,105.55,105.28,105.43,151996,STT
2018-01-18 12:30:00,105.42,105.48,105.31,105.37,159640,STT
2018-01-18 13:30:00,105.39,105.47,105.09,105.34,148588,STT
2018-01-18 14:30:00,105.36,105.41,105.0,105.01,309661,STT
2018-01-18 15:30:00,105.03,105.12,104.89,105.06,481567,STT
2018-01-18 16:00:00,105.38,105.38,105.05,105.05,0,STT
2018-01-18 17:00:00,105.05,105.05,105.05,105.05,0,STT
2018-01-18 18:00:00,105.05,105.05,105.05,105.05,0,STT
2018-01-19 09:30:00,105.56,107.54,105.56,106.82,743666,STT
2018-01-19 10:30:00,107.18,107.18,106.36,106.51,460344,STT
2018-01-19 11:30:00,106.55,106.74,106.46,106.74,259572,STT
2018-01-19 12:30:00,106.7,107.0,106.66,106.96,211192,STT
2018-01-19 13:30:00,106.97,107.31,106.84,107.29,311844,STT
2018-01-19 14:30:00,107.32,107.6,107.23,107.6,463336,STT
2018-01-19 15:30:00,107.63,107.63,107.37,107.61,358416,STT
2018-01-19 16:00:00,107.63,107.63,107.2,107.61,0,STT
2018-01-19 18:00:00,107.61,107.61,107.61,107.61,0,STT
2018-01-22 09:30:00,107.38,108.4,107.22,108.11,454741,STT
2018-01-22 10:30:00,107.57,108.4,107.38,107.41,672181,STT
2018-01-22 11:30:00,107.41,108.04,107.41,108.03,310062,STT
2018-01-22 12:30:00,108.02,108.17,107.86,108.01,231702,STT
2018-01-22 13:30:00,108.0,108.31,107.98,108.24,381658,STT
2018-01-22 14:30:00,108.23,108.51,108.17,108.5,551328,STT
2018-01-22 15:30:00,108.5,109.06,108.47,108.98,557511,STT
2018-01-22 16:00:00,108.5,110.0,108.3,109.42,0,STT
2018-01-22 17:00:00,110.0,110.0,108.99,108.99,0,STT
2018-01-22 18:00:00,110.0,110.0,108.99,109.4,0,STT
2018-01-22 19:00:00,110.0,110.0,110.0,110.0,0,STT
2018-01-23 08:00:00,107.88,109.0,107.88,109.0,0,STT
2018-01-23 09:00:00,108.0,109.5,108.0,109.5,0,STT
2018-01-23 09:30:00,109.0,112.38,109.0,110.87,1292552,STT
2018-01-23 10:30:00,110.52,111.11,109.77,110.81,710252,STT
2018-01-23 11:30:00,110.79,110.8,109.99,110.53,393108,STT
2018-01-23 12:30:00,110.49,111.3,110.49,111.05,362058,STT
2018-01-23 13:30:00,111.06,111.51,111.02,111.36,578496,STT
2018-01-23 14:30:00,111.37,111.56,111.03,111.56,916368,STT
2018-01-23 15:30:00,111.57,112.28,111.57,112.14,653850,STT
2018-01-23 16:00:00,111.58,112.28,111.33,112.18,0,STT
2018-01-23 17:00:00,112.18,112.18,112.18,112.18,0,STT
2018-01-24 09:30:00,112.5,114.26,112.04,113.51,697024,STT
2018-01-24 10:30:00,113.68,114.26,112.88,113.09,761618,STT
2018-01-24 11:30:00,113.13,113.13,112.51,112.81,419344,STT
2018-01-24 12:30:00,112.79,113.07,112.12,112.25,431602,STT
2018-01-24 13:30:00,112.19,113.0,112.19,112.82,301722,STT
2018-01-24 14:30:00,112.76,113.09,112.64,112.78,487100,STT
2018-01-24 15:30:00,112.78,113.01,112.64,112.71,341015,STT
2018-01-24 16:00:00,112.78,113.01,112.64,112.71,675044,STT
2018-01-24 19:00:00,112.68,112.68,112.68,112.68,0,STT
2018-01-25 08:00:00,113.19,113.19,113.19,113.19,0,STT
2018-01-25 09:00:00,113.05,113.05,112.97,112.97,0,STT
2018-01-25 09:30:00,113.05,113.05,110.73,111.42,502058,STT
2018-01-25 10:30:00,110.73,111.68,110.73,110.95,450344,STT
2018-01-25 11:30:00,111.03,111.21,110.73,110.78,260788,STT
2018-01-25 12:30:00,110.83,110.92,110.49,110.49,230314,STT
2018-01-25 13:30:00,110.41,110.99,110.41,110.74,323282,STT
2018-01-25 14:30:00,110.74,110.79,110.08,110.35,469798,STT
2018-01-25 15:30:00,110.35,110.45,110.16,110.34,374797,STT
2018-01-25 16:00:00,110.35,111.03,110.16,110.79,0,STT
2018-01-25 18:00:00,110.33,110.33,110.33,110.33,0,STT
2018-01-26 09:30:00,110.21,110.61,109.35,110.08,436965,STT
2018-01-26 10:30:00,110.12,110.76,110.02,110.42,332497,STT
2018-01-26 11:30:00,110.43,110.44,110.11,110.35,252592,STT
2018-01-26 12:30:00,110.34,110.53,110.24,110.41,266726,STT
2018-01-26 13:30:00,110.37,110.59,110.23,110.3,254824,STT
2018-01-26 14:30:00,110.32,110.64,110.29,110.59,356566,STT
2018-01-26 15:30:00,110.6,110.89,110.53,110.89,286965,STT
2018-01-26 16:00:00,110.6,110.92,110.53,110.92,744938,STT
2018-01-29 09:30:00,111.08,112.04,111.08,111.89,255536,STT
2018-01-29 10:30:00,111.72,112.08,111.44,112.05,598730,STT
2018-01-29 11:30:00,112.03,112.27,111.85,112.21,384650,STT
2018-01-29 12:30:00,112.25,112.51,112.07,112.29,205766,STT
2018-01-29 13:30:00,112.29,112.62,112.23,112.39,373588,STT
2018-01-29 14:30:00,112.4,112.43,111.81,112.05,680802,STT
2018-01-29 15:30:00,112.0,112.05,111.57,111.69,338851,STT
2018-01-29 16:00:00,112.0,112.05,111.57,111.69,0,STT
2018-01-29 17:00:00,111.69,111.69,111.69,111.69,0,STT
2018-01-30 09:30:00,111.61,111.61,109.87,111.02,755401,STT
2018-01-30 10:30:00,110.52,111.18,109.87,110.87,531571,STT
2018-01-30 11:30:00,110.84,111.1,110.41,110.5,236956,STT
2018-01-30 12:30:00,110.45,111.1,110.45,110.88,188666,STT
2018-01-30 13:30:00,110.83,111.13,110.81,110.82,162836,STT
2018-01-30 14:30:00,110.81,110.85,110.28,110.4,378638,STT
2018-01-30 15:30:00,110.44,110.59,110.14,110.14,266070,STT
2018-01-30 16:00:00,110.44,110.64,110.14,110.14,0,STT
2018-01-30 17:00:00,110.14,110.14,110.14,110.14,0,STT
2018-01-31 09:30:00,110.11,110.71,109.92,110.36,224983,STT
2018-01-31 10:30:00,109.92,110.71,109.81,109.82,438621,STT
2018-01-31 11:30:00,109.84,110.16,109.84,110.09,258764,STT
2018-01-31 12:30:00,110.04,110.47,110.04,110.47,327148,STT
2018-01-31 13:30:00,110.47,110.54,110.25,110.3,233358,STT
2018-01-31 14:30:00,110.27,110.33,109.85,110.09,583408,STT
2018-01-31 15:30:00,110.09,110.93,110.07,110.18,616800,STT
2018-01-31 16:00:00,110.09,110.93,110.07,110.17,0,STT
2018-01-31 17:00:00,110.17,110.17,110.17,110.17,0,STT
2018-02-01 08:00:00,110.17,110.17,110.17,110.17,0,STT
2018-02-01 09:30:00,109.82,110.32,109.7,109.7,241410,STT
2018-02-01 10:30:00,109.65,110.61,109.44,110.48,191417,STT
2018-02-01 11:30:00,110.48,110.95,110.33,110.34,169579,STT
2018-02-01 12:30:00,110.41,110.51,110.19,110.42,90377,STT
2018-02-01 13:30:00,110.41,110.43,109.89,110.14,103289,STT
2018-02-01 14:30:00,110.13,110.7,110.08,110.14,138159,STT
2018-02-01 15:30:00,110.09,110.36,109.8,110.36,351208,STT
2018-02-01 16:00:00,110.33,110.33,110.33,110.33,0,STT
2018-02-02 09:30:00,110.26,110.77,109.23,109.23,457822,STT
2018-02-02 10:30:00,110.26,110.27,109.1,109.1,529866,STT
2018-02-02 11:30:00,109.11,109.13,108.47,108.63,802584,STT
2018-02-02 12:30:00,108.62,108.73,108.5,108.6,347202,STT
2018-02-02 13:30:00,108.64,108.64,107.35,107.48,452046,STT
2018-02-02 14:30:00,107.51,108.14,107.5,107.93,771158,STT
2018-02-02 15:30:00,107.91,108.09,107.29,107.44,380936,STT
2018-02-02 16:00:00,107.91,108.38,107.3,107.47,0,STT
2018-02-02 17:00:00,107.47,107.47,107.47,107.47,0,STT
2018-02-02 19:00:00,107.47,107.47,107.47,107.47,0,STT
2018-02-05 09:30:00,106.8,107.61,106.72,107.61,395328,STT
2018-02-05 10:30:00,107.11,107.75,106.87,107.5,370288,STT
2018-02-05 11:30:00,107.48,107.48,106.64,106.97,213882,STT
2018-02-05 12:30:00,107.02,107.23,106.0,106.17,161918,STT
2018-02-05 13:30:00,106.21,106.58,105.74,105.77,393946,STT
2018-02-05 14:30:00,105.78,105.78,102.25,104.39,758910,STT
2018-02-05 15:30:00,104.55,104.55,102.4,102.4,481918,STT
2018-02-05 16:00:00,104.55,104.9,102.33,102.47,0,STT
2018-02-05 17:00:00,102.47,102.47,102.47,102.47,0,STT
2018-02-05 19:00:00,102.47,102.47,102.47,102.47,0,STT
2018-02-06 06:00:00,100.0,100.0,100.0,100.0,0,STT
2018-02-06 07:00:00,100.0,100.0,100.0,100.0,0,STT
2018-02-06 09:30:00,99.89,104.14,99.42,102.23,1147218,STT
2018-02-06 10:30:00,102.35,102.37,101.95,102.05,721342,STT
2018-02-06 11:30:00,102.05,103.04,101.75,103.03,574998,STT
2018-02-06 12:30:00,103.21,103.36,102.14,102.62,407352,STT
2018-02-06 13:30:00,102.56,102.62,101.59,101.87,548602,STT
2018-02-06 14:30:00,101.79,104.42,101.76,103.98,597338,STT
2018-02-06 15:30:00,103.89,104.69,103.59,104.49,438289,STT
2018-02-06 16:00:00,103.89,104.69,103.04,104.5,0,STT
2018-02-06 17:00:00,104.5,104.5,104.5,104.5,0,STT
2018-02-07 09:30:00,103.46,106.05,103.46,105.88,332779,STT
2018-02-07 10:30:00,104.81,106.06,104.81,105.44,633173,STT
2018-02-07 11:30:00,105.36,105.66,105.12,105.29,300566,STT
2018-02-07 12:30:00,105.33,105.35,104.33,104.66,267102,STT
2018-02-07 13:30:00,104.56,104.99,103.91,104.38,652672,STT
2018-02-07 14:30:00,104.39,104.91,103.81,104.75,389344,STT
2018-02-07 15:30:00,104.71,104.82,103.42,103.42,395063,STT
2018-02-07 16:00:00,104.71,104.82,103.42,104.58,0,STT
2018-02-07 17:00:00,103.52,103.52,103.52,103.52,0,STT
2018-02-07 18:00:00,103.52,103.52,103.52,103.52,0,STT
2018-02-08 09:30:00,103.5,103.5,102.32,102.35,265361,STT
2018-02-08 10:30:00,103.08,103.37,100.98,101.14,614381,STT
2018-02-08 11:30:00,101.18,101.65,100.28,100.45,337598,STT
2018-02-08 12:30:00,100.44,100.86,99.75,100.09,402462,STT
2018-02-08 13:30:00,99.99,101.16,99.97,100.53,293934,STT
2018-02-08 14:30:00,100.46,100.65,99.97,100.28,360642,STT
2018-02-08 15:30:00,100.24,100.36,98.49,98.49,501239,STT
2018-02-08 16:00:00,100.24,100.36,98.49,98.54,0,STT
2018-02-09 09:30:00,100.18,100.49,99.38,99.6,371699,STT
2018-02-09 10:30:00,100.1,100.18,98.2,99.01,498565,STT
2018-02-09 11:30:00,98.98,99.47,97.37,97.6,402544,STT
2018-02-09 12:30:00,97.63,98.31,97.13,97.3,316620,STT
2018-02-09 13:30:00,97.24,99.73,96.87,98.93,430958,STT
2018-02-09 14:30:00,98.97,99.26,98.05,98.95,323204,STT
2018-02-09 15:30:00,99.0,100.79,98.93,100.03,296175,STT
2018-02-09 16:00:00,99.0,100.79,98.93,100.01,0,STT
2018-02-09 18:00:00,100.01,100.01,100.01,100.01,0,STT
2018-02-12 08:00:00,100.01,100.01,100.01,100.01,0,STT
2018-02-12 09:30:00,100.77,101.75,100.33,100.56,171423,STT
2018-02-12 10:30:00,100.41,100.94,100.13,100.86,93527,STT
2018-02-12 11:30:00,100.78,101.9,100.54,101.82,101279,STT
2018-02-12 12:30:00,101.8,102.24,101.69,102.17,108178,STT
2018-02-12 13:30:00,102.23,102.82,102.0,102.65,95693,STT
2018-02-12 14:30:00,102.61,102.71,102.07,102.42,326354,STT
2018-02-12 15:30:00,102.46,102.53,101.45,101.8,243558,STT
2018-02-12 16:00:00,101.78,102.21,101.78,101.78,0,STT
2018-02-12 17:00:00,101.78,101.78,101.78,101.78,0,STT
2018-02-12 18:00:00,101.78,101.78,101.78,101.78,0,STT
2018-02-13 09:30:00,101.07,101.87,100.73,100.91,228946,STT
2018-02-13 10:30:00,101.01,101.1,100.39,100.89,236176,STT
2018-02-13 11:30:00,100.81,101.19,100.7,100.99,134308,STT
2018-02-13 12:30:00,100.99,101.55,100.92,101.46,166448,STT
2018-02-13 13:30:00,101.43,101.71,101.38,101.66,191618,STT
2018-02-13 14:30:00,101.65,101.72,101.34,101.55,204412,STT
2018-02-13 15:30:00,101.49,101.51,101.17,101.29,226284,STT
2018-02-13 16:00:00,101.49,101.51,101.17,101.27,0,STT
2018-02-13 17:00:00,101.27,101.27,101.27,101.27,0,STT
2018-02-14 09:30:00,100.82,101.99,100.71,101.91,306250,STT
2018-02-14 10:30:00,101.08,102.63,101.06,102.58,381874,STT
2018-02-14 11:30:00,102.63,102.65,102.18,102.49,256002,STT
2018-02-14 12:30:00,102.44,103.36,102.33,103.26,233058,STT
2018-02-14 13:30:00,103.27,103.81,103.18,103.18,280762,STT
2018-02-14 14:30:00,103.18,104.04,103.18,103.83,212684,STT
2018-02-14 15:30:00,103.78,104.07,103.64,103.95,252767,STT
2018-02-14 16:00:00,103.78,104.07,103.04,103.94,0,STT
2018-02-14 17:00:00,103.94,103.94,103.94,103.94,0,STT
2018-02-14 18:00:00,103.94,103.94,103.94,103.94,0,STT
2018-02-15 09:30:00,104.5,105.18,103.7,103.98,282621,STT
2018-02-15 10:30:00,104.5,104.58,103.1,103.92,283065,STT
2018-02-15 11:30:00,103.89,103.89,103.5,103.56,171632,STT
2018-02-15 12:30:00,103.6,103.71,103.29,103.34,400438,STT
2018-02-15 13:30:00,103.31,103.7,103.05,103.7,360914,STT
2018-02-15 14:30:00,103.7,103.9,103.37,103.68,318208,STT
2018-02-15 15:30:00,103.6,103.95,103.34,103.95,268923,STT
2018-02-15 16:00:00,103.6,104.11,103.34,103.96,0,STT
2018-02-16 09:00:00,103.4,103.4,103.0,103.18,0,STT
2018-02-16 09:30:00,103.08,105.08,102.17,104.57,538989,STT
2018-02-16 10:30:00,104.63,104.69,103.86,104.53,165243,STT
2018-02-16 11:30:00,104.47,104.92,104.45,104.86,79332,STT
2018-02-16 12:30:00,104.88,105.35,104.43,104.46,111934,STT
2018-02-16 13:30:00,104.31,104.72,103.97,104.16,162657,STT
2018-02-16 14:30:00,104.16,104.83,104.04,104.76,213964,STT
2018-02-16 15:30:00,104.79,105.0,104.53,104.55,408996,STT
2018-02-16 16:00:00,104.55,104.55,104.42,104.55,0,STT
2018-02-16 17:00:00,104.55,104.55,104.55,104.55,0,STT
2018-02-20 09:30:00,103.99,105.16,103.99,103.99,301642,STT
2018-02-20 10:30:00,104.33,104.49,103.61,104.4,318976,STT
2018-02-20 11:30:00,104.46,104.59,104.24,104.36,181760,STT
2018-02-20 12:30:00,104.47,104.51,103.92,103.99,162110,STT
2018-02-20 13:30:00,104.04,104.24,103.77,103.98,161782,STT
2018-02-20 14:30:00,103.97,104.08,103.34,103.49,304218,STT
2018-02-20 15:30:00,103.51,103.93,103.47,103.79,246121,STT
2018-02-20 16:00:00,103.51,103.93,103.47,103.79,0,STT
2018-02-21 09:30:00,103.94,104.87,103.93,104.61,145909,STT
2018-02-21 10:30:00,104.47,105.21,104.18,104.83,237691,STT
2018-02-21 11:30:00,104.82,105.02,104.64,104.69,106926,STT
2018-02-21 12:30:00,104.68,105.3,104.63,105.29,102654,STT
2018-02-21 13:30:00,105.33,105.82,104.97,105.7,265834,STT
2018-02-21 14:30:00,105.8,105.8,104.37,104.7,338032,STT
2018-02-21 15:30:00,104.69,104.89,103.93,103.98,257908,STT
2018-02-21 16:00:00,104.69,104.89,103.93,103.96,0,STT
2018-02-21 18:00:00,103.96,103.96,103.96,103.96,0,STT
2018-02-21 19:00:00,103.96,103.96,103.96,103.96,0,STT
2018-02-22 09:30:00,104.61,105.15,104.0,104.25,148867,STT
2018-02-22 10:30:00,104.55,104.58,103.79,104.44,241779,STT
2018-02-22 11:30:00,104.35,104.57,104.2,104.37,227752,STT
2018-02-22 12:30:00,104.39,104.4,103.98,104.26,156848,STT
2018-02-22 13:30:00,104.3,104.3,103.78,104.07,348982,STT
2018-02-22 14:30:00,104.09,104.18,102.85,103.07,534074,STT
2018-02-22 15:30:00,103.05,103.05,102.49,102.73,342934,STT
2018-02-22 16:00:00,103.05,104.31,102.49,104.31,0,STT
2018-02-22 17:00:00,102.72,102.72,102.72,102.72,0,STT
2018-02-23 09:30:00,103.44,103.73,103.14,103.18,129673,STT
2018-02-23 10:30:00,103.53,103.62,103.14,103.62,291139,STT
2018-02-23 11:30:00,103.66,103.89,103.5,103.5,202758,STT
2018-02-23 12:30:00,103.5,103.57,103.18,103.31,129832,STT
2018-02-23 13:30:00,103.25,103.58,103.23,103.58,141418,STT
2018-02-23 14:30:00,103.6,104.28,103.47,104.23,202390,STT
2018-02-23 15:30:00,104.24,104.57,104.03,104.52,181289,STT
2018-02-23 16:00:00,104.24,104.57,103.87,104.5,0,STT
2018-02-23 17:00:00,104.5,104.5,104.5,104.5,0,STT
2018-02-23 18:00:00,104.5,104.5,104.5,104.5,0,STT
2018-02-26 09:30:00,105.17,105.85,104.65,105.16,276738,STT
2018-02-26 10:30:00,105.4,105.84,105.03,105.8,401370,STT
2018-02-26 11:30:00,105.71,106.22,105.5,106.07,192072,STT
2018-02-26 12:30:00,106.13,106.61,105.95,106.61,207658,STT
2018-02-26 13:30:00,106.62,106.7,106.39,106.57,275636,STT
2018-02-26 14:30:00,106.52,106.72,106.26,106.66,293312,STT
2018-02-26 15:30:00,106.59,106.84,106.46,106.83,280832,STT
2018-02-26 16:00:00,106.59,106.84,106.46,106.82,0,STT
2018-02-26 18:00:00,106.82,106.82,106.82,106.82,0,STT
2018-02-27 09:30:00,107.14,108.69,107.14,108.48,815157,STT
2018-02-27 10:30:00,108.05,108.76,107.86,108.33,1508851,STT
2018-02-27 11:30:00,108.29,108.59,107.86,107.92,397970,STT
2018-02-27 12:30:00,107.98,108.54,107.98,108.29,276992,STT
2018-02-27 13:30:00,108.28,108.46,108.1,108.26,466540,STT
2018-02-27 14:30:00,108.2,108.46,107.75,107.92,1010122,STT
2018-02-27 15:30:00,107.92,108.04,107.2,107.2,591081,STT
2018-02-27 16:00:00,107.92,108.04,107.17,107.17,1046189,STT
2018-02-27 17:00:00,107.17,107.17,107.17,107.17,0,STT
2018-02-27 18:00:00,107.17,107.17,107.17,107.17,0,STT
2018-02-28 09:30:00,107.5,108.87,107.45,108.68,652490,STT
2018-02-28 10:30:00,108.09,108.97,107.95,108.42,1486612,STT
2018-02-28 11:30:00,108.35,108.35,107.69,107.74,311806,STT
2018-02-28 12:30:00,107.7,108.12,107.66,107.97,234758,STT
2018-02-28 13:30:00,107.96,108.28,107.81,108.22,305178,STT
2018-02-28 14:30:00,108.14,108.14,107.15,107.38,832914,STT
2018-02-28 15:30:00,107.38,107.38,106.12,106.13,645230,STT
2018-02-28 16:00:00,107.38,107.91,106.12,107.53,0,STT
2018-02-28 18:00:00,106.15,106.15,106.15,106.15,0,STT
2018-03-01 09:30:00,106.21,106.75,105.53,106.27,792166,STT
2018-03-01 10:30:00,105.77,106.88,105.53,106.23,491932,STT
2018-03-01 11:30:00,106.23,106.27,105.74,105.8,460608,STT
2018-03-01 12:30:00,105.85,106.19,105.09,105.63,546598,STT
2018-03-01 13:30:00,105.58,105.64,104.14,104.56,508894,STT
2018-03-01 14:30:00,104.65,105.12,103.97,104.84,638880,STT
2018-03-01 15:30:00,104.98,104.98,104.22,104.52,404588,STT
2018-03-01 16:00:00,104.98,105.66,104.22,104.58,0,STT
2018-03-01 17:00:00,104.58,104.58,104.58,104.58,0,STT
2018-03-01 19:00:00,104.79,104.79,104.79,104.79,0,STT
2018-03-02 09:30:00,104.01,104.01,101.68,101.79,1031161,STT
2018-03-02 10:30:00,102.09,102.74,101.68,102.62,996701,STT
2018-03-02 11:30:00,102.67,103.48,102.42,103.48,423450,STT
2018-03-02 12:30:00,103.67,104.06,103.35,103.4,235922,STT
2018-03-02 13:30:00,103.38,103.64,103.04,103.27,292690,STT
2018-03-02 14:30:00,103.26,103.7,103.06,103.68,415392,STT
2018-03-02 15:30:00,103.7,104.48,103.67,104.3,422688,STT
2018-03-02 16:00:00,103.7,104.48,102.7,103.31,0,STT
2018-03-02 17:00:00,103.19,104.28,103.19,104.28,0,STT
2018-03-05 09:30:00,103.55,104.63,103.5,104.42,382455,STT
2018-03-05 10:30:00,103.95,106.18,103.56,105.99,589763,STT
2018-03-05 11:30:00,106.02,106.55,105.89,106.01,353668,STT
2018-03-05 12:30:00,106.04,106.36,105.89,105.96,319358,STT
2018-03-05 13:30:00,106.02,106.1,105.67,105.88,297446,STT
2018-03-05 14:30:00,105.88,106.32,105.73,106.07,510230,STT
2018-03-05 15:30:00,106.07,106.51,105.71,105.8,491682,STT
2018-03-05 16:00:00,106.07,106.51,105.64,105.85,0,STT
2018-03-05 17:00:00,105.85,105.85,105.85,105.85,0,STT
2018-03-06 09:00:00,106.8,106.8,106.8,106.8,0,STT
2018-03-06 09:30:00,106.23,106.44,105.12,105.46,351542,STT
2018-03-06 10:30:00,105.57,105.82,105.18,105.28,235464,STT
2018-03-06 11:30:00,105.34,105.61,105.13,105.3,115728,STT
2018-03-06 12:30:00,105.34,106.42,105.32,106.07,185344,STT
2018-03-06 13:30:00,106.09,106.14,105.51,105.74,188082,STT
2018-03-06 14:30:00,105.76,105.96,105.57,105.65,196407,STT
2018-03-06 15:30:00,105.63,105.75,105.42,105.46,445227,STT
2018-03-06 16:00:00,105.46,105.66,105.46,105.66,0,STT
2018-03-06 17:00:00,105.46,105.46,105.46,105.46,0,STT
2018-03-07 09:30:00,104.42,105.6,104.42,105.58,228541,STT
2018-03-07 10:30:00,105.47,105.62,105.0,105.05,287449,STT
2018-03-07 11:30:00,105.18,105.49,104.34,104.4,232468,STT
2018-03-07 12:30:00,104.36,104.62,104.14,104.59,154742,STT
2018-03-07 13:30:00,104.68,105.06,104.58,104.92,132476,STT
2018-03-07 14:30:00,104.81,105.23,104.79,105.22,462228,STT
2018-03-07 15:30:00,105.21,105.74,105.2,105.36,282350,STT
2018-03-07 16:00:00,105.21,105.74,105.08,105.2,0,STT
2018-03-08 09:30:00,105.54,105.89,105.14,105.26,236971,STT
2018-03-08 10:30:00,105.47,105.87,104.82,105.74,1272049,STT
2018-03-08 11:30:00,105.66,105.74,105.24,105.52,514996,STT
2018-03-08 12:30:00,105.54,105.66,105.16,105.42,244516,STT
2018-03-08 13:30:00,105.47,105.69,105.45,105.69,215502,STT
2018-03-08 14:30:00,105.68,106.58,105.6,106.41,527206,STT
2018-03-08 15:30:00,106.44,106.44,105.89,106.18,432376,STT
2018-03-08 16:00:00,106.44,106.44,105.5,105.66,0,STT
2018-03-09 09:30:00,106.92,107.86,106.79,107.78,645262,STT
2018-03-09 10:30:00,107.17,109.21,107.12,108.93,1075006,STT
2018-03-09 11:30:00,108.94,109.67,108.82,109.18,481770,STT
2018-03-09 12:30:00,109.14,109.37,108.86,109.17,312156,STT
2018-03-09 13:30:00,109.24,109.94,109.18,109.87,410088,STT
2018-03-09 14:30:00,109.88,110.22,109.79,110.1,589380,STT
2018-03-09 15:30:00,110.15,110.18,109.52,109.82,417234,STT
2018-03-09 16:00:00,110.15,110.18,108.91,109.83,0,STT
2018-03-09 18:00:00,109.83,109.83,109.83,109.83,0,STT
2018-03-12 09:30:00,109.74,110.33,109.54,109.87,334090,STT
2018-03-12 10:30:00,110.03,110.03,108.78,108.86,494596,STT
2018-03-12 11:30:00,108.94,109.3,108.78,109.08,511960,STT
2018-03-12 12:30:00,109.0,109.08,108.61,108.91,220108,STT
2018-03-12 13:30:00,108.9,109.12,108.47,108.61,275346,STT
2018-03-12 14:30:00,108.59,109.08,108.52,109.05,342478,STT
2018-03-12 15:30:00,109.02,109.34,108.83,108.84,303397,STT
2018-03-12 16:00:00,109.02,109.34,108.83,109.08,0,STT
2018-03-12 17:00:00,109.08,109.08,108.83,108.83,0,STT
2018-03-13 09:30:00,109.23,109.6,108.75,109.36,373753,STT
2018-03-13 10:30:00,109.1,109.77,109.01,109.24,868305,STT
2018-03-13 11:30:00,109.68,109.73,108.77,108.95,453126,STT
2018-03-13 12:30:00,109.01,109.22,108.96,109.19,169624,STT
2018-03-13 13:30:00,109.13,109.19,108.64,108.75,213716,STT
2018-03-13 14:30:00,108.73,108.91,107.73,107.8,436354,STT
2018-03-13 15:30:00,107.72,107.9,107.22,107.35,456128,STT
2018-03-13 16:00:00,107.72,109.36,107.22,107.33,0,STT
2018-03-13 17:00:00,107.33,107.33,107.33,107.33,0,STT
2018-03-14 09:30:00,107.53,107.61,106.4,106.74,248416,STT
2018-03-14 10:30:00,107.02,107.19,106.4,106.7,297333,STT
2018-03-14 11:30:00,107.06,107.06,105.9,106.04,282097,STT
2018-03-14 12:30:00,106.14,106.47,105.74,105.85,323560,STT
2018-03-14 13:30:00,105.91,106.57,105.91,106.1,163256,STT
2018-03-14 14:30:00,106.1,106.22,105.52,105.79,312282,STT
2018-03-14 15:30:00,105.79,105.93,105.71,105.78,332175,STT
2018-03-14 16:00:00,105.79,106.27,105.71,105.78,0,STT
2018-03-15 09:30:00,105.92,106.29,105.51,105.95,389425,STT
2018-03-15 10:30:00,105.87,106.8,105.62,106.67,379709,STT
2018-03-15 11:30:00,106.07,106.83,106.07,106.62,436518,STT
2018-03-15 12:30:00,106.61,106.61,106.25,106.46,388346,STT
2018-03-15 13:30:00,106.37,106.38,105.84,106.0,277770,STT
2018-03-15 14:30:00,105.96,106.22,105.77,106.21,202452,STT
2018-03-15 15:30:00,106.2,106.21,105.87,105.87,241264,STT
2018-03-15 16:00:00,106.2,106.21,105.87,105.9,0,STT
2018-03-15 18:00:00,105.9,105.9,105.9,105.9,0,STT
2018-03-16 09:30:00,106.32,106.93,106.13,106.75,910331,STT
2018-03-16 10:30:00,106.45,107.24,106.37,107.24,330191,STT
2018-03-16 11:30:00,106.83,107.51,106.63,107.51,407114,STT
2018-03-16 12:30:00,107.49,107.62,107.08,107.09,476260,STT
2018-03-16 13:30:00,107.07,107.07,106.66,106.94,265842,STT
2018-03-16 14:30:00,106.91,107.31,106.84,107.31,296198,STT
2018-03-16 15:30:00,107.26,107.28,106.87,106.87,339708,STT
2018-03-16 16:00:00,107.26,107.28,105.9,106.87,0,STT
2018-03-16 17:00:00,106.87,106.87,106.87,106.87,0,STT
2018-03-19 09:30:00,106.71,107.08,106.53,106.8,193176,STT
2018-03-19 10:30:00,106.97,107.08,106.04,106.22,168167,STT
2018-03-19 11:30:00,106.15,106.36,105.52,105.68,195185,STT
2018-03-19 12:30:00,105.72,105.82,104.84,104.92,208512,STT
2018-03-19 13:30:00,104.9,105.62,104.88,105.42,222788,STT
2018-03-19 14:30:00,105.4,105.82,104.95,105.63,186436,STT
2018-03-19 15:30:00,105.57,105.99,105.44,105.86,290400,STT
2018-03-19 16:00:00,105.57,105.99,105.44,105.75,0,STT
2018-03-19 17:00:00,105.83,105.83,105.83,105.83,0,STT
2018-03-20 09:30:00,106.19,106.6,105.61,106.1,126207,STT
2018-03-20 10:30:00,105.86,106.53,105.61,106.53,162499,STT
2018-03-20 11:30:00,106.45,106.65,106.28,106.44,234560,STT
2018-03-20 12:30:00,106.39,106.4,106.11,106.13,91930,STT
2018-03-20 13:30:00,106.11,106.22,105.89,106.16,91078,STT
2018-03-20 14:30:00,106.17,106.43,106.13,106.25,187770,STT
2018-03-20 15:30:00,106.23,106.34,106.12,106.12,229805,STT
2018-03-20 16:00:00,106.23,106.34,106.12,106.25,0,STT
2018-03-20 17:00:00,106.15,106.15,106.15,106.15,0,STT
2018-03-21 09:30:00,106.5,106.79,106.24,106.63,331832,STT
2018-03-21 10:30:00,106.49,106.99,106.47,106.8,254300,STT
2018-03-21 11:30:00,106.93,107.53,106.63,107.23,356708,STT
2018-03-21 12:30:00,107.29,107.42,107.08,107.23,291646,STT
2018-03-21 13:30:00,107.26,108.4,107.21,108.19,679384,STT
2018-03-21 14:30:00,108.23,108.27,107.32,107.65,526342,STT
2018-03-21 15:30:00,107.53,107.68,106.76,106.84,277704,STT
2018-03-21 16:00:00,107.53,107.68,106.76,107.34,0,STT
2018-03-21 17:00:00,106.81,106.81,106.81,106.81,0,STT
2018-03-22 09:30:00,105.28,105.47,104.35,104.84,552935,STT
2018-03-22 10:30:00,104.89,105.2,103.31,103.34,509724,STT
2018-03-22 11:30:00,103.8,104.01,102.54,103.61,539527,STT
2018-03-22 12:30:00,103.65,103.99,103.05,103.97,490474,STT
2018-03-22 13:30:00,103.93,104.05,103.15,103.15,293466,STT
2018-03-22 14:30:00,103.12,103.2,102.14,102.4,465166,STT
2018-03-22 15:30:00,102.3,102.33,101.39,101.47,393795,STT
2018-03-22 16:00:00,102.3,103.45,101.39,103.45,0,STT
2018-03-22 17:00:00,101.5,101.5,101.5,101.5,0,STT
2018-03-23 09:30:00,101.85,102.16,101.15,101.34,401530,STT
2018-03-23 10:30:00,101.25,101.55,100.62,100.62,310621,STT
2018-03-23 11:30:00,101.35,101.35,99.59,100.33,553759,STT
2018-03-23 12:30:00,100.35,100.56,99.72,100.51,400324,STT
2018-03-23 13:30:00,100.56,100.89,99.95,100.11,404754,STT
2018-03-23 14:30:00,100.09,100.2,98.41,98.66,812348,STT
2018-03-23 15:30:00,98.56,98.6,97.51,97.72,614644,STT
2018-03-23 16:00:00,98.56,99.82,97.51,97.71,0,STT
2018-03-23 17:00:00,97.71,97.71,97.71,97.71,0,STT
2018-03-26 09:30:00,99.59,101.04,99.56,99.96,538693,STT
2018-03-26 10:30:00,100.72,100.79,99.31,99.69,439509,STT
2018-03-26 11:30:00,99.58,100.47,99.58,100.4,269902,STT
2018-03-26 12:30:00,100.48,100.78,100.04,100.27,169578,STT
2018-03-26 13:30:00,100.31,101.06,99.99,100.89,200270,STT
2018-03-26 14:30:00,100.95,101.68,100.72,101.49,334300,STT
2018-03-26 15:30:00,101.53,101.8,101.37,101.44,321234,STT
2018-03-26 16:00:00,101.53,101.8,100.51,101.45,0,STT
2018-03-26 17:00:00,101.45,101.45,101.45,101.45,0,STT
2018-03-26 18:00:00,101.45,101.45,101.45,101.45,0,STT
2018-03-27 09:30:00,101.61,101.99,101.01,101.3,347983,STT
2018-03-27 10:30:00,101.67,101.85,101.01,101.32,447245,STT
2018-03-27 11:30:00,101.45,101.97,101.35,101.59,349886,STT
2018-03-27 12:30:00,101.6,101.94,101.32,101.5,236850,STT
2018-03-27 13:30:00,101.5,101.64,100.32,100.32,409536,STT
2018-03-27 14:30:00,100.32,100.79,98.9,98.98,529736,STT
2018-03-27 15:30:00,98.97,99.12,98.17,98.99,438109,STT
2018-03-27 16:00:00,98.98,100.65,98.17,98.96,0,STT
2018-03-28 09:30:00,99.21,99.21,97.73,97.91,279172,STT
2018-03-28 10:30:00,98.78,99.05,97.24,98.15,552646,STT
2018-03-28 11:30:00,98.02,99.29,97.91,98.69,274134,STT
2018-03-28 12:30:00,98.75,98.94,97.91,98.53,254024,STT
2018-03-28 13:30:00,98.55,98.89,98.07,98.48,214366,STT
2018-03-28 14:30:00,98.35,98.89,97.72,98.37,310326,STT
2018-03-28 15:30:00,98.42,98.82,98.28,98.29,264355,STT
2018-03-28 16:00:00,98.42,98.82,98.28,98.51,0,STT
2018-03-28 17:00:00,98.28,98.28,98.28,98.28,0,STT
2018-03-29 07:00:00,98.28,98.28,98.28,98.28,0,STT
2018-03-29 09:00:00,98.32,98.43,98.32,98.43,0,STT
2018-03-29 09:30:00,98.7,99.09,98.3,98.86,121924,STT
2018-03-29 10:30:00,98.86,99.93,98.86,99.39,159754,STT
2018-03-29 11:30:00,99.28,99.52,98.92,99.32,112499,STT
2018-03-29 12:30:00,99.31,99.48,99.0,99.33,87134,STT
2018-03-29 13:30:00,99.32,99.83,99.32,99.61,138190,STT
2018-03-29 14:30:00,99.72,100.42,99.65,99.82,251104,STT
2018-03-29 15:30:00,99.82,100.16,99.54,99.69,369734,STT
2018-03-29 16:00:00,99.73,99.73,99.62,99.73,0,STT
2018-04-02 08:00:00,99.73,99.73,99.73,99.73,0,STT
2018-04-02 09:30:00,99.56,99.89,98.85,98.85,193187,STT
2018-04-02 10:30:00,98.73,98.97,98.1,98.37,217266,STT
2018-04-02 11:30:00,98.34,98.34,97.09,97.7,132489,STT
2018-04-02 12:30:00,97.72,97.91,96.8,96.84,111357,STT
2018-04-02 13:30:00,96.83,97.16,96.06,96.3,209527,STT
2018-04-02 14:30:00,96.22,96.82,95.93,96.29,161290,STT
2018-04-02 15:30:00,96.37,97.33,96.19,97.21,320708,STT
2018-04-02 16:00:00,97.22,97.59,97.21,97.21,0,STT
2018-04-03 09:30:00,97.63,98.42,97.57,98.04,262142,STT
2018-04-03 10:30:00,98.1,99.06,97.8,98.67,254890,STT
2018-04-03 11:30:00,98.65,98.71,98.21,98.24,200316,STT
2018-04-03 12:30:00,98.17,98.63,98.03,98.49,149986,STT
2018-04-03 13:30:00,98.53,98.53,97.89,97.9,215578,STT
2018-04-03 14:30:00,97.86,99.47,97.64,99.43,462210,STT
2018-04-03 15:30:00,99.44,99.44,98.76,99.36,375387,STT
2018-04-03 16:00:00,99.44,99.44,98.65,98.71,0,STT
2018-04-03 17:00:00,99.33,99.33,99.33,99.33,0,STT
2018-04-04 09:30:00,97.6,98.73,97.42,98.3,193340,STT
2018-04-04 10:30:00,98.32,99.12,98.01,98.91,249702,STT
2018-04-04 11:30:00,98.86,99.07,98.33,98.76,227676,STT
2018-04-04 12:30:00,98.78,99.12,98.49,98.61,215676,STT
2018-04-04 13:30:00,98.57,99.54,98.54,99.54,302206,STT
2018-04-04 14:30:00,99.5,99.84,99.13,99.72,457686,STT
2018-04-04 15:30:00,99.78,100.24,99.74,99.92,208167,STT
2018-04-04 16:00:00,99.78,100.24,99.17,99.2,0,STT
2018-04-04 19:00:00,100.16,100.16,100.16,100.16,0,STT
2018-04-05 09:30:00,100.68,100.94,100.31,100.5,262639,STT
2018-04-05 10:30:00,100.94,101.07,100.18,100.94,232737,STT
2018-04-05 11:30:00,100.87,101.24,100.77,100.92,114708,STT
2018-04-05 12:30:00,100.86,101.0,100.54,100.58,145604,STT
2018-04-05 13:30:00,100.57,100.71,100.32,100.56,167040,STT
2018-04-05 14:30:00,100.57,101.2,100.56,100.74,228766,STT
2018-04-05 15:30:00,100.75,100.95,100.44,100.59,185402,STT
2018-04-05 16:00:00,100.75,100.95,100.44,100.66,0,STT
2018-04-06 09:30:00,99.07,99.65,99.07,99.36,409151,STT
2018-04-06 10:30:00,99.55,99.6,98.26,98.43,511525,STT
2018-04-06 11:30:00,98.39,98.71,98.23,98.39,214016,STT
2018-04-06 12:30:00,98.31,99.05,98.31,98.58,182250,STT
2018-04-06 13:30:00,98.66,98.77,97.15,97.34,348082,STT
2018-04-06 14:30:00,97.27,97.44,96.59,96.96,332708,STT
2018-04-06 15:30:00,96.9,97.81,96.83,97.5,235877,STT
2018-04-06 16:00:00,96.9,98.14,96.83,97.48,0,STT
2018-04-09 09:30:00,98.01,98.83,97.96,98.75,228189,STT
2018-04-09 10:30:00,98.46,99.64,98.29,99.53,373239,STT
2018-04-09 11:30:00,99.63,99.8,99.35,99.55,190572,STT
2018-04-09 12:30:00,99.53,100.14,99.46,100.14,289958,STT
2018-04-09 13:30:00,100.2,100.54,99.86,99.86,289012,STT
2018-04-09 14:30:00,99.84,99.97,99.22,99.39,300056,STT
2018-04-09 15:30:00,99.4,99.44,98.24,98.3,399279,STT
2018-04-09 16:00:00,99.4,99.44,98.24,98.3,0,STT
2018-04-09 17:00:00,98.3,98.3,98.3,98.3,0,STT
2018-04-10 09:30:00,100.13,100.34,99.71,100.27,443019,STT
2018-04-10 10:30:00,99.99,100.78,99.71,100.52,540431,STT
2018-04-10 11:30:00,100.54,100.89,99.65,99.8,425044,STT
2018-04-10 12:30:00,99.78,100.45,99.77,100.39,211154,STT
2018-04-10 13:30:00,100.23,100.53,99.9,100.2,265622,STT
2018-04-10 14:30:00,100.19,100.37,99.71,100.03,343042,STT
2018-04-10 15:30:00,100.02,100.16,99.8,99.92,235847,STT
2018-04-10 16:00:00,100.02,100.16,99.8,99.91,0,STT
2018-04-11 09:30:00,99.28,99.63,98.57,99.6,351124,STT
2018-04-11 10:30:00,99.54,99.72,98.84,99.16,299084,STT
2018-04-11 11:30:00,99.21,99.74,99.14,99.54,209224,STT
2018-04-11 12:30:00,99.58,99.58,99.1,99.23,154174,STT
2018-04-11 13:30:00,99.28,99.29,98.82,98.93,168700,STT
2018-04-11 14:30:00,98.9,99.17,98.51,98.69,322590,STT
2018-04-11 15:30:00,98.73,98.95,98.5,98.61,283655,STT
2018-04-11 16:00:00,98.73,98.95,98.5,98.63,0,STT
2018-04-12 09:30:00,100.53,101.02,99.76,100.61,363792,STT
2018-04-12 10:30:00,100.85,101.05,100.38,100.96,331900,STT
2018-04-12 11:30:00,100.94,101.12,100.79,101.11,161418,STT
2018-04-12 12:30:00,101.11,101.36,100.64,100.66,240330,STT
2018-04-12 13:30:00,100.62,101.33,100.5,101.33,438798,STT
2018-04-12 14:30:00,101.39,101.67,101.08,101.6,347722,STT
2018-04-12 15:30:00,101.58,101.58,101.07,101.08,313008,STT
2018-04-12 16:00:00,101.58,101.58,100.99,100.99,0,STT
2018-04-13 09:30:00,101.74,101.78,100.1,100.15,254372,STT
2018-04-13 10:30:00,101.0,101.09,99.61,100.07,423182,STT
2018-04-13 11:30:00,100.05,100.47,99.93,100.43,405450,STT
2018-04-13 12:30:00,100.39,100.53,99.91,100.48,128898,STT
2018-04-13 13:30:00,100.54,100.54,100.01,100.12,135150,STT
2018-04-13 14:30:00,100.07,100.23,99.27,99.34,253666,STT
2018-04-13 15:30:00,99.32,99.92,99.28,99.82,264426,STT
2018-04-13 16:00:00,99.32,99.92,99.28,99.8,0,STT
2018-04-13 17:00:00,99.8,99.8,99.8,99.8,0,STT
2018-04-16 09:30:00,100.75,101.0,100.09,100.82,319233,STT
2018-04-16 10:30:00,100.63,101.0,100.39,100.72,371255,STT
2018-04-16 11:30:00,100.69,100.69,100.02,100.34,210524,STT
2018-04-16 12:30:00,100.34,101.06,100.23,100.9,173496,STT
2018-04-16 13:30:00,100.93,101.18,100.72,100.82,238154,STT
2018-04-16 14:30:00,100.79,101.01,100.78,100.97,369622,STT
2018-04-16 15:30:00,100.97,101.05,100.6,100.6,272570,STT
2018-04-16 16:00:00,100.97,101.05,100.6,100.73,0,STT
2018-04-17 09:30:00,101.1,102.49,101.1,101.66,509752,STT
2018-04-17 10:30:00,102.22,102.49,101.41,101.63,473066,STT
2018-04-17 11:30:00,101.57,101.93,101.52,101.91,143894,STT
2018-04-17 12:30:00,101.86,101.86,101.27,101.43,286888,STT
2018-04-17 13:30:00,101.4,101.65,100.84,100.95,255508,STT
2018-04-17 14:30:00,100.91,101.19,100.7,101.04,284548,STT
2018-04-17 15:30:00,101.05,101.34,100.95,100.95,161794,STT
2018-04-17 16:00:00,101.05,101.48,100.94,100.94,0,STT
2018-04-17 17:00:00,100.94,100.94,100.94,100.94,0,STT
2018-04-18 08:00:00,100.94,100.94,100.94,100.94,0,STT
2018-04-18 09:30:00,100.85,101.95,100.85,101.68,129734,STT
2018-04-18 10:30:00,101.69,102.04,101.48,101.91,295061,STT
2018-04-18 11:30:00,101.93,102.0,101.47,101.49,196646,STT
2018-04-18 12:30:00,101.5,101.52,101.21,101.41,135204,STT
2018-04-18 13:30:00,101.41,101.55,101.29,101.55,203378,STT
2018-04-18 14:30:00,101.56,101.59,101.38,101.48,135324,STT
2018-04-18 15:30:00,101.46,101.5,101.4,101.43,262935,STT
2018-04-18 16:00:00,101.42,101.54,101.41,101.54,0,STT
2018-04-18 17:00:00,100.94,101.42,100.94,101.42,0,STT
2018-04-19 08:00:00,102.0,102.0,101.99,102.0,0,STT
2018-04-19 09:00:00,102.0,105.09,102.0,103.0,0,STT
2018-04-19 09:30:00,102.18,103.04,102.18,102.97,278981,STT
2018-04-19 10:30:00,103.11,103.24,102.53,103.1,257706,STT
2018-04-19 11:30:00,103.12,103.49,102.99,103.37,234731,STT
2018-04-19 12:30:00,103.49,103.59,103.0,103.01,193043,STT
2018-04-19 13:30:00,103.04,103.4,102.79,103.06,307456,STT
2018-04-19 14:30:00,102.99,103.67,102.98,103.25,330060,STT
2018-04-19 15:30:00,103.25,104.28,103.21,104.28,758049,STT
2018-04-19 16:00:00,104.18,104.18,104.18,104.18,0,STT
2018-04-19 17:00:00,104.18,104.18,103.9,103.9,0,STT
2018-04-19 18:00:00,103.79,103.79,103.79,103.79,0,STT
2018-04-20 08:00:00,103.7,103.7,103.7,103.7,0,STT
2018-04-20 09:00:00,100.26,101.05,100.26,101.05,0,STT
2018-04-20 09:30:00,101.41,101.92,99.73,100.01,1139982,STT
2018-04-20 10:30:00,100.11,100.75,99.07,99.28,540279,STT
2018-04-20 11:30:00,99.36,100.56,99.36,100.18,379087,STT
2018-04-20 12:30:00,100.04,100.21,99.64,100.09,189847,STT
2018-04-20 13:30:00,100.17,100.53,100.01,100.16,242024,STT
2018-04-20 14:30:00,100.12,100.18,99.03,99.21,383001,STT
2018-04-20 15:30:00,99.22,99.66,99.08,99.66,783942,STT
2018-04-20 16:00:00,99.47,100.03,99.47,99.66,0,STT
2018-04-23 09:30:00,101.21,103.59,101.09,103.16,1572397,STT
2018-04-23 10:30:00,103.39,103.59,102.53,103.36,1074461,STT
2018-04-23 11:30:00,103.51,103.6,102.82,102.82,402596,STT
2018-04-23 12:30:00,102.79,102.88,102.61,102.8,358674,STT
2018-04-23 13:30:00,102.86,103.02,102.11,102.29,618568,STT
2018-04-23 14:30:00,102.15,102.46,102.04,102.28,601726,STT
2018-04-23 15:30:00,102.29,102.45,102.23,102.31,489103,STT
2018-04-23 16:00:00,102.29,102.62,102.23,102.3,0,STT
2018-04-24 09:00:00,102.95,102.95,102.95,102.95,0,STT
2018-04-24 09:30:00,102.9,103.17,102.21,102.79,305143,STT
2018-04-24 10:30:00,102.78,102.93,102.04,102.93,400564,STT
2018-04-24 11:30:00,103.1,103.18,102.16,102.29,229463,STT
2018-04-24 12:30:00,102.32,102.32,100.74,100.88,214558,STT
2018-04-24 13:30:00,100.89,100.98,100.04,100.24,256672,STT
2018-04-24 14:30:00,100.25,101.09,99.98,100.79,273522,STT
2018-04-24 15:30:00,100.74,101.17,100.46,101.06,359827,STT
2018-04-24 16:00:00,101.1,101.57,101.1,101.57,0,STT
2018-04-25 09:30:00,101.01,101.01,99.81,100.46,215373,STT
2018-04-25 10:30:00,100.16,100.99,100.0,100.7,291351,STT
2018-04-25 11:30:00,100.66,100.66,100.11,100.59,288900,STT
2018-04-25 12:30:00,100.61,100.98,100.4,100.53,376198,STT
2018-04-25 13:30:00,100.6,100.93,100.42,100.69,432804,STT
2018-04-25 14:30:00,100.62,101.47,100.62,101.22,332550,STT
2018-04-25 15:30:00,101.18,101.24,100.5,100.89,315930,STT
2018-04-25 16:00:00,101.18,101.24,100.5,100.89,0,STT
2018-04-25 17:00:00,100.89,100.89,100.89,100.89,0,STT
2018-04-26 09:30:00,101.25,101.29,99.97,100.24,252484,STT
2018-04-26 10:30:00,100.59,101.0,99.97,100.42,403906,STT
2018-04-26 11:30:00,100.39,100.87,100.25,100.67,168140,STT
2018-04-26 12:30:00,100.64,101.11,100.6,100.74,174802,STT
2018-04-26 13:30:00,100.79,101.38,100.75,101.27,258096,STT
2018-04-26 14:30:00,101.27,101.34,100.53,100.58,321990,STT
2018-04-26 15:30:00,100.6,100.83,100.47,100.57,281935,STT
2018-04-26 16:00:00,100.6,100.83,100.47,100.59,0,STT
2018-04-26 17:00:00,100.59,100.59,100.59,100.59,0,STT
2018-04-27 09:30:00,100.45,100.76,100.16,100.56,172805,STT
2018-04-27 10:30:00,100.44,100.65,99.95,100.33,386411,STT
2018-04-27 11:30:00,100.27,100.4,100.01,100.34,217408,STT
2018-04-27 12:30:00,100.32,100.72,100.22,100.61,152432,STT
2018-04-27 13:30:00,100.57,100.63,100.2,100.25,242600,STT
2018-04-27 14:30:00,100.26,100.45,100.13,100.2,247602,STT
2018-04-27 15:30:00,100.19,100.41,100.19,100.26,214903,STT
2018-04-27 16:00:00,100.19,100.41,100.19,100.26,0,STT
2018-04-30 09:30:00,100.61,101.45,100.19,100.25,187306,STT
2018-04-30 10:30:00,100.88,101.42,100.19,101.42,443250,STT
2018-04-30 11:30:00,101.36,101.36,100.98,101.14,471782,STT
2018-04-30 12:30:00,101.1,101.14,100.82,101.04,353528,STT
2018-04-30 13:30:00,101.06,101.21,100.81,100.99,346008,STT
2018-04-30 14:30:00,100.92,100.99,100.43,100.45,362190,STT
2018-04-30 15:30:00,100.45,100.51,99.75,99.78,325009,STT
2018-04-30 16:00:00,100.45,100.56,99.75,99.78,0,STT
2018-04-30 18:00:00,99.78,99.78,99.78,99.78,0,STT
2018-05-01 09:30:00,99.63,99.63,98.17,98.47,280679,STT
2018-05-01 10:30:00,98.89,98.89,98.01,98.05,405469,STT
2018-05-01 11:30:00,98.08,98.2,97.52,97.78,171610,STT
2018-05-01 12:30:00,97.85,97.91,97.05,97.22,337166,STT
2018-05-01 13:30:00,97.21,98.23,97.21,98.02,310664,STT
2018-05-01 14:30:00,98.05,98.56,97.75,97.9,415466,STT
2018-05-01 15:30:00,97.87,98.49,97.83,98.39,242448,STT
2018-05-01 16:00:00,97.87,98.49,97.83,98.4,0,STT
2018-05-02 09:30:00,98.01,98.19,97.38,97.42,279641,STT
2018-05-02 10:30:00,97.86,98.22,97.38,98.19,399351,STT
2018-05-02 11:30:00,98.17,98.7,98.06,98.68,219978,STT
2018-05-02 12:30:00,98.66,98.94,98.47,98.78,253228,STT
2018-05-02 13:30:00,98.83,98.83,98.39,98.63,466798,STT
2018-05-02 14:30:00,98.53,98.71,98.01,98.13,331824,STT
2018-05-02 15:30:00,98.12,98.12,97.49,97.71,279879,STT
2018-05-02 16:00:00,98.12,98.13,97.49,98.12,0,STT
2018-05-02 17:00:00,97.74,97.74,97.74,97.74,0,STT
2018-05-03 09:30:00,97.14,97.35,95.91,95.95,156554,STT
2018-05-03 10:30:00,97.25,97.25,95.21,95.49,458394,STT
2018-05-03 11:30:00,95.46,96.15,95.08,95.91,242926,STT
2018-05-03 12:30:00,95.86,97.04,95.86,96.52,230888,STT
2018-05-03 13:30:00,96.57,97.11,96.53,96.96,211208,STT
2018-05-03 14:30:00,97.09,97.45,96.8,97.08,207778,STT
2018-05-03 15:30:00,97.1,97.2,96.1,96.39,455948,STT
2018-05-03 16:00:00,97.1,97.2,96.1,96.4,0,STT
2018-05-04 09:30:00,95.76,96.96,95.52,96.89,173611,STT
2018-05-04 10:30:00,96.42,97.76,96.33,97.69,278625,STT
2018-05-04 11:30:00,97.71,97.9,97.57,97.78,200326,STT
2018-05-04 12:30:00,97.86,98.12,97.81,98.01,206336,STT
2018-05-04 13:30:00,97.96,98.38,97.96,98.37,183432,STT
2018-05-04 14:30:00,98.37,98.37,97.93,98.06,280924,STT
2018-05-04 15:30:00,98.09,98.09,97.56,97.74,273697,STT
2018-05-04 16:00:00,98.09,98.09,97.56,97.75,0,STT
2018-05-07 09:30:00,97.84,98.0,97.5,97.52,255607,STT
2018-05-07 10:30:00,97.88,98.42,97.46,98.26,258503,STT
2018-05-07 11:30:00,98.23,98.39,97.82,98.33,234520,STT
2018-05-07 12:30:00,98.3,98.59,98.29,98.57,135222,STT
2018-05-07 13:30:00,98.56,98.88,98.5,98.88,215702,STT
2018-05-07 14:30:00,98.84,98.91,98.02,98.19,994798,STT
2018-05-07 15:30:00,98.15,98.48,98.07,98.48,300586,STT
2018-05-07 16:00:00,98.15,98.5,98.07,98.5,0,STT
2018-05-07 17:00:00,98.5,98.5,98.5,98.5,0,STT
2018-05-08 09:30:00,98.5,99.42,98.5,98.89,203673,STT
2018-05-08 10:30:00,99.22,99.76,98.87,99.35,296809,STT
2018-05-08 11:30:00,99.17,99.31,99.07,99.2,209244,STT
2018-05-08 12:30:00,99.23,99.33,98.96,99.29,194840,STT
2018-05-08 13:30:00,99.25,99.39,98.96,99.11,200926,STT
2018-05-08 14:30:00,99.05,99.32,98.71,99.31,292544,STT
2018-05-08 15:30:00,99.29,99.38,99.15,99.3,200500,STT
2018-05-08 16:00:00,99.29,99.38,99.1,99.3,0,STT
2018-05-09 09:30:00,99.71,100.21,99.38,99.94,298728,STT
2018-05-09 10:30:00,99.69,100.21,99.53,100.03,667484,STT
2018-05-09 11:30:00,100.07,100.72,100.07,100.66,145852,STT
2018-05-09 12:30:00,100.67,101.3,100.67,101.24,257070,STT
2018-05-09 13:30:00,101.23,101.4,100.98,101.16,149240,STT
2018-05-09 14:30:00,101.21,101.35,101.03,101.09,246938,STT
2018-05-09 15:30:00,101.13,101.14,100.87,101.09,144699,STT
2018-05-09 16:00:00,101.13,101.14,100.52,101.11,0,STT
2018-05-09 17:00:00,101.11,101.12,101.11,101.12,0,STT
2018-05-10 08:00:00,101.2,101.2,101.2,101.2,0,STT
2018-05-10 09:00:00,99.7,99.7,99.59,99.59,0,STT
2018-05-10 09:30:00,100.62,101.36,100.5,101.32,274419,STT
2018-05-10 10:30:00,101.36,101.71,101.3,101.68,101280,STT
2018-05-10 11:30:00,101.64,102.09,101.64,102.05,66889,STT
2018-05-10 12:30:00,101.97,102.2,101.78,101.78,75381,STT
2018-05-10 13:30:00,101.72,101.92,101.56,101.92,61975,STT
2018-05-10 14:30:00,101.97,101.97,101.5,101.76,112762,STT
2018-05-10 15:30:00,101.74,101.82,101.61,101.78,188585,STT
2018-05-10 16:00:00,101.78,101.78,101.46,101.46,0,STT
2018-05-11 09:30:00,101.25,102.33,101.11,102.05,297558,STT
2018-05-11 10:30:00,101.87,102.5,101.87,102.04,279170,STT
2018-05-11 11:30:00,101.96,102.06,101.55,101.68,209792,STT
2018-05-11 12:30:00,101.66,102.1,101.6,101.97,313970,STT
2018-05-11 13:30:00,101.86,101.96,101.6,101.81,197176,STT
2018-05-11 14:30:00,101.83,102.03,101.72,101.9,251754,STT
2018-05-11 15:30:00,101.84,102.02,101.79,102.0,229279,STT
2018-05-11 16:00:00,101.84,102.02,101.79,102.01,0,STT
2018-05-14 08:00:00,102.22,102.22,102.22,102.22,0,STT
2018-05-14 09:30:00,102.39,103.11,102.32,102.67,119207,STT
2018-05-14 10:30:00,102.76,102.88,102.48,102.5,92841,STT
2018-05-14 11:30:00,102.53,102.71,102.3,102.47,36355,STT
2018-05-14 12:30:00,102.43,102.54,102.19,102.45,97763,STT
2018-05-14 13:30:00,102.38,102.63,102.17,102.31,55741,STT
2018-05-14 14:30:00,102.28,102.63,102.28,102.6,98747,STT
2018-05-14 15:30:00,102.61,102.61,102.25,102.29,200166,STT
2018-05-14 16:00:00,102.31,102.46,102.31,102.31,0,STT
2018-05-14 17:00:00,102.31,102.31,102.31,102.31,0,STT
2018-05-15 09:30:00,101.65,102.35,101.51,101.51,248968,STT
2018-05-15 10:30:00,101.89,101.97,101.42,101.71,294592,STT
2018-05-15 11:30:00,101.79,101.97,101.51,101.56,168118,STT
2018-05-15 12:30:00,101.6,101.98,101.46,101.46,176040,STT
2018-05-15 13:30:00,101.46,101.46,101.01,101.33,424922,STT
2018-05-15 14:30:00,101.36,101.57,100.67,100.8,348444,STT
2018-05-15 15:30:00,100.75,101.23,100.75,101.19,219829,STT
2018-05-15 16:00:00,100.76,101.23,100.76,101.21,0,STT
2018-05-15 17:00:00,101.21,101.21,101.21,101.21,0,STT
2018-05-16 09:30:00,100.91,101.3,100.9,101.21,243633,STT
2018-05-16 10:30:00,101.13,101.27,100.57,100.58,233575,STT
2018-05-16 11:30:00,100.68,101.3,100.67,101.22,168084,STT
2018-05-16 12:30:00,101.26,101.37,101.18,101.32,155758,STT
2018-05-16 13:30:00,101.24,101.37,101.23,101.27,168610,STT
2018-05-16 14:30:00,101.28,101.35,100.99,101.06,174806,STT
2018-05-16 15:30:00,101.07,101.12,100.89,101.04,190832,STT
2018-05-16 16:00:00,101.07,101.12,100.89,101.1,0,STT
2018-05-17 09:30:00,100.76,101.26,100.32,101.25,267901,STT
2018-05-17 10:30:00,101.02,101.57,101.02,101.53,300003,STT
2018-05-17 11:30:00,101.6,101.79,101.43,101.69,109372,STT
2018-05-17 12:30:00,101.67,101.8,101.46,101.52,97044,STT
2018-05-17 13:30:00,101.57,101.57,100.72,100.97,328000,STT
2018-05-17 14:30:00,101.01,101.32,100.93,100.93,183906,STT
2018-05-17 15:30:00,100.91,101.27,100.9,101.24,234720,STT
2018-05-17 16:00:00,100.91,101.27,100.9,101.24,0,STT
2018-05-17 17:00:00,101.24,101.24,101.24,101.24,0,STT
2018-05-17 18:00:00,101.24,101.24,101.24,101.24,0,STT
2018-05-18 09:30:00,100.85,100.89,99.65,99.82,599726,STT
2018-05-18 10:30:00,99.89,100.1,99.41,99.64,544074,STT
2018-05-18 11:30:00,99.66,99.84,99.21,99.22,493216,STT
2018-05-18 12:30:00,99.26,99.51,99.1,99.42,220176,STT
2018-05-18 13:30:00,99.41,99.43,99.18,99.22,215052,STT
2018-05-18 14:30:00,99.2,99.48,99.2,99.25,230918,STT
2018-05-18 15:30:00,99.28,99.37,99.15,99.31,275361,STT
2018-05-18 16:00:00,99.28,99.58,99.15,99.32,0,STT
2018-05-18 17:00:00,99.32,99.32,99.32,99.32,0,STT
2018-05-21 09:30:00,100.0,100.73,99.94,100.54,360566,STT
2018-05-21 10:30:00,99.94,100.92,99.94,100.34,588394,STT
2018-05-21 11:30:00,100.44,100.48,100.28,100.28,250088,STT
2018-05-21 12:30:00,100.3,100.35,100.12,100.15,147400,STT
2018-05-21 13:30:00,100.27,100.36,99.99,99.99,177354,STT
2018-05-21 14:30:00,99.97,100.1,99.86,99.87,241194,STT
2018-05-21 15:30:00,99.85,100.06,99.82,100.0,193607,STT
2018-05-21 16:00:00,99.85,100.24,99.82,99.99,0,STT
2018-05-22 09:30:00,100.43,100.64,100.33,100.45,195491,STT
2018-05-22 10:30:00,100.43,100.85,100.33,100.7,394725,STT
2018-05-22 11:30:00,100.7,100.9,100.65,100.72,322626,STT
2018-05-22 12:30:00,100.77,100.98,100.72,100.9,288018,STT
2018-05-22 13:30:00,100.9,101.05,100.89,100.98,196294,STT
2018-05-22 14:30:00,101.01,101.04,100.57,100.6,267744,STT
2018-05-22 15:30:00,100.53,100.55,100.25,100.31,196038,STT
2018-05-22 16:00:00,100.53,100.61,100.25,100.33,0,STT
2018-05-22 17:00:00,100.33,100.33,100.33,100.33,0,STT
2018-05-23 09:30:00,99.68,99.68,98.89,99.32,356633,STT
2018-05-23 10:30:00,99.31,99.55,98.37,99.03,320491,STT
2018-05-23 11:30:00,99.04,99.41,98.94,99.22,387538,STT
2018-05-23 12:30:00,99.24,99.49,99.24,99.37,139902,STT
2018-05-23 13:30:00,99.39,99.76,99.37,99.6,471052,STT
2018-05-23 14:30:00,99.51,100.03,99.47,100.03,244296,STT
2018-05-23 15:30:00,100.03,100.42,99.87,100.42,342197,STT
2018-05-23 16:00:00,100.03,100.42,99.87,100.42,0,STT
2018-05-24 09:30:00,100.29,101.08,99.85,100.04,486319,STT
2018-05-24 10:30:00,99.92,100.58,99.71,100.03,689393,STT
2018-05-24 11:30:00,100.09,100.67,100.04,100.6,453054,STT
2018-05-24 12:30:00,100.65,100.92,100.56,100.69,394538,STT
2018-05-24 13:30:00,100.71,100.87,100.58,100.82,306852,STT
2018-05-24 14:30:00,100.84,100.91,100.57,100.82,349704,STT
2018-05-24 15:30:00,100.85,100.99,100.69,100.72,286380,STT
2018-05-24 16:00:00,100.84,100.99,100.48,100.5,0,STT
2018-05-25 08:00:00,100.71,100.71,100.71,100.71,0,STT
2018-05-25 09:30:00,99.88,100.35,99.88,100.07,153813,STT
2018-05-25 10:30:00,100.14,100.46,100.11,100.31,108359,STT
2018-05-25 11:30:00,100.34,100.59,100.25,100.56,81079,STT
2018-05-25 12:30:00,100.53,100.53,100.13,100.23,65964,STT
2018-05-25 13:30:00,100.2,100.34,100.17,100.26,89887,STT
2018-05-25 14:30:00,100.25,100.38,100.12,100.38,88961,STT
2018-05-25 15:30:00,100.38,100.56,100.32,100.46,184900,STT
2018-05-25 16:00:00,100.47,100.47,100.47,100.47,0,STT
2018-05-29 09:30:00,99.12,99.16,98.18,98.35,292463,STT
2018-05-29 10:30:00,98.65,98.65,96.96,96.97,1089637,STT
2018-05-29 11:30:00,96.95,97.0,95.3,95.52,479884,STT
2018-05-29 12:30:00,95.54,95.95,95.2,95.45,356288,STT
2018-05-29 13:30:00,95.36,95.36,94.42,94.58,400200,STT
2018-05-29 14:30:00,94.6,94.73,94.05,94.3,561088,STT
2018-05-29 15:30:00,94.32,95.18,94.3,95.1,508140,STT
2018-05-29 16:00:00,94.32,95.18,94.3,95.07,0,STT
2018-05-30 07:00:00,96.42,96.44,96.42,96.44,0,STT
2018-05-30 09:30:00,96.2,96.42,95.59,96.07,324017,STT
2018-05-30 10:30:00,96.13,96.53,95.97,96.37,201451,STT
2018-05-30 11:30:00,96.37,97.4,96.37,97.4,190260,STT
2018-05-30 12:30:00,97.43,97.69,97.27,97.44,141869,STT
2018-05-30 13:30:00,97.52,97.85,97.4,97.53,129941,STT
2018-05-30 14:30:00,97.41,97.65,97.18,97.2,141416,STT
2018-05-30 15:30:00,97.17,97.47,97.15,97.44,329084,STT
2018-05-30 16:00:00,97.42,97.43,96.99,97.14,0,STT
2018-05-31 08:00:00,97.5,97.5,97.5,97.5,0,STT
2018-05-31 09:30:00,96.85,97.05,96.09,96.55,255737,STT
2018-05-31 10:30:00,96.53,96.9,96.31,96.9,157627,STT
2018-05-31 11:30:00,96.88,97.15,96.34,96.34,84174,STT
2018-05-31 12:30:00,96.35,96.58,96.27,96.45,51476,STT
2018-05-31 13:30:00,96.49,96.49,95.85,96.29,156767,STT
2018-05-31 14:30:00,96.22,96.66,96.1,96.51,125787,STT
2018-05-31 15:30:00,96.49,96.5,96.1,96.14,288432,STT
2018-05-31 16:00:00,96.11,98.99,96.11,96.11,0,STT
2018-05-31 17:00:00,96.1,96.11,96.1,96.11,0,STT
2018-06-01 08:00:00,97.39,97.39,97.39,97.39,0,STT
2018-06-01 09:30:00,97.74,98.76,97.74,98.44,339979,STT
2018-06-01 10:30:00,98.32,98.38,97.91,98.04,115416,STT
2018-06-01 11:30:00,97.98,98.74,97.98,98.38,141272,STT
2018-06-01 12:30:00,98.41,98.85,98.41,98.79,117156,STT
2018-06-01 13:30:00,98.76,98.76,98.38,98.44,118042,STT
2018-06-01 14:30:00,98.5,98.76,98.23,98.4,157571,STT
2018-06-01 15:30:00,98.39,98.47,98.32,98.46,300168,STT
2018-06-01 16:00:00,98.45,98.45,98.4,98.4,0,STT
2018-06-01 17:00:00,98.45,98.45,98.45,98.45,0,STT
2018-06-04 09:00:00,98.46,98.46,98.24,98.28,0,STT
2018-06-04 09:30:00,98.56,98.72,98.32,98.44,140317,STT
2018-06-04 10:30:00,98.43,98.56,97.89,98.12,93541,STT
2018-06-04 11:30:00,98.13,98.3,97.99,98.08,79425,STT
2018-06-04 12:30:00,98.05,98.12,97.92,98.1,56427,STT
2018-06-04 13:30:00,98.08,98.43,98.0,98.41,71494,STT
2018-06-04 14:30:00,98.39,98.65,98.33,98.57,128191,STT
2018-06-04 15:30:00,98.56,98.62,98.34,98.41,189172,STT
2018-06-04 16:00:00,98.41,98.41,98.38,98.38,0,STT
2018-06-04 17:00:00,98.12,98.41,98.12,98.41,0,STT
2018-06-04 18:00:00,98.41,98.41,98.41,98.41,0,STT
2018-06-04 19:00:00,98.41,98.41,98.41,98.41,0,STT
2018-06-05 09:30:00,98.09,98.15,97.79,98.09,203155,STT
2018-06-05 10:30:00,97.89,98.15,97.39,97.63,385961,STT
2018-06-05 11:30:00,97.6,97.61,97.21,97.4,130994,STT
2018-06-05 12:30:00,97.36,97.95,97.29,97.91,254924,STT
2018-06-05 13:30:00,97.93,98.03,97.83,98.03,306232,STT
2018-06-05 14:30:00,98.02,98.15,97.89,97.91,343814,STT
2018-06-05 15:30:00,97.89,98.0,97.8,97.86,334014,STT
2018-06-05 16:00:00,97.89,98.0,97.34,97.84,0,STT
2018-06-06 09:30:00,98.25,98.8,98.24,98.68,231465,STT
2018-06-06 10:30:00,98.67,99.04,98.4,98.86,583109,STT
2018-06-06 11:30:00,98.84,99.4,98.81,99.27,754450,STT
2018-06-06 12:30:00,99.19,99.3,98.95,99.26,528808,STT
2018-06-06 13:30:00,99.27,99.46,99.17,99.17,433192,STT
2018-06-06 14:30:00,99.21,99.36,99.05,99.14,339158,STT
2018-06-06 15:30:00,99.11,99.48,99.04,99.48,216743,STT
2018-06-06 16:00:00,99.11,99.49,99.04,99.49,0,STT
2018-06-06 17:00:00,99.49,99.49,99.49,99.49,0,STT
2018-06-07 09:00:00,99.49,99.49,99.49,99.49,0,STT
2018-06-07 09:30:00,100.23,101.23,99.9,101.04,110120,STT
2018-06-07 10:30:00,100.92,101.18,100.48,100.99,165021,STT
2018-06-07 11:30:00,101.01,101.28,101.0,101.07,95669,STT
2018-06-07 12:30:00,100.96,100.97,100.61,100.63,102531,STT
2018-06-07 13:30:00,100.66,100.79,100.08,100.56,141253,STT
2018-06-07 14:30:00,100.63,101.01,100.49,100.92,138267,STT
2018-06-07 15:30:00,100.88,101.1,100.75,100.8,284037,STT
2018-06-07 16:00:00,100.85,100.85,100.83,100.85,0,STT
2018-06-07 17:00:00,100.85,100.85,100.85,100.85,0,STT
2018-06-08 09:30:00,100.57,100.76,99.62,100.21,269701,STT
2018-06-08 10:30:00,100.23,100.23,99.83,99.9,582553,STT
2018-06-08 11:30:00,99.84,100.37,99.78,100.37,191240,STT
2018-06-08 12:30:00,100.43,100.43,100.08,100.23,675920,STT
2018-06-08 13:30:00,100.28,100.45,100.17,100.42,619598,STT
2018-06-08 14:30:00,100.41,100.62,100.31,100.39,293476,STT
2018-06-08 15:30:00,100.41,100.57,100.33,100.44,353274,STT
2018-06-08 16:00:00,100.41,100.58,100.27,100.29,0,STT
2018-06-08 18:00:00,100.46,100.46,100.46,100.46,0,STT
2018-06-11 09:30:00,100.61,101.12,100.43,100.96,471541,STT
2018-06-11 10:30:00,100.8,101.12,100.11,100.14,652547,STT
2018-06-11 11:30:00,100.26,100.52,100.15,100.44,180452,STT
2018-06-11 12:30:00,100.5,100.64,100.38,100.54,152310,STT
2018-06-11 13:30:00,100.55,100.56,100.31,100.31,226128,STT
2018-06-11 14:30:00,100.31,100.53,100.14,100.48,190164,STT
2018-06-11 15:30:00,100.49,100.67,100.22,100.25,225348,STT
2018-06-11 16:00:00,100.49,100.66,100.22,100.57,0,STT
2018-06-11 17:00:00,100.23,100.23,100.23,100.23,0,STT
2018-06-11 18:00:00,100.24,100.24,100.24,100.24,0,STT
2018-06-12 09:30:00,100.5,100.92,100.01,100.01,345103,STT
2018-06-12 10:30:00,100.64,100.72,99.79,99.92,459863,STT
2018-06-12 11:30:00,99.96,100.16,99.93,100.0,181246,STT
2018-06-12 12:30:00,99.99,99.99,99.54,99.6,180694,STT
2018-06-12 13:30:00,99.58,99.7,99.24,99.26,206498,STT
2018-06-12 14:30:00,99.25,99.47,99.21,99.36,388238,STT
2018-06-12 15:30:00,99.38,99.58,99.37,99.4,272946,STT
2018-06-12 16:00:00,99.38,100.12,99.37,99.42,0,STT
2018-06-12 17:00:00,99.26,99.26,99.26,99.26,0,STT
2018-06-13 09:30:00,99.33,99.68,98.87,99.3,184587,STT
2018-06-13 10:30:00,98.95,99.43,98.8,98.88,283051,STT
2018-06-13 11:30:00,98.84,99.19,98.84,99.16,139122,STT
2018-06-13 12:30:00,99.08,99.15,98.84,98.94,157626,STT
2018-06-13 13:30:00,98.92,99.65,98.82,99.23,220606,STT
2018-06-13 14:30:00,99.21,99.78,98.84,98.88,322314,STT
2018-06-13 15:30:00,98.89,98.89,98.3,98.36,298525,STT
2018-06-13 16:00:00,98.89,98.89,98.3,98.36,0,STT
2018-06-13 17:00:00,98.36,98.36,98.36,98.36,0,STT
2018-06-14 09:30:00,98.36,98.56,97.67,98.38,341522,STT
2018-06-14 10:30:00,97.92,98.56,97.65,97.84,500184,STT
2018-06-14 11:30:00,97.86,97.99,97.65,97.71,191104,STT
2018-06-14 12:30:00,97.7,97.94,97.52,97.88,187498,STT
2018-06-14 13:30:00,97.88,98.3,97.88,98.14,289636,STT
2018-06-14 14:30:00,98.25,98.46,98.15,98.42,547960,STT
2018-06-14 15:30:00,98.41,98.58,98.25,98.28,279426,STT
2018-06-14 16:00:00,98.41,98.58,98.25,98.26,0,STT
2018-06-14 17:00:00,98.26,98.26,98.22,98.22,0,STT
2018-06-15 09:00:00,98.2,98.2,98.2,98.2,0,STT
2018-06-15 09:30:00,97.42,97.99,96.84,96.96,590165,STT
2018-06-15 10:30:00,96.83,97.38,96.49,97.11,168843,STT
2018-06-15 11:30:00,97.12,97.51,97.01,97.39,81810,STT
2018-06-15 12:30:00,97.42,97.9,97.37,97.82,72869,STT
2018-06-15 13:30:00,97.83,98.22,97.6,98.22,99353,STT
2018-06-15 14:30:00,98.29,98.35,97.99,98.2,139881,STT
2018-06-15 15:30:00,98.18,98.47,98.11,98.35,439109,STT
2018-06-15 16:00:00,98.34,98.35,98.03,98.34,0,STT
2018-06-15 17:00:00,98.34,98.34,98.34,98.34,0,STT
2018-06-15 18:00:00,98.34,98.34,98.34,98.34,0,STT
2018-06-18 09:30:00,97.28,98.01,97.18,97.71,210658,STT
2018-06-18 10:30:00,97.8,98.12,97.55,97.89,272708,STT
2018-06-18 11:30:00,97.93,97.95,97.56,97.74,164890,STT
2018-06-18 12:30:00,97.77,98.3,97.74,98.26,329660,STT
2018-06-18 13:30:00,98.27,98.38,98.15,98.31,305654,STT
2018-06-18 14:30:00,98.33,98.42,98.11,98.33,563112,STT
2018-06-18 15:30:00,98.36,98.7,98.36,98.66,382080,STT
2018-06-18 16:00:00,98.36,98.7,98.26,98.66,0,STT
2018-06-19 09:30:00,97.39,97.39,96.47,96.59,311475,STT
2018-06-19 10:30:00,97.01,97.52,96.47,97.39,389837,STT
2018-06-19 11:30:00,97.38,97.61,97.21,97.27,209594,STT
2018-06-19 12:30:00,97.3,97.43,97.07,97.31,156694,STT
2018-06-19 13:30:00,97.28,97.61,97.19,97.49,211912,STT
2018-06-19 14:30:00,97.49,97.68,97.45,97.58,479932,STT
2018-06-19 15:30:00,97.6,97.8,97.57,97.73,223307,STT
2018-06-19 16:00:00,97.6,97.8,97.42,97.74,0,STT
2018-06-19 17:00:00,97.74,98.66,97.74,98.66,0,STT
2018-06-20 09:30:00,98.32,98.43,98.0,98.11,221078,STT
2018-06-20 10:30:00,98.43,98.43,98.0,98.27,373556,STT
2018-06-20 11:30:00,98.22,98.22,97.92,97.99,281576,STT
2018-06-20 12:30:00,98.03,98.17,97.91,97.91,156928,STT
2018-06-20 13:30:00,97.96,98.16,97.94,98.11,170284,STT
2018-06-20 14:30:00,98.12,98.16,97.88,98.15,330424,STT
2018-06-20 15:30:00,98.14,98.14,97.68,97.72,246408,STT
2018-06-20 16:00:00,98.14,98.14,97.68,97.73,0,STT
2018-06-20 17:00:00,97.73,98.05,97.73,98.05,0,STT
2018-06-21 09:30:00,97.23,97.53,96.59,96.59,357114,STT
2018-06-21 10:30:00,96.91,97.36,96.59,97.35,636090,STT
2018-06-21 11:30:00,97.38,98.12,97.27,98.07,513546,STT
2018-06-21 12:30:00,98.08,98.27,97.89,98.27,204522,STT
2018-06-21 13:30:00,98.22,98.54,98.17,98.51,192386,STT
2018-06-21 14:30:00,98.51,98.58,98.17,98.22,282882,STT
2018-06-21 15:30:00,98.23,98.23,97.97,98.2,218835,STT
2018-06-21 16:00:00,98.23,98.23,97.69,98.19,0,STT
2018-06-21 19:00:00,98.19,98.19,98.19,98.19,0,STT
2018-06-22 07:00:00,98.0,98.0,98.0,98.0,0,STT
2018-06-22 08:00:00,98.0,98.0,98.0,98.0,0,STT
2018-06-22 09:30:00,99.0,99.01,98.12,98.12,252132,STT
2018-06-22 10:30:00,98.17,98.38,98.06,98.24,480238,STT
2018-06-22 11:30:00,98.24,98.3,98.18,98.3,315575,STT
2018-06-22 12:30:00,98.3,98.31,97.96,98.19,186491,STT
2018-06-22 13:30:00,98.21,98.26,98.04,98.07,129460,STT
2018-06-22 14:30:00,98.1,98.35,98.09,98.09,215955,STT
2018-06-22 15:30:00,98.08,98.32,98.07,98.11,434467,STT
2018-06-22 16:00:00,98.11,98.22,98.11,98.14,0,STT
2018-06-25 09:30:00,97.52,97.59,96.05,96.5,1137154,STT
2018-06-25 10:30:00,96.38,96.67,95.61,95.69,1324272,STT
2018-06-25 11:30:00,95.73,95.93,95.09,95.51,808404,STT
2018-06-25 12:30:00,95.5,95.91,95.48,95.67,636955,STT
2018-06-25 13:30:00,95.65,96.14,95.65,95.73,533244,STT
2018-06-25 14:30:00,95.69,95.71,95.15,95.48,908751,STT
2018-06-25 15:30:00,95.42,96.33,95.42,95.92,889979,STT
2018-06-25 16:00:00,95.43,96.33,95.43,95.93,0,STT
2018-06-25 17:00:00,95.92,95.92,95.92,95.92,0,STT
2018-06-26 09:30:00,95.66,95.68,94.83,95.28,151750,STT
2018-06-26 10:30:00,95.25,95.68,94.75,95.06,1087653,STT
2018-06-26 11:30:00,94.97,95.33,94.79,95.22,585576,STT
2018-06-26 12:30:00,95.23,95.52,95.23,95.48,362085,STT
2018-06-26 13:30:00,95.47,95.79,95.4,95.75,361377,STT
2018-06-26 14:30:00,95.71,95.83,95.43,95.44,654576,STT
2018-06-26 15:30:00,95.46,95.82,95.45,95.53,643553,STT
2018-06-27 09:30:00,95.3,96.2,95.06,95.92,404363,STT
2018-06-27 10:30:00,96.06,96.48,95.54,95.58,1086240,STT
2018-06-27 11:30:00,95.49,96.03,95.33,95.74,590962,STT
2018-06-27 12:30:00,95.7,95.7,94.74,94.9,423256,STT
2018-06-27 13:30:00,94.82,94.98,94.24,94.32,564344,STT
2018-06-27 14:30:00,94.3,94.61,94.14,94.53,520888,STT
2018-06-27 15:30:00,94.53,94.59,93.98,93.98,381362,STT
2018-06-27 16:00:00,94.53,96.18,93.98,96.18,0,STT
2018-06-27 17:00:00,93.99,93.99,93.99,93.99,0,STT
2018-06-28 09:30:00,94.09,94.76,93.54,93.66,341460,STT
2018-06-28 10:30:00,93.88,94.15,93.35,94.15,613094,STT
2018-06-28 11:30:00,94.15,94.19,93.6,93.77,366266,STT
2018-06-28 12:30:00,93.78,94.01,93.72,93.98,196270,STT
2018-06-28 13:30:00,93.98,94.43,93.92,94.41,208704,STT
2018-06-28 14:30:00,94.42,94.66,94.22,94.46,309536,STT
2018-06-28 15:30:00,94.45,94.51,94.17,94.27,404370,STT
2018-06-28 16:00:00,94.45,94.51,94.12,94.26,0,STT
2018-06-28 17:00:00,94.27,97.41,94.26,97.41,0,STT
2018-06-28 19:00:00,94.26,94.26,94.26,94.26,0,STT
2018-06-29 07:00:00,95.42,95.44,94.45,94.45,0,STT
2018-06-29 09:30:00,94.43,95.01,94.05,94.47,243626,STT
2018-06-29 10:30:00,94.5,95.11,94.5,95.04,156431,STT
2018-06-29 11:30:00,95.03,95.03,94.4,94.69,128545,STT
2018-06-29 12:30:00,94.68,94.74,94.41,94.48,160233,STT
2018-06-29 13:30:00,94.42,94.52,94.11,94.13,123379,STT
2018-06-29 14:30:00,94.06,94.16,93.83,93.94,292575,STT
2018-06-29 15:30:00,93.93,94.02,93.0,93.11,573392,STT
2018-06-29 16:00:00,93.12,94.72,93.09,93.09,0,STT
2018-06-29 17:00:00,93.32,93.32,93.32,93.32,0,STT
2018-07-02 09:30:00,92.49,92.95,92.16,92.88,526677,STT
2018-07-02 10:30:00,92.6,93.24,92.45,92.81,881317,STT
2018-07-02 11:30:00,92.78,93.16,92.73,92.83,515748,STT
2018-07-02 12:30:00,92.82,93.29,92.81,93.15,391184,STT
2018-07-02 13:30:00,93.12,93.56,93.12,93.44,250348,STT
2018-07-02 14:30:00,93.49,93.59,93.22,93.58,273318,STT
2018-07-02 15:30:00,93.61,93.98,93.46,93.98,300664,STT
2018-07-02 16:00:00,93.61,94.02,92.78,93.12,0,STT
2018-07-03 09:30:00,94.25,94.49,93.61,93.73,196253,STT
2018-07-03 10:30:00,94.03,94.03,93.45,93.53,346965,STT
2018-07-03 11:30:00,93.66,93.7,93.26,93.31,204176,STT
2018-07-03 13:00:00,93.28,93.56,92.82,92.92,0,STT
2018-07-03 15:00:00,92.92,92.92,92.92,92.92,0,STT
2018-07-05 09:30:00,93.69,93.69,93.0,93.13,263505,STT
2018-07-05 10:30:00,93.33,93.56,92.65,92.78,369639,STT
2018-07-05 11:30:00,92.76,93.24,92.7,92.91,301504,STT
2018-07-05 12:30:00,92.91,93.01,92.74,92.91,171146,STT
2018-07-05 13:30:00,92.91,92.93,92.29,92.54,198278,STT
2018-07-05 14:30:00,92.51,92.62,92.31,92.32,244334,STT
2018-07-05 15:30:00,92.33,92.53,92.21,92.43,243177,STT
2018-07-05 16:00:00,92.33,92.84,92.21,92.78,0,STT
2018-07-05 19:00:00,92.43,92.43,92.43,92.43,0,STT
2018-07-06 09:30:00,91.94,92.57,91.79,92.48,419333,STT
2018-07-06 10:30:00,92.5,93.01,92.11,92.89,611435,STT
2018-07-06 11:30:00,92.94,93.44,92.94,93.24,302808,STT
2018-07-06 12:30:00,93.13,93.36,92.98,93.17,275824,STT
2018-07-06 13:30:00,93.21,93.26,92.86,92.93,228368,STT
2018-07-06 14:30:00,92.91,93.05,92.75,92.92,294600,STT
2018-07-06 15:30:00,92.9,92.93,92.57,92.75,253602,STT
2018-07-06 16:00:00,92.9,92.93,92.57,92.76,0,STT
2018-07-06 17:00:00,92.76,92.76,92.75,92.75,0,STT
2018-07-09 09:30:00,93.3,94.15,93.16,93.99,276633,STT
2018-07-09 10:30:00,93.85,94.47,93.76,94.28,591445,STT
2018-07-09 11:30:00,94.2,94.34,94.02,94.3,230162,STT
2018-07-09 12:30:00,94.29,94.31,94.03,94.25,277940,STT
2018-07-09 13:30:00,94.28,94.51,94.14,94.5,193508,STT
2018-07-09 14:30:00,94.46,94.68,94.44,94.5,400148,STT
2018-07-09 15:30:00,94.54,94.63,94.46,94.49,311686,STT
2018-07-09 16:00:00,94.54,94.63,93.98,94.47,0,STT
2018-07-09 17:00:00,94.47,94.47,94.12,94.12,0,STT
2018-07-09 18:00:00,94.47,94.47,94.47,94.47,0,STT
2018-07-09 19:00:00,94.47,94.47,94.47,94.47,0,STT
2018-07-10 09:30:00,94.8,94.8,94.08,94.43,222204,STT
2018-07-10 10:30:00,94.3,94.63,94.17,94.17,497068,STT
2018-07-10 11:30:00,94.18,94.38,93.96,94.02,136022,STT
2018-07-10 12:30:00,94.05,94.05,93.6,93.6,226686,STT
2018-07-10 13:30:00,93.59,93.7,93.4,93.64,278820,STT
2018-07-10 14:30:00,93.64,93.68,93.52,93.63,247220,STT
2018-07-10 15:30:00,93.65,93.9,93.65,93.77,264048,STT
2018-07-10 16:00:00,93.65,93.9,93.65,93.77,0,STT
2018-07-10 17:00:00,93.77,93.77,93.77,93.77,0,STT
2018-07-10 19:00:00,93.77,93.77,93.77,93.77,0,STT
2018-07-11 09:30:00,93.27,93.6,92.7,93.1,620594,STT
2018-07-11 10:30:00,92.81,93.36,92.71,93.1,687250,STT
2018-07-11 11:30:00,93.02,93.09,92.57,93.04,400670,STT
2018-07-11 12:30:00,93.1,93.24,92.77,93.01,477414,STT
2018-07-11 13:30:00,93.03,93.06,92.53,92.75,534206,STT
2018-07-11 14:30:00,92.77,92.92,92.53,92.53,543324,STT
2018-07-11 15:30:00,92.56,92.89,92.56,92.69,367377,STT
2018-07-11 16:00:00,92.56,92.89,92.56,92.82,0,STT
2018-07-11 18:00:00,92.7,92.7,92.7,92.7,0,STT
2018-07-11 19:00:00,92.7,92.7,92.7,92.7,0,STT
2018-07-12 09:30:00,93.22,93.22,92.37,92.67,155781,STT
2018-07-12 10:30:00,92.64,92.83,92.1,92.18,367499,STT
2018-07-12 11:30:00,92.26,92.96,92.26,92.96,225830,STT
2018-07-12 12:30:00,92.92,93.19,92.79,93.12,246052,STT
2018-07-12 13:30:00,93.1,93.1,92.8,93.01,183932,STT
2018-07-12 14:30:00,93.0,93.02,92.75,92.91,174086,STT
2018-07-12 15:30:00,92.91,92.93,92.74,92.87,264997,STT
2018-07-12 16:00:00,92.91,92.93,92.74,92.86,0,STT
2018-07-13 08:00:00,92.9,92.9,92.9,92.9,0,STT
2018-07-13 09:30:00,92.9,92.9,91.92,92.74,232487,STT
2018-07-13 10:30:00,92.66,93.15,92.46,92.9,176633,STT
2018-07-13 11:30:00,92.89,92.89,92.68,92.82,83397,STT
2018-07-13 12:30:00,92.81,92.9,92.67,92.89,665055,STT
2018-07-13 13:30:00,92.88,92.88,92.55,92.57,130787,STT
2018-07-13 14:30:00,92.59,92.59,92.24,92.26,186556,STT
2018-07-13 15:30:00,92.25,92.52,92.22,92.47,209270,STT
2018-07-13 16:00:00,92.44,92.67,92.43,92.43,0,STT
2018-07-16 09:30:00,92.69,93.72,92.69,93.71,505483,STT
2018-07-16 10:30:00,93.38,93.97,93.3,93.8,584363,STT
2018-07-16 11:30:00,93.8,93.87,93.54,93.61,288800,STT
2018-07-16 12:30:00,93.66,93.9,93.55,93.9,179156,STT
2018-07-16 13:30:00,93.88,93.94,93.55,93.57,157620,STT
2018-07-16 14:30:00,93.57,93.57,93.12,93.16,528744,STT
2018-07-16 15:30:00,93.16,93.21,93.07,93.2,377866,STT
2018-07-16 16:00:00,93.16,93.41,93.06,93.2,0,STT
2018-07-16 17:00:00,93.2,93.2,93.2,93.2,0,STT
2018-07-17 09:30:00,93.34,93.36,92.65,93.33,450270,STT
2018-07-17 10:30:00,93.11,93.5,93.11,93.47,1121658,STT
2018-07-17 11:30:00,93.47,93.72,93.36,93.58,765610,STT
2018-07-17 12:30:00,93.55,93.68,93.38,93.56,355666,STT
2018-07-17 13:30:00,93.56,93.64,93.29,93.51,236584,STT
2018-07-17 14:30:00,93.52,93.68,93.51,93.6,273890,STT
2018-07-17 15:30:00,93.61,93.63,93.4,93.47,324727,STT
2018-07-17 16:00:00,93.6,93.63,93.4,93.46,0,STT
2018-07-17 17:00:00,93.45,93.45,93.45,93.45,0,STT
2018-07-17 18:00:00,93.45,93.45,93.45,93.45,0,STT
2018-07-18 09:00:00,94.0,94.0,94.0,94.0,0,STT
2018-07-18 09:30:00,94.2,95.09,94.2,95.09,296254,STT
2018-07-18 10:30:00,95.09,95.48,95.02,95.26,277533,STT
2018-07-18 11:30:00,95.22,95.68,95.22,95.53,230810,STT
2018-07-18 12:30:00,95.55,95.55,95.01,95.1,241460,STT
2018-07-18 13:30:00,95.08,95.1,94.72,95.07,131682,STT
2018-07-18 14:30:00,95.07,95.33,95.02,95.31,165194,STT
2018-07-18 15:30:00,95.32,95.42,95.28,95.34,319093,STT
2018-07-18 16:00:00,95.33,95.33,95.17,95.17,0,STT
2018-07-18 17:00:00,95.5,95.5,95.34,95.34,0,STT
2018-07-19 07:00:00,95.35,95.35,95.35,95.35,0,STT
2018-07-19 09:30:00,94.59,94.59,92.25,92.74,367597,STT
2018-07-19 10:30:00,92.75,93.01,92.44,92.94,343496,STT
2018-07-19 11:30:00,92.9,93.08,92.47,92.52,230681,STT
2018-07-19 12:30:00,92.52,92.55,92.23,92.35,216023,STT
2018-07-19 13:30:00,92.33,92.83,92.26,92.83,284200,STT
2018-07-19 14:30:00,92.81,92.91,92.54,92.91,321374,STT
2018-07-19 15:30:00,92.92,93.08,92.73,92.76,606563,STT
2018-07-19 16:00:00,92.74,92.79,92.73,92.73,0,STT
2018-07-19 17:00:00,92.74,92.74,92.74,92.74,0,STT
2018-07-20 06:00:00,88.8,88.8,88.8,88.8,0,STT
2018-07-20 07:00:00,89.79,90.0,89.79,89.79,0,STT
2018-07-20 08:00:00,88.94,89.5,88.5,88.5,0,STT
2018-07-20 09:00:00,88.46,88.48,87.23,87.6,0,STT
2018-07-20 09:30:00,87.61,87.81,84.76,85.74,3227823,STT
2018-07-20 10:30:00,85.72,86.29,85.01,86.17,2007320,STT
2018-07-20 11:30:00,86.17,87.11,85.91,86.91,1063355,STT
2018-07-20 12:30:00,86.89,87.38,86.07,86.15,778235,STT
2018-07-20 13:30:00,86.14,87.28,86.04,86.61,866318,STT
2018-07-20 14:30:00,86.62,87.06,86.06,86.18,883960,STT
2018-07-20 15:30:00,86.17,86.53,85.72,85.85,1340485,STT
2018-07-20 16:00:00,85.98,86.15,85.87,86.15,0,STT
2018-07-20 17:00:00,86.01,86.01,86.01,86.01,0,STT
2018-07-23 09:30:00,85.17,87.34,85.13,86.3,2138560,STT
2018-07-23 10:30:00,86.92,87.27,85.64,86.58,2785526,STT
2018-07-23 11:30:00,86.61,86.65,86.21,86.49,927346,STT
2018-07-23 12:30:00,86.46,86.66,86.37,86.5,892076,STT
2018-07-23 13:30:00,86.53,86.56,86.39,86.46,434246,STT
2018-07-23 14:30:00,86.45,86.68,86.29,86.65,1149018,STT
2018-07-23 15:30:00,86.63,87.14,86.52,87.01,932684,STT
2018-07-23 16:00:00,86.63,87.14,86.52,87.02,0,STT
2018-07-23 17:00:00,87.02,87.02,87.02,87.02,0,STT
2018-07-24 09:00:00,87.63,87.63,87.63,87.63,0,STT
2018-07-24 09:30:00,87.99,89.32,87.4,88.54,1074084,STT
2018-07-24 10:30:00,88.61,88.75,87.89,88.08,516540,STT
2018-07-24 11:30:00,88.02,88.29,87.83,88.28,406155,STT
2018-07-24 12:30:00,88.28,88.37,87.96,87.96,365783,STT
2018-07-24 13:30:00,87.97,87.97,87.16,87.18,266335,STT
2018-07-24 14:30:00,87.21,87.7,87.19,87.7,404552,STT
2018-07-24 15:30:00,87.69,87.89,87.64,87.74,534107,STT
2018-07-24 16:00:00,87.75,88.0,87.74,87.74,0,STT
2018-07-25 09:30:00,87.55,87.55,86.72,86.85,537052,STT
2018-07-25 10:30:00,86.99,87.07,86.72,86.92,934632,STT
2018-07-25 11:30:00,86.95,87.28,86.88,87.14,394194,STT
2018-07-25 12:30:00,87.09,87.1,86.83,86.83,427234,STT
2018-07-25 13:30:00,86.81,87.11,86.81,87.06,488524,STT
2018-07-25 14:30:00,87.07,87.14,86.85,86.88,712488,STT
2018-07-25 15:30:00,86.94,87.4,86.83,87.17,650112,STT
2018-07-25 16:00:00,86.94,87.4,85.98,86.96,0,STT
2018-07-26 09:30:00,87.59,88.01,87.17,87.73,448992,STT
2018-07-26 10:30:00,88.01,88.35,87.48,87.87,487232,STT
2018-07-26 11:30:00,87.89,88.08,87.66,87.68,331836,STT
2018-07-26 12:30:00,87.65,87.72,87.48,87.68,170522,STT
2018-07-26 13:30:00,87.67,87.67,87.27,87.37,524614,STT
2018-07-26 14:30:00,87.39,87.51,87.19,87.22,559620,STT
2018-07-26 15:30:00,87.23,87.3,86.87,86.93,411322,STT
2018-07-26 16:00:00,87.23,87.38,85.67,85.67,0,STT
2018-07-26 17:00:00,85.67,85.67,85.5,85.5,0,STT
2018-07-26 19:00:00,86.99,86.99,86.99,86.99,0,STT
2018-07-27 06:00:00,86.93,86.93,86.93,86.93,0,STT
2018-07-27 07:00:00,86.93,86.93,86.74,86.74,0,STT
2018-07-27 08:00:00,86.77,86.8,86.55,86.55,0,STT
2018-07-27 09:00:00,86.6,86.79,86.55,86.7,0,STT
2018-07-27 09:30:00,86.8,87.62,86.69,87.14,2099484,STT
2018-07-27 10:30:00,87.15,87.85,87.11,87.6,1121732,STT
2018-07-27 11:30:00,87.56,87.58,87.03,87.15,405559,STT
2018-07-27 12:30:00,87.14,87.16,86.59,86.95,959510,STT
2018-07-27 13:30:00,86.94,87.13,86.75,86.76,480572,STT
2018-07-27 14:30:00,86.74,87.11,86.68,86.93,555183,STT
2018-07-27 15:30:00,86.95,87.06,86.93,87.01,979043,STT
2018-07-27 16:00:00,87.0,87.12,87.0,87.12,0,STT
2018-07-27 17:00:00,87.0,87.0,87.0,87.0,0,STT
2018-07-27 18:00:00,87.0,87.0,87.0,87.0,0,STT
2018-07-30 09:30:00,87.14,87.95,87.14,87.85,872960,STT
2018-07-30 10:30:00,87.64,87.95,87.22,87.31,769810,STT
2018-07-30 11:30:00,87.37,87.47,87.12,87.31,420330,STT
2018-07-30 12:30:00,87.33,87.57,87.18,87.56,366424,STT
2018-07-30 13:30:00,87.57,87.69,87.54,87.6,371420,STT
2018-07-30 14:30:00,87.62,87.66,87.15,87.17,444898,STT
2018-07-30 15:30:00,87.14,87.45,87.13,87.32,579010,STT
2018-07-30 16:00:00,87.14,87.45,87.13,87.22,0,STT
2018-07-30 17:00:00,87.25,87.25,87.22,87.22,0,STT
2018-07-31 09:30:00,87.94,88.37,87.64,87.85,546211,STT
2018-07-31 10:30:00,87.88,88.03,87.64,87.88,749975,STT
2018-07-31 11:30:00,87.9,88.16,87.85,87.97,416452,STT
2018-07-31 12:30:00,87.96,88.1,87.8,88.02,569950,STT
2018-07-31 13:30:00,88.04,88.31,88.04,88.22,733838,STT
2018-07-31 14:30:00,88.19,88.3,88.08,88.18,755200,STT
2018-07-31 15:30:00,88.18,88.36,88.08,88.29,787944,STT
2018-07-31 16:00:00,88.18,88.36,87.22,88.3,0,STT
2018-07-31 17:00:00,88.3,88.31,87.22,88.31,0,STT
2018-08-01 08:00:00,88.31,88.31,88.31,88.31,0,STT
2018-08-01 09:00:00,88.31,88.31,88.31,88.31,0,STT
2018-08-01 09:30:00,88.58,88.94,88.24,88.86,406786,STT
2018-08-01 10:30:00,88.86,89.2,88.39,88.5,566793,STT
2018-08-01 11:30:00,88.36,88.36,87.12,87.22,1095236,STT
2018-08-01 12:30:00,87.2,87.46,87.16,87.21,432194,STT
2018-08-01 13:30:00,87.19,87.72,87.14,87.4,680555,STT
2018-08-01 14:30:00,87.43,87.53,87.25,87.38,462410,STT
2018-08-01 15:30:00,87.39,87.71,87.24,87.27,776097,STT
2018-08-01 16:00:00,87.27,87.7,87.26,87.32,0,STT
2018-08-01 17:00:00,87.27,87.32,87.27,87.32,0,STT
2018-08-02 09:30:00,86.41,87.24,85.73,86.85,1327128,STT
2018-08-02 10:30:00,87.16,87.24,86.5,86.74,1183102,STT
2018-08-02 11:30:00,86.72,86.94,86.56,86.83,488554,STT
2018-08-02 12:30:00,86.83,86.99,86.7,86.85,604654,STT
2018-08-02 13:30:00,86.88,87.09,86.84,86.93,487942,STT
2018-08-02 14:30:00,86.93,87.09,86.85,86.97,813816,STT
2018-08-02 15:30:00,86.97,86.97,86.78,86.84,436790,STT
2018-08-02 16:00:00,86.97,86.97,86.78,86.87,0,STT
2018-08-02 17:00:00,86.83,86.87,86.49,86.49,0,STT
2018-08-03 09:30:00,86.64,87.04,86.43,86.92,489490,STT
2018-08-03 10:30:00,86.91,87.04,86.42,86.45,1106268,STT
2018-08-03 11:30:00,86.49,86.98,86.46,86.72,556942,STT
2018-08-03 12:30:00,86.76,86.77,86.63,86.65,463676,STT
2018-08-03 13:30:00,86.66,86.69,86.47,86.47,598950,STT
2018-08-03 14:30:00,86.47,86.88,86.47,86.82,579302,STT
2018-08-03 15:30:00,86.81,86.86,86.71,86.86,374393,STT
2018-08-03 16:00:00,86.81,86.88,86.63,86.84,0,STT
2018-08-03 17:00:00,86.84,86.88,86.84,86.88,0,STT
2018-08-06 09:30:00,86.88,87.17,86.72,86.79,403406,STT
2018-08-06 10:30:00,86.91,87.07,86.69,86.8,719614,STT
2018-08-06 11:30:00,86.8,87.01,86.65,86.91,463186,STT
2018-08-06 12:30:00,86.9,87.04,86.75,86.78,551570,STT
2018-08-06 13:30:00,86.76,86.94,86.76,86.89,272474,STT
2018-08-06 14:30:00,86.89,87.1,86.88,87.0,417652,STT
2018-08-06 15:30:00,86.98,87.03,86.86,86.94,298313,STT
2018-08-06 16:00:00,86.98,87.02,86.86,86.95,0,STT
2018-08-07 09:00:00,86.95,86.95,86.94,86.94,0,STT
2018-08-07 09:30:00,87.08,87.79,87.08,87.66,256781,STT
2018-08-07 10:30:00,87.66,87.9,87.55,87.55,227908,STT
2018-08-07 11:30:00,87.55,87.6,87.4,87.4,183825,STT
2018-08-07 12:30:00,87.38,87.44,87.26,87.34,108765,STT
2018-08-07 13:30:00,87.35,87.35,87.14,87.29,267788,STT
2018-08-07 14:30:00,87.28,87.36,87.09,87.09,256706,STT
2018-08-07 15:30:00,87.07,87.1,86.92,87.07,396962,STT
2018-08-07 16:00:00,87.06,87.29,87.06,87.07,0,STT
2018-08-08 09:30:00,87.02,87.15,86.69,86.95,335467,STT
2018-08-08 10:30:00,87.02,87.15,86.72,87.03,982999,STT
2018-08-08 11:30:00,87.02,87.04,86.71,86.83,319940,STT
2018-08-08 12:30:00,86.84,87.04,86.83,86.93,287926,STT
2018-08-08 13:30:00,86.95,87.1,86.89,87.04,452432,STT
2018-08-08 14:30:00,87.04,87.07,86.95,87.01,314084,STT
2018-08-08 15:30:00,87.02,87.03,86.71,86.71,322224,STT
2018-08-08 16:00:00,87.02,87.03,86.72,86.73,0,STT
2018-08-09 09:30:00,86.71,86.71,86.29,86.55,354664,STT
2018-08-09 10:30:00,86.53,86.66,86.25,86.33,554402,STT
2018-08-09 11:30:00,86.28,86.28,85.9,85.91,478504,STT
2018-08-09 12:30:00,85.93,86.26,85.9,86.0,642262,STT
2018-08-09 13:30:00,86.03,86.03,85.77,85.92,429792,STT
2018-08-09 14:30:00,85.91,86.19,85.91,85.98,528614,STT
2018-08-09 15:30:00,85.97,86.02,85.67,85.8,421338,STT
2018-08-09 16:00:00,85.97,86.07,85.67,85.8,0,STT
2018-08-09 17:00:00,85.8,85.8,85.8,85.8,0,STT
2018-08-10 08:00:00,85.01,85.01,85.01,85.01,0,STT
2018-08-10 09:00:00,85.05,85.07,84.5,84.5,0,STT
2018-08-10 09:30:00,84.58,84.58,83.58,84.0,511212,STT
2018-08-10 10:30:00,83.96,84.47,83.95,84.37,284363,STT
2018-08-10 11:30:00,84.38,84.61,84.27,84.52,238715,STT
2018-08-10 12:30:00,84.52,84.61,84.32,84.51,176445,STT
2018-08-10 13:30:00,84.55,84.55,83.99,84.03,201471,STT
2018-08-10 14:30:00,84.02,84.4,83.89,84.23,264919,STT
2018-08-10 15:30:00,84.24,84.27,83.97,83.99,585225,STT
2018-08-10 16:00:00,83.99,84.16,83.98,83.99,0,STT
2018-08-10 17:00:00,83.99,83.99,83.99,83.99,0,STT
2018-08-13 09:30:00,84.09,84.09,83.5,83.65,348609,STT
2018-08-13 10:30:00,83.81,83.91,83.25,83.33,628891,STT
2018-08-13 11:30:00,83.3,83.34,82.83,82.87,335520,STT
2018-08-13 12:30:00,82.88,83.19,82.85,83.19,285740,STT
2018-08-13 13:30:00,83.23,83.26,83.05,83.24,492240,STT
2018-08-13 14:30:00,83.25,83.27,82.9,82.92,365220,STT
2018-08-13 15:30:00,82.9,82.99,82.77,82.82,365894,STT
2018-08-13 16:00:00,82.9,83.16,82.77,82.86,0,STT
2018-08-13 17:00:00,82.85,82.85,82.85,82.85,0,STT
2018-08-14 09:30:00,82.73,83.55,82.73,83.42,674157,STT
2018-08-14 10:30:00,83.48,83.75,83.19,83.75,743169,STT
2018-08-14 11:30:00,83.72,83.88,83.59,83.69,296172,STT
2018-08-14 12:30:00,83.74,83.85,83.67,83.74,345368,STT
2018-08-14 13:30:00,83.72,84.07,83.72,83.88,361770,STT
2018-08-14 14:30:00,83.91,84.06,83.86,83.95,458396,STT
2018-08-14 15:30:00,83.93,84.11,83.83,83.88,495079,STT
2018-08-14 16:00:00,83.93,84.12,83.72,83.89,0,STT
2018-08-15 09:30:00,83.04,83.42,82.94,83.1,522782,STT
2018-08-15 10:30:00,83.13,83.22,82.75,83.12,1045180,STT
2018-08-15 11:30:00,83.12,83.26,82.89,83.14,405462,STT
2018-08-15 12:30:00,83.12,83.33,82.85,82.9,490624,STT
2018-08-15 13:30:00,82.89,82.99,82.52,82.54,563192,STT
2018-08-15 14:30:00,82.54,83.03,82.43,82.93,611010,STT
2018-08-15 15:30:00,82.97,83.14,82.83,82.89,553898,STT
2018-08-15 16:00:00,82.97,83.14,82.83,82.92,0,STT
2018-08-16 08:00:00,82.92,82.92,82.92,82.92,0,STT
2018-08-16 09:30:00,83.11,84.03,83.06,83.77,229957,STT
2018-08-16 10:30:00,83.78,83.97,83.78,83.88,227547,STT
2018-08-16 11:30:00,83.88,84.25,83.75,84.16,304541,STT
2018-08-16 12:30:00,84.12,84.15,83.84,83.92,142802,STT
2018-08-16 13:30:00,83.93,83.98,83.83,83.9,111697,STT
2018-08-16 14:30:00,83.85,84.01,83.73,84.0,181458,STT
2018-08-16 15:30:00,83.98,84.22,83.94,84.22,545159,STT
2018-08-16 16:00:00,84.21,84.22,83.95,84.21,0,STT
2018-08-17 09:30:00,84.1,84.78,84.01,84.42,464809,STT
2018-08-17 10:30:00,84.59,84.75,84.31,84.47,576769,STT
2018-08-17 11:30:00,84.49,84.72,84.39,84.67,245420,STT
2018-08-17 12:30:00,84.68,84.81,84.56,84.58,480800,STT
2018-08-17 13:30:00,84.58,84.98,84.58,84.94,277866,STT
2018-08-17 14:30:00,84.94,85.13,84.89,84.94,408234,STT
2018-08-17 15:30:00,84.96,84.96,84.8,84.95,460568,STT
2018-08-17 16:00:00,84.96,84.96,84.75,84.8,0,STT
2018-08-17 17:00:00,84.8,84.96,84.8,84.96,0,STT
2018-08-20 08:00:00,86.0,86.0,86.0,86.0,0,STT
2018-08-20 09:00:00,86.66,86.66,85.7,85.7,0,STT
2018-08-20 09:30:00,85.39,85.97,85.36,85.4,614784,STT
2018-08-20 10:30:00,85.39,85.4,84.99,85.11,227955,STT
2018-08-20 11:30:00,85.11,85.45,85.11,85.29,122888,STT
2018-08-20 12:30:00,85.27,85.37,85.23,85.37,126183,STT
2018-08-20 13:30:00,85.35,85.48,85.26,85.38,125410,STT
2018-08-20 14:30:00,85.38,85.46,85.32,85.46,133848,STT
2018-08-20 15:30:00,85.47,85.5,85.32,85.34,211471,STT
2018-08-20 16:00:00,85.37,85.38,85.36,85.37,0,STT
2018-08-20 17:00:00,85.37,85.37,85.37,85.37,0,STT
2018-08-20 19:00:00,85.41,85.41,85.41,85.41,0,STT
2018-08-21 09:00:00,85.41,85.41,85.41,85.41,0,STT
2018-08-21 09:30:00,85.0,85.53,84.82,85.46,380070,STT
2018-08-21 10:30:00,85.5,85.92,85.44,85.79,313051,STT
2018-08-21 11:30:00,85.78,86.2,85.74,86.14,293906,STT
2018-08-21 12:30:00,86.16,86.24,86.03,86.14,329715,STT
2018-08-21 13:30:00,86.17,86.44,86.17,86.32,347586,STT
2018-08-21 14:30:00,86.3,86.6,86.22,86.5,453161,STT
2018-08-21 15:30:00,86.48,86.53,86.13,86.19,314377,STT
2018-08-21 16:00:00,86.18,86.25,86.18,86.19,0,STT
2018-08-21 17:00:00,86.18,86.18,86.18,86.18,0,STT
2018-08-22 09:30:00,85.76,85.83,85.37,85.61,281626,STT
2018-08-22 10:30:00,85.59,86.19,85.55,86.17,402018,STT
2018-08-22 11:30:00,86.16,86.24,85.94,85.94,263418,STT
2018-08-22 12:30:00,86.02,86.09,85.96,85.99,368690,STT
2018-08-22 13:30:00,86.0,86.04,85.8,85.87,323384,STT
2018-08-22 14:30:00,85.85,85.97,85.8,85.87,363874,STT
2018-08-22 15:30:00,85.89,85.99,85.88,85.93,322158,STT
2018-08-22 16:00:00,85.89,85.99,85.88,85.93,0,STT
2018-08-22 17:00:00,85.93,85.93,85.93,85.93,0,STT
2018-08-23 09:30:00,85.91,86.12,85.77,85.82,579044,STT
2018-08-23 10:30:00,85.93,85.96,85.32,85.39,538328,STT
2018-08-23 11:30:00,85.42,85.43,85.19,85.43,356622,STT
2018-08-23 12:30:00,85.43,85.46,85.2,85.2,318702,STT
2018-08-23 13:30:00,85.23,85.38,85.2,85.35,248194,STT
2018-08-23 14:30:00,85.35,85.52,85.32,85.49,354500,STT
2018-08-23 15:30:00,85.46,85.46,85.26,85.37,449117,STT
2018-08-23 16:00:00,85.46,85.5,85.26,85.36,0,STT
2018-08-23 17:00:00,85.36,85.36,85.36,85.36,0,STT
2018-08-24 09:30:00,85.68,85.89,85.53,85.75,250467,STT
2018-08-24 10:30:00,85.76,85.98,85.55,85.69,304413,STT
2018-08-24 11:30:00,85.66,85.95,85.66,85.89,209648,STT
2018-08-24 12:30:00,85.9,86.0,85.87,85.91,191060,STT
2018-08-24 13:30:00,85.91,86.03,85.81,86.03,337276,STT
2018-08-24 14:30:00,86.02,86.12,85.92,86.12,416428,STT
2018-08-24 15:30:00,86.11,86.18,86.04,86.1,248690,STT
2018-08-24 16:00:00,86.11,86.18,85.89,86.12,0,STT
2018-08-27 09:30:00,86.55,87.67,86.55,87.67,462992,STT
2018-08-27 10:30:00,87.55,87.67,87.24,87.38,1176468,STT
2018-08-27 11:30:00,87.39,87.53,87.3,87.39,386170,STT
2018-08-27 12:30:00,87.41,87.45,87.17,87.19,213000,STT
2018-08-27 13:30:00,87.19,87.2,86.87,86.96,315158,STT
2018-08-27 14:30:00,86.96,87.11,86.9,87.11,366258,STT
2018-08-27 15:30:00,87.09,87.16,87.01,87.06,286613,STT
2018-08-27 16:00:00,87.09,87.23,87.01,87.06,0,STT
2018-08-27 19:00:00,87.06,87.06,87.06,87.06,0,STT
2018-08-28 09:00:00,87.06,87.06,87.06,87.06,0,STT
2018-08-28 09:30:00,87.26,88.02,87.09,87.93,481967,STT
2018-08-28 10:30:00,87.86,88.28,87.85,88.28,396096,STT
2018-08-28 11:30:00,88.0,88.07,87.75,88.0,503085,STT
2018-08-28 12:30:00,88.02,88.1,87.94,88.04,415451,STT
2018-08-28 13:30:00,88.0,88.33,88.0,88.3,369375,STT
2018-08-28 14:30:00,88.29,88.29,88.08,88.15,302042,STT
2018-08-28 15:30:00,88.12,88.15,87.9,88.0,651351,STT
2018-08-28 16:00:00,87.99,87.99,87.99,87.99,0,STT
2018-08-29 09:30:00,87.55,87.55,87.12,87.34,597389,STT
2018-08-29 10:30:00,87.28,87.81,87.12,87.78,671479,STT
2018-08-29 11:30:00,87.83,87.94,87.77,87.83,235196,STT
2018-08-29 12:30:00,87.83,87.85,87.67,87.69,282446,STT
2018-08-29 13:30:00,87.68,87.68,87.57,87.64,257234,STT
2018-08-29 14:30:00,87.64,87.89,87.64,87.89,410780,STT
2018-08-29 15:30:00,87.89,88.03,87.82,87.84,339073,STT
2018-08-29 16:00:00,87.89,88.03,87.73,87.84,0,STT
2018-08-30 08:00:00,87.75,87.75,87.75,87.75,0,STT
2018-08-30 09:30:00,87.51,87.72,87.2,87.25,369888,STT
2018-08-30 10:30:00,87.26,87.43,86.91,86.93,461873,STT
2018-08-30 11:30:00,86.98,87.1,86.94,87.07,148665,STT
2018-08-30 12:30:00,87.05,87.1,86.95,87.01,192475,STT
2018-08-30 13:30:00,87.02,87.16,86.71,86.82,259662,STT
2018-08-30 14:30:00,86.84,86.98,86.58,86.7,224391,STT
2018-08-30 15:30:00,86.71,86.83,86.69,86.72,410797,STT
2018-08-30 16:00:00,86.72,87.04,86.72,86.72,0,STT
2018-08-31 09:30:00,86.42,86.79,86.2,86.69,251091,STT
2018-08-31 10:30:00,86.47,86.9,86.47,86.76,635335,STT
2018-08-31 11:30:00,86.7,86.7,86.36,86.5,247608,STT
2018-08-31 12:30:00,86.5,86.76,86.38,86.73,249850,STT
2018-08-31 13:30:00,86.73,86.79,86.56,86.68,260572,STT
2018-08-31 14:30:00,86.67,86.95,86.66,86.75,307916,STT
2018-08-31 15:30:00,86.76,87.07,86.76,86.92,277097,STT
2018-08-31 16:00:00,86.76,87.07,86.76,86.91,0,STT
2018-08-31 17:00:00,86.91,86.91,86.91,86.91,0,STT
2018-09-04 06:00:00,87.51,87.51,87.51,87.51,0,STT
2018-09-04 09:00:00,86.91,86.91,86.91,86.91,0,STT
2018-09-04 09:30:00,88.11,88.48,87.29,87.96,523583,STT
2018-09-04 10:30:00,87.93,88.15,87.77,87.86,341664,STT
2018-09-04 11:30:00,87.86,87.95,87.49,87.54,306716,STT
2018-09-04 12:30:00,87.56,87.6,87.34,87.41,409305,STT
2018-09-04 13:30:00,87.42,87.82,87.42,87.7,291770,STT
2018-09-04 14:30:00,87.66,87.78,87.52,87.53,244238,STT
2018-09-04 15:30:00,87.51,87.61,87.4,87.6,455333,STT
2018-09-04 16:00:00,87.6,87.68,87.6,87.61,0,STT
2018-09-04 17:00:00,87.66,87.66,87.66,87.66,0,STT
2018-09-05 09:30:00,87.69,88.06,87.16,87.53,456188,STT
2018-09-05 10:30:00,87.72,87.72,87.16,87.17,732460,STT
2018-09-05 11:30:00,87.21,87.47,87.15,87.33,369508,STT
2018-09-05 12:30:00,87.33,87.52,87.29,87.48,362964,STT
2018-09-05 13:30:00,87.51,87.58,87.32,87.45,321458,STT
2018-09-05 14:30:00,87.45,87.61,87.38,87.38,673530,STT
2018-09-05 15:30:00,87.42,87.42,86.97,87.28,421858,STT
2018-09-05 16:00:00,87.42,87.42,86.98,87.26,0,STT
2018-09-06 09:30:00,87.03,87.28,86.69,86.96,387657,STT
2018-09-06 10:30:00,86.89,86.99,86.04,86.29,750449,STT
2018-09-06 11:30:00,86.26,86.5,86.2,86.29,276886,STT
2018-09-06 12:30:00,86.26,86.43,86.02,86.08,276838,STT
2018-09-06 13:30:00,86.1,86.35,86.02,86.29,382784,STT
2018-09-06 14:30:00,86.31,86.63,86.28,86.46,492564,STT
2018-09-06 15:30:00,86.48,86.51,86.37,86.41,310819,STT
2018-09-06 16:00:00,86.48,86.51,86.26,86.26,0,STT
2018-09-06 17:00:00,86.44,86.44,86.26,86.41,0,STT
2018-09-07 09:30:00,86.62,86.62,85.85,86.09,349060,STT
2018-09-07 10:30:00,85.9,86.35,85.85,86.35,293614,STT
2018-09-07 11:30:00,86.31,86.4,85.98,85.99,239066,STT
2018-09-07 12:30:00,86.02,86.18,85.86,86.18,144028,STT
2018-09-07 13:30:00,86.16,86.43,86.13,86.43,273924,STT
2018-09-07 14:30:00,86.44,86.6,86.41,86.53,318046,STT
2018-09-07 15:30:00,86.52,86.55,86.31,86.39,350281,STT
2018-09-07 16:00:00,86.52,86.55,86.31,86.37,0,STT
2018-09-07 17:00:00,86.22,86.22,86.22,86.22,0,STT
2018-09-10 09:30:00,87.0,87.28,86.83,87.24,450869,STT
2018-09-10 10:30:00,87.24,87.67,87.05,87.67,532801,STT
2018-09-10 11:30:00,87.68,87.7,87.17,87.18,346896,STT
2018-09-10 12:30:00,87.18,87.2,87.0,87.09,257154,STT
2018-09-10 13:30:00,87.09,87.31,87.01,87.28,273054,STT
2018-09-10 14:30:00,87.29,87.34,87.19,87.25,344390,STT
2018-09-10 15:30:00,87.22,87.32,87.11,87.11,378507,STT
2018-09-10 16:00:00,87.22,87.46,87.1,87.22,0,STT
2018-09-10 18:00:00,87.1,87.1,87.1,87.1,0,STT
2018-09-11 09:30:00,86.74,86.88,86.34,86.82,284229,STT
2018-09-11 10:30:00,86.88,86.99,86.62,86.96,349755,STT
2018-09-11 11:30:00,86.98,87.38,86.94,87.3,256440,STT
2018-09-11 12:30:00,87.31,87.48,87.3,87.42,220378,STT
2018-09-11 13:30:00,87.41,87.46,87.09,87.12,456550,STT
2018-09-11 14:30:00,87.1,87.13,87.0,87.03,430222,STT
2018-09-11 15:30:00,87.03,87.05,86.85,86.88,464273,STT
2018-09-11 16:00:00,87.03,87.05,86.85,86.87,0,STT
2018-09-11 17:00:00,86.87,86.87,86.86,86.86,0,STT
2018-09-12 09:30:00,86.86,87.01,86.36,86.52,597241,STT
2018-09-12 10:30:00,86.77,86.89,86.47,86.85,768705,STT
2018-09-12 11:30:00,86.89,86.9,86.37,86.48,459902,STT
2018-09-12 12:30:00,86.5,86.72,86.47,86.6,382738,STT
2018-09-12 13:30:00,86.6,86.8,86.47,86.76,464606,STT
2018-09-12 14:30:00,86.76,86.84,86.69,86.81,575050,STT
2018-09-12 15:30:00,86.81,86.86,86.55,86.56,367225,STT
2018-09-12 16:00:00,86.8,86.86,86.55,86.55,0,STT
2018-09-12 17:00:00,86.55,86.55,86.55,86.55,0,STT
2018-09-13 09:30:00,87.4,87.47,86.52,86.87,775406,STT
2018-09-13 10:30:00,87.31,87.47,86.52,86.57,960168,STT
2018-09-13 11:30:00,86.59,86.73,86.45,86.58,487160,STT
2018-09-13 12:30:00,86.58,86.68,86.18,86.24,385382,STT
2018-09-13 13:30:00,86.24,86.32,86.17,86.26,346756,STT
2018-09-13 14:30:00,86.25,86.71,86.25,86.56,901934,STT
2018-09-13 15:30:00,86.55,86.63,86.37,86.4,506929,STT
2018-09-13 16:00:00,86.55,86.63,86.37,86.4,0,STT
2018-09-14 09:30:00,86.97,87.52,86.97,87.24,548114,STT
2018-09-14 10:30:00,87.28,87.43,87.06,87.39,746636,STT
2018-09-14 11:30:00,87.43,87.43,86.95,87.08,418306,STT
2018-09-14 12:30:00,87.07,87.17,86.92,87.12,259042,STT
2018-09-14 13:30:00,87.13,87.23,87.08,87.19,291644,STT
2018-09-14 14:30:00,87.21,87.33,87.16,87.24,505036,STT
2018-09-14 15:30:00,87.25,87.36,87.25,87.29,433497,STT
2018-09-14 16:00:00,87.25,87.36,87.25,87.29,0,STT
2018-09-14 17:00:00,87.29,87.29,87.29,87.29,0,STT
2018-09-14 18:00:00,87.29,87.3,87.29,87.3,0,STT
2018-09-14 19:00:00,87.29,87.29,87.29,87.29,0,STT
2018-09-17 09:30:00,87.55,87.67,86.75,86.75,446444,STT
2018-09-17 10:30:00,87.05,87.05,86.44,86.58,474094,STT
2018-09-17 11:30:00,86.58,86.58,86.23,86.29,245526,STT
2018-09-17 12:30:00,86.29,86.29,86.06,86.11,267432,STT
2018-09-17 13:30:00,86.09,86.2,86.06,86.13,284870,STT
2018-09-17 14:30:00,86.11,86.22,85.82,85.84,577198,STT
2018-09-17 15:30:00,85.83,85.97,85.8,85.88,542072,STT
2018-09-17 16:00:00,85.84,86.1,85.8,86.1,0,STT
2018-09-18 09:30:00,85.96,86.09,85.4,85.76,369504,STT
2018-09-18 10:30:00,85.58,85.85,85.4,85.85,673744,STT
2018-09-18 11:30:00,85.83,86.09,85.78,85.82,465914,STT
2018-09-18 12:30:00,85.84,85.88,85.72,85.74,332224,STT
2018-09-18 13:30:00,85.73,85.81,85.71,85.74,376498,STT
2018-09-18 14:30:00,85.74,85.74,85.61,85.72,396410,STT
2018-09-18 15:30:00,85.71,85.75,85.54,85.61,490979,STT
2018-09-18 16:00:00,85.71,85.76,85.54,85.62,0,STT
2018-09-18 17:00:00,85.62,85.72,85.62,85.72,0,STT
2018-09-19 09:30:00,85.83,87.83,85.83,87.61,983524,STT
2018-09-19 10:30:00,87.38,87.86,87.38,87.63,1021948,STT
2018-09-19 11:30:00,87.6,88.06,87.56,88.06,499902,STT
2018-09-19 12:30:00,88.07,88.24,87.93,88.08,444052,STT
2018-09-19 13:30:00,88.04,88.38,88.04,88.26,563620,STT
2018-09-19 14:30:00,88.26,88.36,88.04,88.04,624978,STT
2018-09-19 15:30:00,88.02,88.11,87.89,87.92,493282,STT
2018-09-19 16:00:00,88.02,88.11,87.9,87.92,0,STT
2018-09-19 17:00:00,87.92,87.92,87.92,87.92,0,STT
2018-09-20 09:30:00,88.78,90.01,88.78,89.37,818028,STT
2018-09-20 10:30:00,89.81,89.86,89.2,89.5,669754,STT
2018-09-20 11:30:00,89.46,89.8,89.34,89.73,344452,STT
2018-09-20 12:30:00,89.72,90.05,89.7,89.82,308640,STT
2018-09-20 13:30:00,89.82,90.09,89.77,90.09,294460,STT
2018-09-20 14:30:00,90.1,90.2,89.92,89.93,976496,STT
2018-09-20 15:30:00,89.93,89.97,89.54,89.6,604376,STT
2018-09-20 16:00:00,89.93,89.98,89.54,89.58,0,STT
2018-09-20 17:00:00,89.57,89.57,89.57,89.57,0,STT
2018-09-21 09:30:00,89.54,89.76,89.17,89.28,1494780,STT
2018-09-21 10:30:00,89.41,89.52,88.96,89.16,700720,STT
2018-09-21 11:30:00,89.16,89.33,89.01,89.14,555534,STT
2018-09-21 12:30:00,89.16,89.21,89.02,89.07,331126,STT
2018-09-21 13:30:00,89.07,89.09,88.84,88.89,456910,STT
2018-09-21 14:30:00,88.89,88.94,88.59,88.6,702450,STT
2018-09-21 15:30:00,88.61,88.92,88.61,88.77,467387,STT
2018-09-21 16:00:00,88.61,89.12,88.61,89.12,0,STT
2018-09-21 17:00:00,88.77,89.12,88.77,88.77,0,STT
2018-09-24 08:00:00,88.77,88.77,88.77,88.77,0,STT
2018-09-24 09:30:00,88.63,88.72,87.42,87.56,265252,STT
2018-09-24 10:30:00,87.47,87.86,87.38,87.57,297357,STT
2018-09-24 11:30:00,87.56,87.6,87.22,87.25,142968,STT
2018-09-24 12:30:00,87.24,87.26,86.9,87.1,133111,STT
2018-09-24 13:30:00,87.05,87.37,87.04,87.29,165226,STT
2018-09-24 14:30:00,87.25,87.31,87.18,87.26,190212,STT
2018-09-24 15:30:00,87.26,87.26,86.98,87.05,318040,STT
2018-09-24 16:00:00,87.05,87.05,87.05,87.05,0,STT
2018-09-24 17:00:00,87.25,88.77,87.05,88.77,0,STT
2018-09-25 09:30:00,87.42,87.47,86.92,86.94,380036,STT
2018-09-25 10:30:00,87.07,87.2,86.72,86.96,587432,STT
2018-09-25 11:30:00,86.96,86.97,86.64,86.85,523760,STT
2018-09-25 12:30:00,86.84,87.2,86.84,87.1,641966,STT
2018-09-25 13:30:00,87.09,87.13,86.88,87.07,463026,STT
2018-09-25 14:30:00,87.06,87.09,86.9,87.09,402264,STT
2018-09-25 15:30:00,87.09,87.2,86.75,86.75,594453,STT
2018-09-25 16:00:00,87.09,87.2,86.76,86.85,0,STT
2018-09-26 09:30:00,86.89,86.94,86.35,86.62,437193,STT
2018-09-26 10:30:00,86.63,86.69,86.35,86.4,532347,STT
2018-09-26 11:30:00,86.36,86.36,86.02,86.13,332090,STT
2018-09-26 12:30:00,86.13,86.56,86.13,86.54,546694,STT
2018-09-26 13:30:00,86.56,87.07,86.54,86.93,1094744,STT
2018-09-26 14:30:00,86.9,86.93,86.46,86.47,703336,STT
2018-09-26 15:30:00,86.47,86.5,86.03,86.2,601177,STT
2018-09-26 16:00:00,86.47,86.78,86.03,86.78,0,STT
2018-09-26 18:00:00,86.2,86.2,86.2,86.2,0,STT
2018-09-27 09:30:00,86.58,86.58,85.34,86.25,323830,STT
2018-09-27 10:30:00,85.63,86.79,85.63,86.64,693450,STT
2018-09-27 11:30:00,86.63,86.82,86.51,86.81,401004,STT
2018-09-27 12:30:00,86.83,86.88,86.31,86.37,227262,STT
2018-09-27 13:30:00,86.34,86.39,86.14,86.14,182576,STT
2018-09-27 14:30:00,86.12,86.14,85.78,85.78,310552,STT
2018-09-27 15:30:00,85.76,85.77,85.66,85.69,281561,STT
2018-09-27 16:00:00,85.76,86.67,85.66,85.69,0,STT
2018-09-27 17:00:00,85.69,86.17,85.69,85.69,0,STT
2018-09-27 19:00:00,85.8,85.8,85.8,85.8,0,STT
2018-09-28 09:00:00,84.91,84.91,84.91,84.91,0,STT
2018-09-28 09:30:00,84.88,84.97,84.05,84.66,327439,STT
2018-09-28 10:30:00,84.7,84.88,84.61,84.71,348557,STT
2018-09-28 11:30:00,84.68,84.76,84.42,84.72,173573,STT
2018-09-28 12:30:00,84.73,84.73,84.49,84.5,123673,STT
2018-09-28 13:30:00,84.51,84.72,84.49,84.67,172513,STT
2018-09-28 14:30:00,84.66,84.73,84.38,84.38,292489,STT
2018-09-28 15:30:00,84.38,84.38,83.68,83.79,776638,STT
2018-09-28 16:00:00,83.78,84.23,83.78,83.78,0,STT
2018-09-28 17:00:00,84.15,84.15,84.15,84.15,0,STT
2018-10-01 09:00:00,83.78,83.78,83.78,83.78,0,STT
2018-10-01 09:30:00,84.18,85.61,83.89,85.46,474847,STT
2018-10-01 10:30:00,85.43,85.8,85.33,85.61,371348,STT
2018-10-01 11:30:00,85.62,85.73,85.36,85.49,312024,STT
2018-10-01 12:30:00,85.51,85.7,85.44,85.68,188654,STT
2018-10-01 13:30:00,85.69,85.69,85.45,85.67,289501,STT
2018-10-01 14:30:00,85.67,85.68,85.36,85.41,348687,STT
2018-10-01 15:30:00,85.39,85.58,85.28,85.51,490604,STT
2018-10-01 16:00:00,85.51,85.53,85.4,85.51,0,STT
2018-10-02 09:30:00,85.44,86.01,84.85,84.95,181488,STT
2018-10-02 10:30:00,85.23,85.3,84.62,84.95,361660,STT
2018-10-02 11:30:00,84.91,85.26,84.91,85.21,291614,STT
2018-10-02 12:30:00,85.22,85.56,85.17,85.42,374004,STT
2018-10-02 13:30:00,85.44,85.59,85.42,85.5,334794,STT
2018-10-02 14:30:00,85.49,85.56,85.41,85.55,501378,STT
2018-10-02 15:30:00,85.57,85.69,85.45,85.45,453575,STT
2018-10-02 16:00:00,85.57,85.69,85.1,85.45,0,STT
2018-10-02 17:00:00,85.45,85.45,85.41,85.41,0,STT
2018-10-03 09:30:00,86.08,86.43,85.16,85.61,355823,STT
2018-10-03 10:30:00,85.22,85.79,85.16,85.75,734919,STT
2018-10-03 11:30:00,85.8,86.3,85.71,86.24,563650,STT
2018-10-03 12:30:00,86.27,86.45,86.2,86.45,299770,STT
2018-10-03 13:30:00,86.46,86.91,86.45,86.73,631100,STT
2018-10-03 14:30:00,86.73,86.73,86.09,86.14,746988,STT
2018-10-03 15:30:00,86.16,86.23,86.01,86.06,381003,STT
2018-10-03 16:00:00,86.16,86.23,86.01,86.09,0,STT
2018-10-03 17:00:00,86.08,86.09,86.08,86.09,0,STT
2018-10-04 09:00:00,86.31,86.31,86.31,86.31,0,STT
2018-10-04 09:30:00,86.14,87.34,86.14,86.89,383113,STT
2018-10-04 10:30:00,86.81,87.22,86.61,86.71,359010,STT
2018-10-04 11:30:00,86.75,86.85,86.25,86.66,410467,STT
2018-10-04 12:30:00,86.62,86.86,86.25,86.5,497343,STT
2018-10-04 13:30:00,86.45,86.78,86.27,86.55,370215,STT
2018-10-04 14:30:00,86.52,86.98,86.48,86.86,353161,STT
2018-10-04 15:30:00,86.86,86.95,86.71,86.9,503798,STT
2018-10-04 16:00:00,86.91,86.91,86.73,86.91,0,STT
2018-10-04 17:00:00,86.91,86.91,86.91,86.91,0,STT
2018-10-05 09:30:00,87.14,87.79,86.82,87.17,421250,STT
2018-10-05 10:30:00,87.45,87.54,86.8,86.8,718010,STT
2018-10-05 11:30:00,86.75,86.76,86.38,86.56,603672,STT
2018-10-05 12:30:00,86.55,86.55,86.04,86.13,288528,STT
2018-10-05 13:30:00,86.17,86.49,86.09,86.17,315936,STT
2018-10-05 14:30:00,86.22,86.48,86.17,86.23,431650,STT
2018-10-05 15:30:00,86.2,86.48,86.11,86.36,413791,STT
2018-10-05 16:00:00,86.2,86.59,86.11,86.37,0,STT
2018-10-05 17:00:00,86.37,86.37,86.37,86.37,0,STT
2018-10-08 09:30:00,86.33,87.0,86.18,87.0,385735,STT
2018-10-08 10:30:00,86.61,87.0,86.58,86.78,635467,STT
2018-10-08 11:30:00,86.76,86.95,86.14,86.64,436884,STT
2018-10-08 12:30:00,86.63,86.69,86.39,86.49,331836,STT
2018-10-08 13:30:00,86.49,87.41,86.49,87.09,442670,STT
2018-10-08 14:30:00,87.09,87.38,86.8,87.24,639662,STT
2018-10-08 15:30:00,87.25,87.32,87.14,87.14,377714,STT
2018-10-08 16:00:00,87.25,87.32,86.28,87.14,0,STT
2018-10-08 18:00:00,87.14,87.14,87.14,87.14,0,STT
2018-10-09 09:30:00,87.04,87.04,85.91,86.64,581555,STT
2018-10-09 10:30:00,86.45,86.76,86.12,86.37,1539079,STT
2018-10-09 11:30:00,86.33,86.73,86.31,86.48,498798,STT
2018-10-09 12:30:00,86.44,86.5,86.24,86.46,394922,STT
2018-10-09 13:30:00,86.45,86.8,86.4,86.75,607006,STT
2018-10-09 14:30:00,86.77,86.77,86.51,86.53,771326,STT
2018-10-09 15:30:00,86.5,86.5,86.28,86.33,418272,STT
2018-10-09 16:00:00,86.5,86.5,86.28,86.36,0,STT
2018-10-10 09:30:00,86.3,86.79,85.79,85.93,799726,STT
2018-10-10 10:30:00,86.0,86.17,85.25,85.33,1243996,STT
2018-10-10 11:30:00,85.33,85.33,84.71,84.71,567932,STT
2018-10-10 12:30:00,84.67,84.98,84.34,84.72,403188,STT
2018-10-10 13:30:00,84.71,84.94,84.18,84.34,442866,STT
2018-10-10 14:30:00,84.3,84.41,83.55,83.93,802288,STT
2018-10-10 15:30:00,83.92,83.92,82.8,82.89,842527,STT
2018-10-10 16:00:00,83.92,84.51,82.8,84.3,0,STT
2018-10-10 17:00:00,82.86,84.3,82.86,82.87,0,STT
2018-10-11 09:30:00,82.84,83.98,82.29,83.07,862062,STT
2018-10-11 10:30:00,83.39,83.54,81.63,82.04,798056,STT
2018-10-11 11:30:00,81.98,83.14,81.91,82.88,625334,STT
2018-10-11 12:30:00,82.84,83.07,82.56,82.7,616006,STT
2018-10-11 13:30:00,82.74,82.96,82.39,82.76,873746,STT
2018-10-11 14:30:00,82.67,82.77,81.46,82.32,2210730,STT
2018-10-11 15:30:00,82.22,82.44,81.68,81.73,1158542,STT
2018-10-11 16:00:00,82.22,83.11,81.68,83.11,0,STT
2018-10-11 17:00:00,82.59,83.11,81.72,81.72,0,STT
2018-10-11 18:00:00,81.73,81.73,81.73,81.73,0,STT
2018-10-12 07:00:00,83.49,83.5,83.49,83.5,0,STT
2018-10-12 09:30:00,83.18,83.25,81.32,81.37,723897,STT
2018-10-12 10:30:00,81.39,82.0,81.26,81.64,421869,STT
2018-10-12 11:30:00,81.62,81.66,80.66,80.75,385780,STT
2018-10-12 12:30:00,80.77,80.94,80.01,80.74,338062,STT
2018-10-12 13:30:00,80.73,80.84,80.36,80.66,198581,STT
2018-10-12 14:30:00,80.71,81.31,80.39,81.29,237536,STT
2018-10-12 15:30:00,81.31,81.76,81.19,81.43,450096,STT
2018-10-12 16:00:00,81.46,81.46,80.71,81.32,0,STT
2018-10-12 18:00:00,81.46,81.46,81.46,81.46,0,STT
2018-10-15 09:30:00,81.33,81.94,80.97,81.41,267624,STT
2018-10-15 10:30:00,81.26,81.78,81.05,81.74,372798,STT
2018-10-15 11:30:00,81.76,81.83,81.27,81.47,259122,STT
2018-10-15 12:30:00,81.44,81.83,81.39,81.65,185854,STT
2018-10-15 13:30:00,81.62,82.01,81.55,81.55,341126,STT
2018-10-15 14:30:00,81.53,81.98,81.52,81.58,261212,STT
2018-10-15 15:30:00,81.58,81.62,81.2,81.2,235758,STT
2018-10-15 16:00:00,81.58,81.62,81.2,81.2,0,STT
2018-10-15 18:00:00,81.2,81.2,81.2,81.2,0,STT
2018-10-16 08:00:00,81.75,81.75,81.75,81.75,0,STT
2018-10-16 09:00:00,82.47,83.0,82.47,83.0,0,STT
2018-10-16 09:30:00,81.96,81.96,80.88,81.63,211098,STT
2018-10-16 10:30:00,81.57,82.24,81.57,82.21,159972,STT
2018-10-16 11:30:00,82.18,82.22,81.79,81.87,179663,STT
2018-10-16 12:30:00,81.86,82.14,81.82,82.14,179190,STT
2018-10-16 13:30:00,82.14,82.26,81.98,82.12,202456,STT
2018-10-16 14:30:00,82.17,82.31,81.86,82.01,283191,STT
2018-10-16 15:30:00,82.0,82.4,81.93,82.27,393155,STT
2018-10-16 16:00:00,82.27,82.27,82.27,82.27,0,STT
2018-10-16 17:00:00,82.27,82.6,82.27,82.6,0,STT
2018-10-17 09:00:00,82.12,82.12,82.12,82.12,0,STT
2018-10-17 09:30:00,80.96,81.82,80.68,81.67,441765,STT
2018-10-17 10:30:00,81.73,82.18,81.33,82.18,318132,STT
2018-10-17 11:30:00,82.24,83.09,82.09,82.96,185081,STT
2018-10-17 12:30:00,82.96,83.2,82.79,82.8,131776,STT
2018-10-17 13:30:00,82.85,82.93,82.39,82.4,151425,STT
2018-10-17 14:30:00,82.38,82.64,82.21,82.3,290227,STT
2018-10-17 15:30:00,82.28,82.28,81.88,82.12,530432,STT
2018-10-17 16:00:00,82.15,82.15,82.05,82.15,0,STT
2018-10-18 09:30:00,81.51,81.61,80.88,81.5,728348,STT
2018-10-18 10:30:00,81.2,81.7,80.8,80.88,772532,STT
2018-10-18 11:30:00,80.9,80.9,80.08,80.3,521866,STT
2018-10-18 12:30:00,80.26,80.49,79.77,79.82,555372,STT
2018-10-18 13:30:00,79.79,80.14,79.64,80.0,538458,STT
2018-10-18 14:30:00,80.03,80.04,79.56,79.75,802934,STT
2018-10-18 15:30:00,79.7,79.88,79.47,79.7,779105,STT
2018-10-18 16:00:00,79.7,80.7,79.47,79.7,0,STT
2018-10-18 17:00:00,79.7,79.7,79.7,79.7,0,STT
2018-10-19 08:00:00,78.0,78.0,78.0,78.0,0,STT
2018-10-19 09:00:00,78.0,78.0,76.0,76.2,0,STT
2018-10-19 09:30:00,74.27,75.43,71.83,72.6,2966053,STT
2018-10-19 10:30:00,72.63,73.79,72.54,73.35,1274917,STT
2018-10-19 11:30:00,73.36,73.74,72.81,73.57,877907,STT
2018-10-19 12:30:00,73.49,74.45,73.49,74.12,890953,STT
2018-10-19 13:30:00,74.16,74.26,73.37,73.85,1191309,STT
2018-10-19 14:30:00,73.89,73.99,72.88,73.31,2140855,STT
2018-10-19 15:30:00,73.29,73.36,72.74,72.82,1441494,STT
2018-10-19 16:00:00,72.9,73.4,72.82,72.91,0,STT
2018-10-19 17:00:00,72.9,72.9,72.9,72.9,0,STT
2018-10-22 09:30:00,73.39,73.52,71.1,71.25,1154933,STT
2018-10-22 10:30:00,72.23,72.24,70.91,70.94,2399193,STT
2018-10-22 11:30:00,70.97,71.0,70.48,70.56,1239730,STT
2018-10-22 12:30:00,70.58,71.03,70.43,70.97,935256,STT
2018-10-22 13:30:00,70.96,71.05,70.54,70.77,636810,STT
2018-10-22 14:30:00,70.75,71.07,70.69,70.73,1252338,STT
2018-10-22 15:30:00,70.72,70.93,70.66,70.79,892662,STT
2018-10-22 16:00:00,70.72,71.1,70.66,70.81,0,STT
2018-10-23 05:00:00,70.0,70.0,70.0,70.0,0,STT
2018-10-23 09:30:00,69.05,69.21,67.82,68.16,627777,STT
2018-10-23 10:30:00,68.06,69.66,67.75,69.32,998885,STT
2018-10-23 11:30:00,69.38,69.38,68.62,69.08,467247,STT
2018-10-23 12:30:00,69.12,69.4,68.91,69.12,658724,STT
2018-10-23 13:30:00,69.13,69.63,68.83,69.51,477352,STT
2018-10-23 14:30:00,69.5,69.93,69.48,69.67,557239,STT
2018-10-23 15:30:00,69.73,70.03,69.6,69.71,748946,STT
2018-10-23 16:00:00,69.72,69.72,69.15,69.72,0,STT
2018-10-24 08:00:00,69.77,69.77,69.77,69.77,0,STT
2018-10-24 09:30:00,69.65,69.82,69.24,69.39,643400,STT
2018-10-24 10:30:00,69.34,69.47,68.36,68.48,230390,STT
2018-10-24 11:30:00,68.38,69.06,68.33,68.83,205714,STT
2018-10-24 12:30:00,68.86,68.86,68.12,68.25,168054,STT
2018-10-24 13:30:00,68.25,68.63,67.99,68.63,308866,STT
2018-10-24 14:30:00,68.57,68.74,67.63,67.63,570116,STT
2018-10-24 15:30:00,67.69,67.87,67.18,67.28,695293,STT
2018-10-24 16:00:00,67.29,67.29,67.27,67.28,0,STT
2018-10-24 17:00:00,67.29,67.29,67.29,67.29,0,STT
2018-10-25 09:30:00,67.76,68.21,67.41,67.81,721293,STT
2018-10-25 10:30:00,67.41,68.21,67.41,67.92,1395463,STT
2018-10-25 11:30:00,67.92,67.99,67.45,67.45,761648,STT
2018-10-25 12:30:00,67.41,67.84,67.41,67.84,530366,STT
2018-10-25 13:30:00,67.86,68.69,67.84,68.65,2535530,STT
2018-10-25 14:30:00,68.64,68.94,68.54,68.62,1515474,STT
2018-10-25 15:30:00,68.64,68.66,67.9,68.05,622000,STT
2018-10-25 16:00:00,68.64,68.66,67.9,68.06,0,STT
2018-10-25 17:00:00,68.05,68.05,68.05,68.05,0,STT
2018-10-26 09:30:00,67.39,67.77,66.8,66.8,1329161,STT
2018-10-26 10:30:00,67.55,67.55,66.72,67.22,2120991,STT
2018-10-26 11:30:00,67.2,67.46,67.02,67.25,1195228,STT
2018-10-26 12:30:00,67.24,67.43,67.11,67.17,1082062,STT
2018-10-26 13:30:00,67.15,67.39,66.83,66.96,691754,STT
2018-10-26 14:30:00,66.97,67.06,66.25,66.79,771912,STT
2018-10-26 15:30:00,66.74,66.86,66.38,66.39,1208171,STT
2018-10-26 16:00:00,66.74,67.34,66.38,66.38,0,STT
2018-10-29 09:30:00,67.64,68.22,67.51,68.0,647179,STT
2018-10-29 10:30:00,67.7,68.26,67.61,68.19,1023562,STT
2018-10-29 11:30:00,68.19,68.37,67.67,67.73,1129115,STT
2018-10-29 12:30:00,67.79,68.02,67.65,67.85,389076,STT
2018-10-29 13:30:00,67.85,68.02,67.43,67.54,604924,STT
2018-10-29 14:30:00,67.49,67.6,66.46,66.6,685078,STT
2018-10-29 15:30:00,66.58,66.62,65.85,66.41,1183654,STT
2018-10-29 16:00:00,66.58,67.36,65.85,66.41,0,STT
2018-10-29 17:00:00,66.4,66.42,66.4,66.42,0,STT
2018-10-30 09:30:00,66.78,67.65,66.53,67.39,726568,STT
2018-10-30 10:30:00,67.51,67.65,66.68,67.1,772264,STT
2018-10-30 11:30:00,66.88,67.32,66.68,67.21,789160,STT
2018-10-30 12:30:00,67.17,67.23,66.97,67.06,501136,STT
2018-10-30 13:30:00,67.06,67.52,67.0,67.11,557420,STT
2018-10-30 14:30:00,67.12,67.54,66.91,67.54,1830760,STT
2018-10-30 15:30:00,67.66,67.88,67.5,67.75,1035282,STT
2018-10-30 16:00:00,67.66,67.88,67.34,67.74,0,STT
2018-10-31 09:30:00,68.68,68.69,68.05,68.33,1495712,STT
2018-10-31 10:30:00,68.23,68.96,68.07,68.96,2303725,STT
2018-10-31 11:30:00,68.48,69.2,68.37,68.9,1148557,STT
2018-10-31 12:30:00,68.89,69.68,68.8,69.42,1445636,STT
2018-10-31 13:30:00,69.41,69.73,69.32,69.65,1016450,STT
2018-10-31 14:30:00,69.62,69.67,69.24,69.29,1296508,STT
2018-10-31 15:30:00,69.29,69.29,68.68,68.71,1261840,STT
2018-10-31 16:00:00,69.28,69.29,68.68,68.75,0,STT
2018-10-31 17:00:00,68.75,68.75,68.75,68.75,0,STT
2018-10-31 18:00:00,68.75,68.75,68.75,68.75,0,STT
2018-11-01 09:00:00,68.75,68.75,68.75,68.75,0,STT
2018-11-01 09:30:00,69.27,69.6,68.78,69.4,714306,STT
2018-11-01 10:30:00,69.44,69.93,69.4,69.72,769998,STT
2018-11-01 11:30:00,69.74,70.03,69.65,69.74,313905,STT
2018-11-01 12:30:00,69.8,69.97,69.74,69.89,343968,STT
2018-11-01 13:30:00,69.9,70.28,69.78,70.16,380119,STT
2018-11-01 14:30:00,70.19,70.34,70.07,70.11,354629,STT
2018-11-01 15:30:00,70.08,70.23,69.96,69.96,924370,STT
2018-11-01 16:00:00,69.96,69.96,69.79,69.79,0,STT
2018-11-01 17:00:00,69.96,69.96,69.96,69.96,0,STT
2018-11-02 09:30:00,71.13,71.71,70.58,70.77,879345,STT
2018-11-02 10:30:00,71.36,71.36,70.42,70.83,1268940,STT
2018-11-02 11:30:00,70.84,70.88,70.57,70.7,1405549,STT
2018-11-02 12:30:00,70.67,70.68,70.13,70.35,775932,STT
2018-11-02 13:30:00,70.32,70.73,69.99,70.73,511592,STT
2018-11-02 14:30:00,70.67,70.67,70.02,70.46,1113480,STT
2018-11-02 15:30:00,70.36,70.38,69.9,69.9,1086032,STT
2018-11-02 16:00:00,70.36,70.49,69.9,69.98,0,STT
2018-11-05 09:30:00,70.24,70.8,70.22,70.74,297238,STT
2018-11-05 10:30:00,70.58,71.02,70.22,70.77,625928,STT
2018-11-05 11:30:00,70.72,70.78,70.45,70.75,340320,STT
2018-11-05 12:30:00,70.74,70.81,70.49,70.79,343526,STT
2018-11-05 13:30:00,70.8,71.77,70.8,71.68,906470,STT
2018-11-05 14:30:00,71.65,72.03,71.57,71.9,915386,STT
2018-11-05 15:30:00,71.86,72.0,71.76,71.94,744725,STT
2018-11-05 16:00:00,71.86,72.0,71.42,71.91,0,STT
2018-11-06 09:00:00,71.91,71.91,71.91,71.91,0,STT
2018-11-06 09:30:00,71.84,72.18,71.67,72.03,305882,STT
2018-11-06 10:30:00,72.02,72.27,71.8,72.15,307112,STT
2018-11-06 11:30:00,72.12,72.21,72.03,72.07,201986,STT
2018-11-06 12:30:00,72.08,72.25,72.03,72.21,178470,STT
2018-11-06 13:30:00,72.2,72.43,71.99,72.01,231078,STT
2018-11-06 14:30:00,71.99,72.1,71.88,71.95,330124,STT
2018-11-06 15:30:00,71.94,72.09,71.81,72.03,384838,STT
2018-11-06 16:00:00,72.02,72.04,72.02,72.02,0,STT
2018-11-07 09:30:00,72.7,73.16,72.27,72.87,483120,STT
2018-11-07 10:30:00,72.29,73.4,72.27,72.8,866784,STT
2018-11-07 11:30:00,72.78,73.21,72.78,73.16,457244,STT
2018-11-07 12:30:00,73.14,73.45,73.11,73.38,372142,STT
2018-11-07 13:30:00,73.39,73.41,73.07,73.36,417336,STT
2018-11-07 14:30:00,73.37,74.01,73.35,74.01,677982,STT
2018-11-07 15:30:00,73.97,74.12,73.8,73.96,577184,STT
2018-11-07 16:00:00,73.97,74.12,73.52,73.98,0,STT
2018-11-07 17:00:00,73.98,73.98,73.98,73.98,0,STT
2018-11-08 09:30:00,73.31,74.57,73.24,74.19,451905,STT
2018-11-08 10:30:00,74.25,74.38,73.96,74.03,667973,STT
2018-11-08 11:30:00,74.07,74.12,73.67,73.68,445816,STT
2018-11-08 12:30:00,73.68,73.69,73.35,73.39,503372,STT
2018-11-08 13:30:00,73.38,73.38,72.99,73.1,639504,STT
2018-11-08 14:30:00,73.09,73.33,72.86,73.18,675698,STT
2018-11-08 15:30:00,73.16,73.36,73.06,73.35,437664,STT
2018-11-08 16:00:00,73.16,73.55,73.06,73.34,0,STT
2018-11-09 09:30:00,72.86,73.03,72.05,72.29,76868,STT
2018-11-09 10:30:00,72.46,72.5,71.88,72.34,545883,STT
2018-11-09 11:30:00,72.32,72.46,72.07,72.37,441048,STT
2018-11-09 12:30:00,72.28,72.38,72.1,72.13,386070,STT
2018-11-09 13:30:00,72.12,72.19,71.81,71.96,362760,STT
2018-11-09 14:30:00,71.95,72.4,71.95,72.3,572374,STT
2018-11-09 15:30:00,72.32,72.58,72.25,72.25,734020,STT
2018-11-12 09:30:00,72.17,72.19,71.39,71.82,76668,STT
2018-11-12 10:30:00,71.64,71.91,71.19,71.19,519391,STT
2018-11-12 11:30:00,71.16,71.69,71.04,71.6,348918,STT
2018-11-12 12:30:00,71.6,71.66,71.19,71.4,250350,STT
2018-11-12 13:30:00,71.36,71.65,71.23,71.47,282594,STT
2018-11-12 14:30:00,71.49,71.59,71.13,71.45,572624,STT
2018-11-12 15:30:00,71.41,71.41,70.72,70.87,305410,STT
2018-11-12 16:00:00,71.41,71.41,70.72,70.86,490506,STT
2018-11-13 09:30:00,71.27,72.0,71.27,71.32,62128,STT
2018-11-13 10:30:00,71.83,72.22,71.07,72.18,369666,STT
2018-11-13 11:30:00,72.08,72.21,71.84,71.97,267708,STT
2018-11-13 12:30:00,71.9,72.01,71.27,71.37,242490,STT
2018-11-13 13:30:00,71.37,71.62,70.85,71.04,210058,STT
2018-11-13 14:30:00,71.09,71.21,70.83,70.96,285102,STT
2018-11-13 15:30:00,70.9,71.17,70.71,71.03,284317,STT
2018-11-13 16:00:00,70.9,71.17,70.71,71.02,893221,STT
2018-11-14 09:30:00,71.87,72.38,71.56,71.64,71004,STT
2018-11-14 10:30:00,72.23,72.27,70.83,70.88,356537,STT
2018-11-14 11:30:00,70.97,70.97,70.27,70.5,210432,STT
2018-11-14 12:30:00,70.48,70.48,69.69,69.92,313802,STT
2018-11-14 13:30:00,70.0,70.23,69.36,70.01,246214,STT
2018-11-14 14:30:00,69.99,70.74,69.83,70.6,413984,STT
2018-11-14 15:30:00,70.64,70.77,70.26,70.35,353094,STT
2018-11-14 16:00:00,70.64,70.77,70.26,70.34,1113054,STT
2018-11-15 09:30:00,69.46,69.99,69.06,69.79,90576,STT
2018-11-15 10:30:00,69.56,70.49,69.4,70.34,362597,STT
2018-11-15 11:30:00,70.46,71.1,70.44,70.86,447634,STT
2018-11-15 12:30:00,70.88,71.28,70.21,71.28,319030,STT
2018-11-15 13:30:00,71.33,71.53,71.06,71.53,339050,STT
2018-11-15 14:30:00,71.55,71.74,70.93,71.4,578426,STT
2018-11-15 15:30:00,71.42,71.87,71.4,71.87,309952,STT
2018-11-15 16:00:00,71.42,71.87,71.4,71.86,620876,STT
2018-11-16 09:30:00,71.61,71.77,70.63,71.08,184170,STT
2018-11-16 10:30:00,70.98,71.6,70.83,71.36,392346,STT
2018-11-16 11:30:00,71.39,71.48,71.13,71.13,230110,STT
2018-11-16 12:30:00,71.1,71.85,71.1,71.38,463724,STT
2018-11-16 13:30:00,71.35,71.6,71.05,71.6,385418,STT
2018-11-16 14:30:00,71.57,71.79,71.4,71.72,369636,STT
2018-11-16 15:30:00,71.7,71.79,71.53,71.66,606214,STT
2018-11-19 09:30:00,71.45,71.86,71.33,71.5,112272,STT
2018-11-19 10:30:00,71.77,72.11,71.34,71.8,594247,STT
2018-11-19 11:30:00,71.8,71.8,70.86,71.15,451780,STT
2018-11-19 12:30:00,71.07,71.43,70.95,71.24,449770,STT
2018-11-19 13:30:00,71.23,71.54,71.12,71.45,380674,STT
2018-11-19 14:30:00,71.46,71.99,71.33,71.88,425328,STT
2018-11-19 15:30:00,71.89,71.93,71.51,71.76,361546,STT
2018-11-19 16:00:00,71.9,71.93,71.51,71.77,734372,STT
2018-11-20 09:30:00,70.92,70.92,69.38,69.85,198341,STT
2018-11-20 10:30:00,69.69,70.83,69.38,70.19,768685,STT
2018-11-20 11:30:00,70.12,70.85,70.08,70.62,605022,STT
2018-11-20 12:30:00,70.67,70.77,70.37,70.77,1002838,STT
2018-11-20 13:30:00,70.79,71.05,70.62,70.84,830038,STT
2018-11-20 14:30:00,70.87,71.4,70.72,71.31,792386,STT
2018-11-20 15:30:00,71.29,71.35,71.04,71.19,597949,STT
2018-11-20 16:00:00,71.29,71.35,71.04,71.19,1354347,STT
2018-11-21 09:30:00,71.5,72.36,71.26,72.36,105452,STT
2018-11-21 10:30:00,71.86,72.81,71.86,72.7,631806,STT
2018-11-21 11:30:00,72.72,73.1,72.67,72.83,686858,STT
2018-11-21 12:30:00,72.85,72.98,72.62,72.72,592424,STT
2018-11-21 13:30:00,72.71,72.84,72.51,72.65,445822,STT
2018-11-21 14:30:00,72.67,72.71,72.43,72.45,608424,STT
2018-11-21 15:30:00,72.44,72.44,72.07,72.09,554915,STT
2018-11-21 16:00:00,72.44,72.44,72.07,72.09,1261837,STT
2018-11-23 09:30:00,71.24,72.04,71.15,71.87,89036,STT
2018-11-23 10:30:00,71.69,72.66,71.67,72.66,541711,STT
2018-11-23 11:30:00,72.63,72.72,72.23,72.3,492764,STT
2018-11-23 13:00:00,72.2,72.36,71.81,71.89,793428,STT
2018-11-26 09:30:00,72.96,74.01,72.96,73.94,65865,STT
2018-11-26 10:30:00,73.78,74.35,73.78,74.23,563586,STT
2018-11-26 11:30:00,74.15,74.46,73.84,74.26,483808,STT
2018-11-26 12:30:00,74.26,74.32,73.83,73.93,312526,STT
2018-11-26 13:30:00,73.94,74.08,73.78,73.89,419804,STT
2018-11-26 14:30:00,73.91,74.06,73.76,73.89,486246,STT
2018-11-26 15:30:00,73.9,74.07,73.88,73.9,329678,STT
2018-11-26 16:00:00,73.9,74.06,73.88,73.92,955414,STT
2018-11-27 09:30:00,73.28,73.43,72.63,72.79,97676,STT
2018-11-27 10:30:00,72.84,73.06,72.53,72.68,695204,STT
2018-11-27 11:30:00,72.66,72.92,72.59,72.65,543850,STT
2018-11-27 12:30:00,72.61,72.94,72.37,72.58,600014,STT
2018-11-27 13:30:00,72.6,72.88,72.57,72.74,377152,STT
2018-11-27 14:30:00,72.77,72.93,72.71,72.87,448618,STT
2018-11-27 15:30:00,72.86,72.98,72.68,72.7,1107432,STT
2018-11-27 16:00:00,72.7,72.7,72.7,72.7,361729,STT
2018-11-28 09:30:00,72.83,73.07,71.68,71.72,68841,STT
2018-11-28 10:30:00,72.77,72.77,71.63,72.43,555317,STT
2018-11-28 11:30:00,72.49,73.47,72.25,73.41,426534,STT
2018-11-28 12:30:00,73.41,73.76,73.27,73.76,354170,STT
2018-11-28 13:30:00,73.82,74.07,73.77,73.8,363856,STT
2018-11-28 14:30:00,73.82,73.98,73.6,73.98,339694,STT
2018-11-28 15:30:00,73.95,74.38,73.91,74.38,348296,STT
2018-11-28 16:00:00,73.95,74.38,73.91,74.38,1157846,STT
2018-11-29 09:30:00,73.57,74.1,72.59,72.61,70833,STT
2018-11-29 10:30:00,73.19,73.22,72.12,72.29,957686,STT
2018-11-29 11:30:00,72.29,72.56,72.13,72.21,588494,STT
2018-11-29 12:30:00,72.23,72.49,72.23,72.4,398250,STT
2018-11-29 13:30:00,72.4,72.94,72.36,72.88,653248,STT
2018-11-29 14:30:00,72.87,73.07,72.82,72.89,452056,STT
2018-11-29 15:30:00,72.81,72.89,72.27,72.36,536514,STT
2018-11-29 16:00:00,72.81,72.89,72.27,72.37,1926622,STT
2018-11-30 09:30:00,72.37,73.21,72.2,73.09,112285,STT
2018-11-30 10:30:00,72.89,73.27,72.6,72.64,725125,STT
2018-11-30 11:30:00,72.62,72.89,72.4,72.4,626666,STT
2018-11-30 12:30:00,72.42,72.57,72.19,72.5,698818,STT
2018-11-30 13:30:00,72.52,73.02,72.44,72.99,446666,STT
2018-11-30 14:30:00,73.0,73.19,72.92,73.1,631140,STT
2018-11-30 15:30:00,73.1,73.21,72.93,73.02,872198,STT
2018-12-03 09:30:00,74.31,75.26,73.69,74.23,725036,STT
2018-12-03 10:30:00,74.37,74.41,73.2,73.22,781127,STT
2018-12-03 11:30:00,73.24,73.38,72.84,73.35,484958,STT
2018-12-03 12:30:00,73.44,73.6,73.11,73.38,342824,STT
2018-12-03 13:30:00,73.32,73.46,72.9,73.46,328888,STT
2018-12-03 14:30:00,73.49,73.55,72.99,73.1,402978,STT
2018-12-03 15:30:00,73.14,73.21,72.81,73.12,430920,STT
2018-12-03 16:00:00,73.14,73.21,72.81,73.15,1124062,STT
2018-12-03 17:00:00,73.15,73.15,73.15,73.15,0,STT
2018-12-03 18:00:00,73.15,73.72,73.15,73.72,0,STT
2018-12-04 09:30:00,72.58,72.6,70.21,70.32,559861,STT
2018-12-04 10:30:00,70.74,70.76,69.51,69.53,1081593,STT
2018-12-04 11:30:00,69.57,69.6,68.62,68.62,1402318,STT
2018-12-04 12:30:00,68.55,68.89,67.66,67.78,585762,STT
2018-12-04 13:30:00,67.75,68.53,67.57,68.15,660280,STT
2018-12-04 14:30:00,68.16,68.84,67.77,67.81,1162614,STT
2018-12-04 15:30:00,67.81,68.17,67.73,67.79,864141,STT
2018-12-04 16:00:00,67.81,68.79,67.73,67.8,0,STT
2018-12-04 17:00:00,67.8,67.9,67.8,67.9,0,STT
2018-12-04 18:00:00,67.81,67.81,67.81,67.81,0,STT
2018-12-06 07:00:00,67.8,67.8,67.8,67.8,0,STT
2018-12-06 09:00:00,66.71,66.71,66.71,66.71,0,STT
2018-12-06 09:30:00,65.92,65.92,64.45,64.88,975300,STT
2018-12-06 10:30:00,64.88,64.98,63.44,63.66,612957,STT
2018-12-06 11:30:00,63.65,64.32,63.64,64.24,530994,STT
2018-12-06 12:30:00,64.21,64.27,63.56,63.67,471730,STT
2018-12-06 13:30:00,63.66,64.74,63.58,64.68,793035,STT
2018-12-06 14:30:00,64.71,65.35,64.47,65.1,785820,STT
2018-12-06 15:30:00,65.07,66.03,65.07,65.91,795759,STT
2018-12-06 16:00:00,65.9,65.9,64.79,65.89,0,STT
2018-12-06 17:00:00,65.9,65.9,65.9,65.9,0,STT
2018-12-07 09:30:00,65.59,67.21,65.59,66.13,595931,STT
2018-12-07 10:30:00,66.34,66.67,65.44,65.67,1139477,STT
2018-12-07 11:30:00,65.69,66.13,65.6,65.82,724630,STT
2018-12-07 12:30:00,65.8,66.34,65.66,66.04,892148,STT
2018-12-07 13:30:00,66.03,66.06,65.27,66.03,1013248,STT
2018-12-07 14:30:00,66.06,66.06,65.14,65.38,1472358,STT
2018-12-07 15:30:00,65.38,65.69,65.04,65.04,903682,STT
2018-12-07 16:00:00,65.38,65.69,65.04,65.04,0,STT
2018-12-07 17:00:00,65.04,65.04,65.04,65.04,0,STT
2018-12-10 09:30:00,64.54,65.0,63.56,63.63,703492,STT
2018-12-10 10:30:00,63.86,64.15,62.48,62.72,861032,STT
2018-12-10 11:30:00,62.83,63.43,62.83,63.38,538796,STT
2018-12-10 12:30:00,63.35,64.17,63.35,63.72,367196,STT
2018-12-10 13:30:00,63.76,64.14,63.57,63.77,340712,STT
2018-12-10 14:30:00,63.79,64.21,63.67,63.94,546588,STT
2018-12-10 15:30:00,63.97,64.39,63.97,64.02,347733,STT
2018-12-10 16:00:00,63.97,64.39,63.77,64.03,0,STT
2018-12-10 17:00:00,64.24,64.24,64.24,64.24,0,STT
2018-12-11 09:30:00,64.99,65.5,64.73,65.01,467990,STT
2018-12-11 10:30:00,64.99,65.17,64.3,64.35,481342,STT
2018-12-11 11:30:00,64.35,64.52,63.66,63.77,515284,STT
2018-12-11 12:30:00,63.73,63.76,63.31,63.34,726920,STT
2018-12-11 13:30:00,63.31,63.62,62.73,63.62,837074,STT
2018-12-11 14:30:00,63.7,63.96,63.32,63.78,670826,STT
2018-12-11 15:30:00,63.76,63.97,63.06,63.1,672486,STT
2018-12-11 16:00:00,63.76,63.97,63.06,63.09,0,STT
2018-12-12 09:30:00,64.05,64.27,63.46,63.87,553975,STT
2018-12-12 10:30:00,63.7,64.23,63.48,64.06,629251,STT
2018-12-12 11:30:00,64.1,64.19,63.77,64.1,1049206,STT
2018-12-12 12:30:00,64.12,64.55,63.98,64.55,422926,STT
2018-12-12 13:30:00,64.54,64.54,63.67,63.75,479368,STT
2018-12-12 14:30:00,63.74,64.18,63.66,63.9,550350,STT
2018-12-12 15:30:00,63.91,64.08,63.4,63.43,548949,STT
2018-12-12 16:00:00,63.91,64.08,63.4,63.43,0,STT
2018-12-12 17:00:00,63.72,63.72,63.43,63.43,0,STT
2018-12-13 09:30:00,63.82,64.0,63.2,63.69,590245,STT
2018-12-13 10:30:00,63.49,64.02,63.37,63.57,1030743,STT
2018-12-13 11:30:00,63.51,63.9,63.21,63.34,532576,STT
2018-12-13 12:30:00,63.29,63.76,63.19,63.37,608514,STT
2018-12-13 13:30:00,63.42,63.59,63.05,63.21,655120,STT
2018-12-13 14:30:00,63.2,63.2,62.91,62.99,1339634,STT
2018-12-13 15:30:00,62.98,63.2,62.89,63.18,566752,STT
2018-12-13 16:00:00,62.98,63.2,62.89,63.19,0,STT
2018-12-14 09:30:00,62.46,63.62,62.34,62.96,629800,STT
2018-12-14 10:30:00,63.57,63.62,62.65,63.4,690094,STT
2018-12-14 11:30:00,63.44,63.55,63.17,63.26,575460,STT
2018-12-14 12:30:00,63.26,63.37,62.97,63.15,313320,STT
2018-12-14 13:30:00,63.17,63.45,62.97,63.15,613356,STT
2018-12-14 14:30:00,63.1,63.58,62.99,63.53,2165442,STT
2018-12-14 15:30:00,63.52,63.69,63.36,63.53,927318,STT
2018-12-14 16:00:00,63.52,63.7,63.32,63.32,0,STT
2018-12-17 09:30:00,63.53,64.85,63.05,64.78,702368,STT
2018-12-17 10:30:00,64.3,65.33,64.2,65.1,960376,STT
2018-12-17 11:30:00,65.12,65.12,64.59,64.73,518846,STT
2018-12-17 12:30:00,64.71,64.71,64.11,64.19,527942,STT
2018-12-17 13:30:00,64.17,64.5,63.89,64.34,771988,STT
2018-12-17 14:30:00,64.35,64.47,63.92,64.04,853532,STT
2018-12-17 15:30:00,64.03,64.03,63.45,63.89,584757,STT
2018-12-17 16:00:00,64.03,64.19,63.45,63.89,0,STT
2018-12-17 17:00:00,63.89,63.89,63.89,63.89,0,STT
2018-12-18 08:00:00,63.89,63.89,63.89,63.89,0,STT
2018-12-18 09:30:00,64.24,64.77,64.18,64.28,1674033,STT
2018-12-18 10:30:00,64.29,64.45,63.16,63.32,527300,STT
2018-12-18 11:30:00,63.28,63.41,62.84,62.88,529914,STT
2018-12-18 12:30:00,62.88,62.98,62.27,62.35,303343,STT
2018-12-18 13:30:00,62.33,62.56,61.84,62.37,346827,STT
2018-12-18 14:30:00,62.36,62.36,61.8,61.9,440539,STT
2018-12-18 15:30:00,61.91,62.07,61.68,61.68,940164,STT
2018-12-18 16:00:00,61.69,63.16,61.69,63.16,0,STT
2018-12-18 17:00:00,61.69,61.69,61.69,61.69,0,STT
2018-12-18 18:00:00,61.69,61.69,61.69,61.69,0,STT
2018-12-19 09:30:00,61.58,62.41,61.51,62.0,1074628,STT
2018-12-19 10:30:00,62.1,62.3,61.94,62.2,1619198,STT
2018-12-19 11:30:00,62.17,62.17,61.81,61.9,907370,STT
2018-12-19 12:30:00,61.87,62.01,61.66,61.72,1053734,STT
2018-12-19 13:30:00,61.72,62.13,60.41,60.67,2015244,STT
2018-12-19 14:30:00,60.72,61.24,59.14,59.14,2733156,STT
2018-12-19 15:30:00,59.12,60.26,59.11,59.9,1577427,STT
2018-12-19 16:00:00,59.12,60.83,59.11,60.83,0,STT
2018-12-19 17:00:00,59.88,60.83,59.88,59.88,0,STT
2018-12-20 09:30:00,59.85,61.21,59.8,61.17,728694,STT
2018-12-20 10:30:00,60.59,61.6,60.59,60.68,841446,STT
2018-12-20 11:30:00,60.66,60.84,59.9,60.72,1110870,STT
2018-12-20 12:30:00,60.7,60.73,60.04,60.17,693594,STT
2018-12-20 13:30:00,60.14,60.29,59.81,60.29,979530,STT
2018-12-20 14:30:00,60.25,60.85,60.1,60.49,1008534,STT
2018-12-20 15:30:00,60.5,60.68,60.07,60.38,914376,STT
2018-12-20 16:00:00,60.5,60.68,60.07,60.39,0,STT
2018-12-20 17:00:00,60.2,60.4,60.2,60.4,0,STT
2018-12-21 09:30:00,60.26,61.3,59.7,60.99,1724777,STT
2018-12-21 10:30:00,60.48,61.3,60.23,60.69,800881,STT
2018-12-21 11:30:00,60.85,60.99,60.47,60.56,685264,STT
2018-12-21 12:30:00,60.52,60.72,60.2,60.49,888646,STT
2018-12-21 13:30:00,60.51,60.9,60.28,60.57,625932,STT
2018-12-21 14:30:00,60.57,60.85,60.14,60.14,1019682,STT
2018-12-21 15:30:00,60.16,60.36,59.89,60.2,716386,STT
2018-12-21 16:00:00,60.16,60.36,59.89,60.17,0,STT
2018-12-21 17:00:00,60.17,60.17,60.17,60.17,0,STT
2018-12-24 09:00:00,59.0,59.03,59.0,59.02,0,STT
2018-12-24 09:30:00,59.82,60.0,58.87,59.22,524148,STT
2018-12-24 10:30:00,59.2,60.62,59.2,60.56,349973,STT
2018-12-24 11:30:00,60.57,60.79,60.15,60.39,406478,STT
2018-12-24 13:00:00,60.5,60.54,59.78,59.78,538115,STT
2018-12-26 09:30:00,60.29,60.29,58.17,58.49,499610,STT
2018-12-26 10:30:00,58.76,59.08,57.88,59.08,1610379,STT
2018-12-26 11:30:00,59.07,60.6,58.92,60.45,643054,STT
2018-12-26 12:30:00,60.36,60.96,60.27,60.42,481474,STT
2018-12-26 13:30:00,60.4,61.31,60.4,61.12,646582,STT
2018-12-26 14:30:00,61.1,61.94,61.0,61.94,617582,STT
2018-12-26 15:30:00,61.91,62.87,61.89,62.85,742591,STT
2018-12-26 16:00:00,61.91,62.86,60.58,60.58,0,STT
2018-12-26 18:00:00,62.85,62.85,62.85,62.85,0,STT
2018-12-27 09:30:00,61.72,62.13,61.16,61.68,416666,STT
2018-12-27 10:30:00,61.32,62.21,61.32,62.02,651654,STT
2018-12-27 11:30:00,62.13,62.27,61.38,61.52,501760,STT
2018-12-27 12:30:00,61.43,61.66,61.28,61.45,428374,STT
2018-12-27 13:30:00,61.44,61.44,60.85,61.05,546370,STT
2018-12-27 14:30:00,61.02,62.31,60.96,62.31,617922,STT
2018-12-27 15:30:00,62.3,63.21,62.0,63.21,470885,STT
2018-12-27 16:00:00,62.3,63.5,62.0,63.22,0,STT
2018-12-27 17:00:00,63.5,63.5,61.35,63.22,0,STT
2018-12-28 09:30:00,63.34,64.15,62.76,62.84,487932,STT
2018-12-28 10:30:00,63.63,63.63,62.53,63.09,770134,STT
2018-12-28 11:30:00,63.1,63.41,62.88,63.26,517780,STT
2018-12-28 12:30:00,63.33,63.39,62.82,62.86,414014,STT
2018-12-28 13:30:00,62.84,63.81,62.73,63.62,504052,STT
2018-12-28 14:30:00,63.64,64.18,63.16,63.31,709160,STT
2018-12-28 15:30:00,63.26,63.58,63.08,63.49,750313,STT
2018-12-28 16:00:00,63.26,63.58,63.08,63.32,0,STT
2018-12-31 08:00:00,63.48,63.48,63.1,63.1,0,STT
2018-12-31 09:30:00,63.48,64.08,62.92,63.03,283812,STT
2018-12-31 10:30:00,63.0,63.12,62.47,62.79,207549,STT
2018-12-31 11:30:00,62.75,62.89,62.35,62.87,194950,STT
2018-12-31 12:30:00,62.92,62.95,62.68,62.9,178724,STT
2018-12-31 13:30:00,62.9,62.91,62.32,62.33,288104,STT
2018-12-31 14:30:00,62.32,62.9,62.29,62.89,239687,STT
2018-12-31 15:30:00,62.93,63.25,62.7,63.08,516989,STT
2018-12-31 16:00:00,63.07,63.07,63.07,63.07,0,STT
2019-01-02 08:00:00,63.07,63.07,63.07,63.07,0,STT
2019-01-02 09:30:00,62.17,63.68,62.0,63.67,288056,STT
2019-01-02 10:30:00,63.51,64.03,63.3,63.72,235496,STT
2019-01-02 11:30:00,63.7,63.87,63.28,63.39,228900,STT
2019-01-02 12:30:00,63.43,63.97,63.43,63.92,103507,STT
2019-01-02 13:30:00,63.88,64.11,63.77,63.77,230373,STT
2019-01-02 14:30:00,63.79,63.98,63.44,63.55,283747,STT
2019-01-02 15:30:00,63.54,63.96,63.45,63.91,368396,STT
2019-01-02 16:00:00,63.93,63.93,63.56,63.93,0,STT
2019-01-02 17:00:00,63.93,63.93,63.93,63.93,0,STT
2019-01-03 09:30:00,63.22,63.31,62.28,62.6,404181,STT
2019-01-03 10:30:00,63.07,63.1,62.07,62.44,1074383,STT
2019-01-03 11:30:00,62.4,63.08,62.38,62.81,676476,STT
2019-01-03 12:30:00,62.78,63.3,62.61,62.71,475170,STT
2019-01-03 13:30:00,62.68,62.93,62.44,62.78,457020,STT
2019-01-03 14:30:00,62.81,62.92,62.14,62.2,533186,STT
2019-01-03 15:30:00,62.15,62.4,61.72,61.84,966766,STT
2019-01-03 16:00:00,62.15,62.41,61.72,61.85,0,STT
2019-01-03 17:00:00,61.85,61.85,61.85,61.85,0,STT
2019-01-04 09:30:00,62.96,63.28,62.59,63.09,784071,STT
2019-01-04 10:30:00,62.92,63.42,62.59,63.0,1944723,STT
2019-01-04 11:30:00,63.01,63.51,62.86,63.49,1553710,STT
2019-01-04 12:30:00,63.49,63.72,63.38,63.63,745592,STT
2019-01-04 13:30:00,63.63,63.92,63.54,63.82,547672,STT
2019-01-04 14:30:00,63.81,64.08,63.58,63.87,499816,STT
2019-01-04 15:30:00,63.87,64.24,63.84,64.18,389281,STT
2019-01-04 16:00:00,63.87,64.24,63.44,64.19,0,STT
2019-01-07 09:30:00,63.99,63.99,63.21,63.4,937652,STT
2019-01-07 10:30:00,63.66,64.3,63.36,64.08,1252716,STT
2019-01-07 11:30:00,64.07,65.02,64.01,64.93,909914,STT
2019-01-07 12:30:00,64.92,65.58,64.86,65.3,684240,STT
2019-01-07 13:30:00,65.27,65.53,64.93,65.38,722034,STT
2019-01-07 14:30:00,65.35,65.53,65.09,65.41,988196,STT
2019-01-07 15:30:00,65.42,65.43,64.86,64.97,843751,STT
2019-01-07 16:00:00,65.42,65.43,64.68,64.74,0,STT
2019-01-07 17:00:00,64.74,65.02,64.74,64.99,0,STT
2019-01-08 09:30:00,65.89,66.33,64.89,65.01,826359,STT
2019-01-08 10:30:00,65.75,65.85,64.44,64.53,689973,STT
2019-01-08 11:30:00,64.47,65.03,64.25,64.86,440456,STT
2019-01-08 12:30:00,64.84,64.84,64.34,64.68,369772,STT
2019-01-08 13:30:00,64.67,64.92,64.57,64.82,386464,STT
2019-01-08 14:30:00,64.82,65.01,64.56,65.01,471178,STT
2019-01-08 15:30:00,65.01,65.26,64.98,65.25,583698,STT
2019-01-08 16:00:00,65.01,65.27,64.58,65.11,0,STT
2019-01-08 17:00:00,65.11,65.27,65.11,65.27,0,STT
2019-01-09 08:00:00,65.27,65.27,65.27,65.27,0,STT
2019-01-09 09:30:00,65.58,66.46,65.42,66.46,428623,STT
2019-01-09 10:30:00,66.4,66.85,65.95,66.8,531183,STT
2019-01-09 11:30:00,66.77,67.11,66.76,66.9,257436,STT
2019-01-09 12:30:00,66.93,67.24,66.88,67.2,343792,STT
2019-01-09 13:30:00,67.21,67.21,66.68,66.76,423313,STT
2019-01-09 14:30:00,66.75,67.2,66.71,67.01,283272,STT
2019-01-09 15:30:00,66.96,67.04,66.63,66.79,415848,STT
2019-01-09 16:00:00,66.78,66.78,66.7,66.7,0,STT
2019-01-09 17:00:00,66.78,66.78,66.78,66.78,0,STT
2019-01-10 09:30:00,66.66,66.97,66.07,66.58,418236,STT
2019-01-10 10:30:00,66.44,67.02,66.34,66.77,696730,STT
2019-01-10 11:30:00,66.79,67.07,66.65,66.89,516466,STT
2019-01-10 12:30:00,66.88,67.07,66.31,66.4,543942,STT
2019-01-10 13:30:00,66.39,66.92,66.21,66.59,722518,STT
2019-01-10 14:30:00,66.6,66.97,66.55,66.75,777750,STT
2019-01-10 15:30:00,66.75,66.82,66.51,66.51,524544,STT
2019-01-10 16:00:00,66.75,66.82,66.51,66.51,0,STT
2019-01-11 09:30:00,66.05,66.35,65.72,65.76,540513,STT
2019-01-11 10:30:00,66.14,66.71,65.72,66.71,646851,STT
2019-01-11 11:30:00,66.75,67.23,66.7,67.09,457868,STT
2019-01-11 12:30:00,67.07,67.46,67.0,67.08,362524,STT
2019-01-11 13:30:00,67.08,67.27,66.99,67.13,329486,STT
2019-01-11 14:30:00,67.12,67.12,66.72,66.75,300106,STT
2019-01-11 15:30:00,66.76,67.0,66.74,66.99,252415,STT
2019-01-11 16:00:00,66.76,67.01,66.74,67.01,0,STT
2019-01-14 09:30:00,67.06,68.58,66.98,68.1,657535,STT
2019-01-14 10:30:00,67.87,68.58,67.83,68.21,936917,STT
2019-01-14 11:30:00,68.21,68.97,68.21,68.96,845714,STT
2019-01-14 12:30:00,68.96,68.97,68.48,68.67,435806,STT
2019-01-14 13:30:00,68.7,68.96,68.36,68.53,580284,STT
2019-01-14 14:30:00,68.54,68.75,68.54,68.57,658982,STT
2019-01-14 15:30:00,68.58,68.65,68.33,68.43,507526,STT
2019-01-14 16:00:00,68.58,68.65,68.33,68.46,0,STT
2019-01-14 17:00:00,68.46,68.46,68.46,68.46,0,STT
2019-01-15 08:00:00,68.45,68.45,68.45,68.45,0,STT
2019-01-15 09:30:00,68.46,68.87,68.08,68.18,471194,STT
2019-01-15 10:30:00,68.22,68.34,67.91,68.01,209550,STT
2019-01-15 11:30:00,68.02,68.62,68.0,68.49,235618,STT
2019-01-15 12:30:00,68.5,68.57,68.33,68.33,176606,STT
2019-01-15 13:30:00,68.31,68.55,68.2,68.2,189455,STT
2019-01-15 14:30:00,68.15,68.67,68.06,68.5,225645,STT
2019-01-15 15:30:00,68.49,68.73,68.48,68.69,462887,STT
2019-01-15 16:00:00,68.66,68.66,68.45,68.66,0,STT
2019-01-16 09:00:00,68.66,69.32,68.66,69.32,0,STT
2019-01-16 09:30:00,69.27,70.1,69.02,69.97,323222,STT
2019-01-16 10:30:00,70.02,70.45,69.79,70.4,377206,STT
2019-01-16 11:30:00,70.34,70.77,70.29,70.7,260698,STT
2019-01-16 12:30:00,70.71,70.89,70.56,70.86,190274,STT
2019-01-16 13:30:00,70.83,70.91,70.63,70.75,273427,STT
2019-01-16 14:30:00,70.76,70.94,70.56,70.83,355286,STT
2019-01-16 15:30:00,70.85,70.85,70.41,70.43,621121,STT
2019-01-16 16:00:00,70.47,70.47,70.44,70.47,0,STT
2019-01-16 18:00:00,70.47,70.55,70.47,70.55,0,STT
2019-01-17 09:30:00,69.64,70.76,69.55,69.79,2946921,STT
2019-01-17 10:30:00,70.1,70.28,69.55,70.07,2945637,STT
2019-01-17 11:30:00,70.1,70.52,70.03,70.11,1145262,STT
2019-01-17 12:30:00,70.19,70.59,69.91,70.57,1190484,STT
2019-01-17 13:30:00,70.54,70.81,70.54,70.71,2294924,STT
2019-01-17 14:30:00,70.72,71.42,70.67,71.06,2779676,STT
2019-01-17 15:30:00,71.07,71.24,70.96,71.06,1449302,STT
2019-01-17 16:00:00,71.06,72.0,70.96,71.25,0,STT
2019-01-17 17:00:00,71.99,71.99,71.99,71.99,0,STT
2019-01-18 07:00:00,70.75,70.75,70.75,70.75,0,STT
2019-01-18 08:00:00,70.5,72.11,70.5,72.11,0,STT
2019-01-18 09:00:00,72.0,73.5,71.9,73.49,0,STT
2019-01-18 09:30:00,76.0,77.0,71.47,71.88,2143403,STT
2019-01-18 10:30:00,71.88,73.28,69.94,71.13,2632757,STT
2019-01-18 11:30:00,71.14,71.78,70.85,71.48,1078977,STT
2019-01-18 12:30:00,71.45,71.87,71.18,71.84,1160210,STT
2019-01-18 13:30:00,71.91,71.99,71.1,71.1,751136,STT
2019-01-18 14:30:00,71.11,71.41,70.82,71.25,870236,STT
2019-01-18 15:30:00,71.25,71.61,71.12,71.31,1225215,STT
2019-01-18 16:00:00,71.3,71.3,71.3,71.3,0,STT
2019-01-18 17:00:00,71.3,71.3,71.3,71.3,0,STT
2019-01-18 19:00:00,71.3,71.3,71.3,71.3,0,STT
2019-01-22 09:30:00,69.32,70.06,68.77,69.32,973234,STT
2019-01-22 10:30:00,69.72,69.95,68.77,69.58,1412628,STT
2019-01-22 11:30:00,69.53,70.16,69.14,69.76,996200,STT
2019-01-22 12:30:00,69.76,70.42,69.68,69.9,677252,STT
2019-01-22 13:30:00,69.93,70.33,69.84,69.86,757042,STT
2019-01-22 14:30:00,69.86,70.41,69.25,70.25,1798676,STT
2019-01-22 15:30:00,70.22,70.59,69.86,70.59,782630,STT
2019-01-22 16:00:00,70.22,70.65,69.86,70.59,0,STT
2019-01-23 09:30:00,70.87,71.11,70.49,70.93,491686,STT
2019-01-23 10:30:00,70.95,71.11,70.25,70.37,729136,STT
2019-01-23 11:30:00,70.43,70.45,69.86,70.2,491276,STT
2019-01-23 12:30:00,70.19,70.81,70.19,70.77,393574,STT
2019-01-23 13:30:00,70.77,71.08,70.7,71.01,401590,STT
2019-01-23 14:30:00,71.0,71.0,70.66,70.97,700242,STT
2019-01-23 15:30:00,70.97,70.99,70.75,70.83,447663,STT
2019-01-23 16:00:00,70.97,70.99,70.63,70.82,0,STT
2019-01-24 09:30:00,70.77,72.06,70.71,72.01,1279018,STT
2019-01-24 10:30:00,71.56,72.06,71.56,71.92,772734,STT
2019-01-24 11:30:00,71.91,72.01,71.51,71.6,461204,STT
2019-01-24 12:30:00,71.61,71.66,71.06,71.08,365920,STT
2019-01-24 13:30:00,71.07,71.16,70.81,70.88,688172,STT
2019-01-24 14:30:00,70.87,71.46,70.83,71.43,488202,STT
2019-01-24 15:30:00,71.44,71.52,71.28,71.33,454272,STT
2019-01-24 16:00:00,71.44,71.52,71.28,71.41,0,STT
2019-01-24 17:00:00,71.41,71.41,71.41,71.41,0,STT
2019-01-25 09:30:00,72.38,73.03,72.25,72.97,579798,STT
2019-01-25 10:30:00,72.78,73.03,72.19,72.33,511632,STT
2019-01-25 11:30:00,72.43,72.94,72.42,72.94,337090,STT
2019-01-25 12:30:00,72.91,72.91,72.48,72.65,395658,STT
2019-01-25 13:30:00,72.64,72.81,72.57,72.68,499254,STT
2019-01-25 14:30:00,72.67,72.92,72.61,72.68,409204,STT
2019-01-25 15:30:00,72.69,72.75,72.55,72.64,472948,STT
2019-01-25 16:00:00,72.69,72.75,72.55,72.64,0,STT
2019-01-25 17:00:00,72.64,72.64,72.64,72.64,0,STT
2019-01-28 09:30:00,71.61,72.32,71.61,71.82,592481,STT
2019-01-28 10:30:00,72.18,72.2,71.63,71.76,1258607,STT
2019-01-28 11:30:00,71.78,71.83,71.43,71.68,522954,STT
2019-01-28 12:30:00,71.7,71.78,71.52,71.66,325968,STT
2019-01-28 13:30:00,71.67,71.78,71.54,71.57,632084,STT
2019-01-28 14:30:00,71.59,71.78,71.57,71.66,1017552,STT
2019-01-28 15:30:00,71.66,71.69,71.53,71.53,453414,STT
2019-01-28 16:00:00,71.66,71.74,71.53,71.53,0,STT
2019-01-28 17:00:00,71.53,71.53,71.53,71.53,0,STT
2019-01-29 09:30:00,71.34,71.95,71.34,71.59,444382,STT
2019-01-29 10:30:00,71.74,71.89,71.01,71.11,1145974,STT
2019-01-29 11:30:00,71.15,71.18,70.95,70.99,726562,STT
2019-01-29 12:30:00,70.99,71.13,70.94,71.08,337402,STT
2019-01-29 13:30:00,71.1,71.19,70.98,71.06,551420,STT
2019-01-29 14:30:00,71.07,71.09,70.6,70.83,870200,STT
2019-01-29 15:30:00,70.86,70.88,70.59,70.65,459848,STT
2019-01-29 16:00:00,70.86,71.04,70.59,70.63,0,STT
2019-01-30 09:30:00,70.57,70.58,69.86,69.89,446400,STT
2019-01-30 10:30:00,70.29,70.41,69.79,70.38,643804,STT
2019-01-30 11:30:00,70.35,70.6,70.31,70.53,339924,STT
2019-01-30 12:30:00,70.52,70.62,70.34,70.42,327876,STT
2019-01-30 13:30:00,70.41,71.19,70.36,71.15,999106,STT
2019-01-30 14:30:00,71.1,71.52,71.04,71.12,1066272,STT
2019-01-30 15:30:00,71.1,71.14,70.88,71.02,377533,STT
2019-01-30 16:00:00,71.1,71.14,70.65,71.02,0,STT
2019-01-30 17:00:00,71.02,71.02,71.02,71.02,0,STT
2019-01-30 19:00:00,71.25,71.25,71.25,71.25,0,STT
2019-01-31 09:30:00,70.39,71.1,70.39,71.1,324080,STT
2019-01-31 10:30:00,70.79,71.25,70.56,70.85,1686062,STT
2019-01-31 11:30:00,70.79,70.89,70.59,70.74,597664,STT
2019-01-31 12:30:00,70.72,70.95,70.67,70.78,358286,STT
2019-01-31 13:30:00,70.82,71.02,70.76,70.91,670816,STT
2019-01-31 14:30:00,70.9,70.93,70.8,70.86,541150,STT
2019-01-31 15:30:00,70.87,71.02,70.78,70.89,836316,STT
2019-01-31 16:00:00,70.87,71.02,70.78,70.9,0,STT
2019-02-01 08:00:00,70.9,70.9,70.9,70.9,0,STT
2019-02-01 09:30:00,71.34,71.74,70.89,71.62,305298,STT
2019-02-01 10:30:00,71.65,71.69,71.28,71.52,459663,STT
2019-02-01 11:30:00,71.44,71.44,71.16,71.16,241002,STT
2019-02-01 12:30:00,71.17,71.34,71.07,71.29,169997,STT
2019-02-01 13:30:00,71.31,71.4,71.11,71.19,206136,STT
2019-02-01 14:30:00,71.2,71.34,70.97,71.05,412606,STT
2019-02-01 15:30:00,71.08,71.26,71.01,71.14,579332,STT
2019-02-01 16:00:00,71.17,71.26,71.17,71.17,0,STT
2019-02-01 17:00:00,71.17,71.17,71.17,71.17,0,STT
2019-02-04 09:30:00,71.27,71.63,70.85,70.91,317469,STT
2019-02-04 10:30:00,71.07,71.24,70.82,70.94,627773,STT
2019-02-04 11:30:00,70.99,71.11,70.86,70.99,530288,STT
2019-02-04 12:30:00,70.97,71.16,70.82,70.94,711328,STT
2019-02-04 13:30:00,70.92,71.23,70.92,71.22,493428,STT
2019-02-04 14:30:00,71.21,71.23,70.96,71.04,530200,STT
2019-02-04 15:30:00,71.05,71.08,70.95,71.08,552299,STT
2019-02-04 16:00:00,71.05,71.1,70.95,71.05,0,STT
2019-02-04 17:00:00,71.1,71.1,71.1,71.1,0,STT
2019-02-04 18:00:00,71.1,71.1,71.1,71.1,0,STT
2019-02-05 09:30:00,71.22,71.4,70.65,70.65,378350,STT
2019-02-05 10:30:00,71.31,71.32,70.57,70.61,689762,STT
2019-02-05 11:30:00,70.62,70.9,70.49,70.63,404020,STT
2019-02-05 12:30:00,70.6,70.82,70.57,70.71,390024,STT
2019-02-05 13:30:00,70.7,71.0,70.66,70.88,334354,STT
2019-02-05 14:30:00,70.9,71.03,70.83,70.89,297904,STT
2019-02-05 15:30:00,70.9,71.04,70.88,70.91,390806,STT
2019-02-05 16:00:00,70.9,71.04,70.82,70.87,0,STT
2019-02-05 17:00:00,70.91,70.91,70.91,70.91,0,STT
2019-02-06 08:00:00,70.91,70.91,70.91,70.91,0,STT
2019-02-06 09:30:00,70.97,71.15,70.52,70.69,681302,STT
2019-02-06 10:30:00,70.68,70.74,70.35,70.5,305215,STT
2019-02-06 11:30:00,70.53,70.77,70.48,70.73,151276,STT
2019-02-06 12:30:00,70.73,70.83,70.65,70.75,163701,STT
2019-02-06 13:30:00,70.75,70.8,70.23,70.34,513785,STT
2019-02-06 14:30:00,70.31,70.41,69.99,70.28,684030,STT
2019-02-06 15:30:00,70.28,70.38,70.15,70.25,666890,STT
2019-02-06 16:00:00,70.24,70.44,70.24,70.44,0,STT
2019-02-06 17:00:00,70.24,70.24,70.24,70.24,0,STT
2019-02-07 09:30:00,69.98,70.45,69.52,70.13,872099,STT
2019-02-07 10:30:00,70.09,70.29,69.19,69.36,2081035,STT
2019-02-07 11:30:00,69.31,69.68,69.18,69.58,718366,STT
2019-02-07 12:30:00,69.54,69.75,69.34,69.66,766928,STT
2019-02-07 13:30:00,69.67,69.84,69.39,69.63,745922,STT
2019-02-07 14:30:00,69.64,69.71,69.51,69.68,779598,STT
2019-02-07 15:30:00,69.65,69.82,69.46,69.76,544662,STT
2019-02-07 16:00:00,69.65,69.82,69.46,69.64,0,STT
2019-02-07 17:00:00,69.76,69.76,69.64,69.76,0,STT
2019-02-08 09:30:00,69.33,69.61,68.44,68.78,461713,STT
2019-02-08 10:30:00,68.89,68.97,67.91,68.09,1128473,STT
2019-02-08 11:30:00,68.17,68.42,67.99,68.33,460480,STT
2019-02-08 12:30:00,68.34,68.77,68.33,68.74,511354,STT
2019-02-08 13:30:00,68.71,68.9,68.67,68.89,521606,STT
2019-02-08 14:30:00,68.88,69.0,68.75,68.94,523988,STT
2019-02-08 15:30:00,68.96,68.98,68.65,68.98,554685,STT
2019-02-08 16:00:00,68.96,68.98,68.56,68.96,0,STT
2019-02-08 17:00:00,68.96,68.96,68.96,68.96,0,STT
2019-02-11 09:30:00,69.04,69.42,68.9,69.09,557924,STT
2019-02-11 10:30:00,69.22,69.42,68.72,68.72,815896,STT
2019-02-11 11:30:00,68.7,68.89,68.61,68.87,587480,STT
2019-02-11 12:30:00,68.9,68.98,68.78,68.79,512458,STT
2019-02-11 13:30:00,68.82,69.0,68.78,68.94,493978,STT
2019-02-11 14:30:00,68.94,68.98,68.83,68.93,544566,STT
2019-02-11 15:30:00,68.92,69.0,68.79,68.79,934957,STT
2019-02-11 16:00:00,68.92,69.0,68.79,68.79,0,STT
2019-02-11 17:00:00,68.79,68.79,68.79,68.79,0,STT
2019-02-12 09:30:00,69.41,70.2,69.35,69.74,753900,STT
2019-02-12 10:30:00,69.95,70.2,69.58,69.97,1655594,STT
2019-02-12 11:30:00,70.03,70.07,69.81,69.91,952834,STT
2019-02-12 12:30:00,69.92,69.93,69.5,69.7,814584,STT
2019-02-12 13:30:00,69.71,69.78,69.61,69.71,721026,STT
2019-02-12 14:30:00,69.7,69.8,69.59,69.75,799952,STT
2019-02-12 15:30:00,69.75,69.76,69.53,69.53,600499,STT
2019-02-12 16:00:00,69.74,69.79,69.51,69.51,0,STT
2019-02-13 08:00:00,70.0,70.0,70.0,70.0,0,STT
2019-02-13 09:30:00,69.67,70.05,69.55,69.58,728867,STT
2019-02-13 10:30:00,69.57,69.9,69.54,69.74,621762,STT
2019-02-13 11:30:00,69.73,69.83,69.54,69.61,423103,STT
2019-02-13 12:30:00,69.62,69.85,69.57,69.75,274412,STT
2019-02-13 13:30:00,69.76,69.8,69.64,69.71,204414,STT
2019-02-13 14:30:00,69.74,69.8,69.64,69.7,295851,STT
2019-02-13 15:30:00,69.7,69.78,69.46,69.46,517211,STT
2019-02-13 16:00:00,69.49,69.71,69.49,69.49,0,STT
2019-02-13 17:00:00,69.49,69.49,69.49,69.49,0,STT
2019-02-14 09:30:00,68.73,68.73,67.33,67.89,778076,STT
2019-02-14 10:30:00,67.72,68.1,67.58,67.92,877226,STT
2019-02-14 11:30:00,67.93,68.5,67.84,68.42,474028,STT
2019-02-14 12:30:00,68.42,68.59,68.33,68.59,272424,STT
2019-02-14 13:30:00,68.61,68.97,68.59,68.95,344572,STT
2019-02-14 14:30:00,68.91,69.07,68.76,68.95,491918,STT
2019-02-14 15:30:00,68.94,69.01,68.66,68.66,395874,STT
2019-02-14 16:00:00,68.94,69.01,68.06,68.66,0,STT
2019-02-15 09:30:00,69.21,70.65,69.21,70.48,1630378,STT
2019-02-15 10:30:00,70.29,70.96,70.15,70.95,1597888,STT
2019-02-15 11:30:00,70.94,71.21,70.83,70.98,892414,STT
2019-02-15 12:30:00,71.0,71.22,70.81,70.81,326436,STT
2019-02-15 13:30:00,70.82,70.87,70.65,70.69,343140,STT
2019-02-15 14:30:00,70.71,70.73,70.51,70.55,587166,STT
2019-02-15 15:30:00,70.56,70.77,70.55,70.66,454827,STT
2019-02-15 16:00:00,70.56,70.77,70.55,70.66,0,STT
2019-02-15 17:00:00,70.77,70.86,70.6,70.77,0,STT
2019-02-19 09:30:00,69.45,71.12,69.45,71.02,749665,STT
2019-02-19 10:30:00,70.6,71.15,70.6,71.1,791945,STT
2019-02-19 11:30:00,71.06,71.29,71.01,71.21,355812,STT
2019-02-19 12:30:00,71.2,71.31,71.17,71.31,287596,STT
2019-02-19 13:30:00,71.27,71.48,71.2,71.46,323040,STT
2019-02-19 14:30:00,71.48,71.57,71.33,71.54,562736,STT
2019-02-19 15:30:00,71.56,71.61,71.35,71.35,343187,STT
2019-02-19 16:00:00,71.56,71.6,70.99,71.11,0,STT
2019-02-19 17:00:00,71.37,71.37,71.37,71.37,0,STT
2019-02-20 09:30:00,71.23,71.81,71.23,71.61,431577,STT
2019-02-20 10:30:00,71.46,72.05,71.4,71.88,762497,STT
2019-02-20 11:30:00,71.81,72.11,71.81,72.04,553500,STT
2019-02-20 12:30:00,72.05,72.29,72.02,72.26,376354,STT
2019-02-20 13:30:00,72.25,72.39,72.0,72.18,471186,STT
2019-02-20 14:30:00,72.19,72.36,72.14,72.15,531658,STT
2019-02-20 15:30:00,72.17,72.3,72.13,72.25,469870,STT
2019-02-20 16:00:00,72.17,72.3,71.98,72.24,0,STT
2019-02-21 09:30:00,72.12,72.38,72.04,72.04,383308,STT
2019-02-21 10:30:00,72.21,72.38,71.7,71.7,670294,STT
2019-02-21 11:30:00,71.69,72.02,71.66,71.95,357466,STT
2019-02-21 12:30:00,71.96,72.03,71.88,72.0,307154,STT
2019-02-21 13:30:00,72.0,72.08,71.86,71.94,418704,STT
2019-02-21 14:30:00,71.93,72.09,71.81,71.99,625940,STT
2019-02-21 15:30:00,71.99,72.26,71.91,72.18,523662,STT
2019-02-21 16:00:00,71.99,72.26,71.91,71.96,0,STT
2019-02-21 17:00:00,72.18,72.18,72.18,72.18,0,STT
2019-02-22 09:00:00,72.2,72.2,72.2,72.2,0,STT
2019-02-22 09:30:00,72.43,72.67,71.93,72.19,325282,STT
2019-02-22 10:30:00,72.24,72.43,72.06,72.35,322611,STT
2019-02-22 11:30:00,72.41,72.5,72.33,72.42,276123,STT
2019-02-22 12:30:00,72.43,72.51,72.38,72.48,132923,STT
2019-02-22 13:30:00,72.48,72.5,72.35,72.38,229912,STT
2019-02-22 14:30:00,72.39,72.52,72.22,72.52,256183,STT
2019-02-22 15:30:00,72.52,72.57,72.33,72.39,470395,STT
2019-02-22 16:00:00,72.4,72.4,72.31,72.31,0,STT
2019-02-22 17:00:00,72.4,72.4,72.4,72.4,0,STT
2019-02-25 09:30:00,72.35,72.96,72.25,72.62,975909,STT
2019-02-25 10:30:00,72.69,72.96,72.57,72.87,852313,STT
2019-02-25 11:30:00,72.86,73.07,72.83,72.91,662070,STT
2019-02-25 12:30:00,72.9,72.98,72.48,72.51,540192,STT
2019-02-25 13:30:00,72.52,72.6,72.38,72.42,680472,STT
2019-02-25 14:30:00,72.4,72.57,72.25,72.45,1171900,STT
2019-02-25 15:30:00,72.46,72.65,72.45,72.48,536404,STT
2019-02-25 16:00:00,72.46,72.66,72.45,72.6,0,STT
2019-02-25 17:00:00,72.6,72.6,72.47,72.47,0,STT
2019-02-26 09:30:00,72.24,72.94,72.24,72.91,512437,STT
2019-02-26 10:30:00,72.46,73.18,72.46,73.07,684073,STT
2019-02-26 11:30:00,73.05,73.33,72.97,72.99,580728,STT
2019-02-26 12:30:00,73.01,73.03,72.8,72.84,768510,STT
2019-02-26 13:30:00,72.85,72.85,72.67,72.72,421296,STT
2019-02-26 14:30:00,72.74,72.86,72.71,72.75,560570,STT
2019-02-26 15:30:00,72.75,72.84,72.64,72.64,727257,STT
2019-02-26 16:00:00,72.75,72.84,72.64,72.65,0,STT
2019-02-27 09:30:00,72.62,72.85,72.27,72.44,389931,STT
2019-02-27 10:30:00,72.78,72.85,72.23,72.38,602047,STT
2019-02-27 11:30:00,72.4,72.51,72.33,72.49,283546,STT
2019-02-27 12:30:00,72.51,72.61,72.42,72.53,215230,STT
2019-02-27 13:30:00,72.57,72.6,72.41,72.5,279770,STT
2019-02-27 14:30:00,72.53,72.6,72.4,72.46,380072,STT
2019-02-27 15:30:00,72.45,72.6,72.4,72.41,295492,STT
2019-02-27 16:00:00,72.45,72.6,72.4,72.44,0,STT
2019-02-28 08:00:00,72.44,72.44,72.44,72.44,0,STT
2019-02-28 09:30:00,72.45,72.56,72.15,72.22,244547,STT
2019-02-28 10:30:00,72.27,72.27,71.67,71.8,214847,STT
2019-02-28 11:30:00,71.81,71.9,71.61,71.77,196938,STT
2019-02-28 12:30:00,71.77,71.89,71.72,71.87,100232,STT
2019-02-28 13:30:00,71.89,72.03,71.79,72.03,100766,STT
2019-02-28 14:30:00,72.02,72.02,71.78,71.83,124582,STT
2019-02-28 15:30:00,71.82,71.93,71.71,71.86,387300,STT
2019-02-28 16:00:00,71.87,71.94,71.87,71.88,0,STT
2019-03-01 08:00:00,71.87,71.87,71.87,71.87,0,STT
2019-03-01 09:30:00,72.59,73.36,72.56,72.91,551993,STT
2019-03-01 10:30:00,72.89,72.96,72.23,72.87,454498,STT
2019-03-01 11:30:00,72.85,72.86,72.43,72.65,135495,STT
2019-03-01 12:30:00,72.64,72.91,72.61,72.63,350428,STT
2019-03-01 13:30:00,72.63,72.66,72.45,72.62,174202,STT
2019-03-01 14:30:00,72.62,72.69,72.54,72.62,173217,STT
2019-03-01 15:30:00,72.62,72.85,72.58,72.82,323345,STT
2019-03-01 16:00:00,72.8,72.8,72.74,72.8,0,STT
2019-03-01 17:00:00,72.8,72.8,72.8,72.8,0,STT
2019-03-04 09:30:00,73.19,73.61,72.88,73.6,338353,STT
2019-03-04 10:30:00,73.31,73.62,72.71,72.72,691951,STT
2019-03-04 11:30:00,72.67,72.75,71.6,71.84,319644,STT
2019-03-04 12:30:00,71.87,71.91,71.24,71.69,341938,STT
2019-03-04 13:30:00,71.69,71.74,71.54,71.68,296158,STT
2019-03-04 14:30:00,71.67,71.67,71.29,71.42,382740,STT
2019-03-04 15:30:00,71.4,71.58,71.33,71.45,432881,STT
2019-03-04 16:00:00,71.4,72.06,71.33,72.06,0,STT
2019-03-04 17:00:00,71.49,71.49,71.49,71.49,0,STT
2019-03-05 09:30:00,71.42,71.42,70.27,70.78,493018,STT
2019-03-05 10:30:00,70.57,71.28,70.56,71.26,811124,STT
2019-03-05 11:30:00,71.23,71.46,71.16,71.26,282156,STT
2019-03-05 12:30:00,71.28,71.48,71.21,71.3,157882,STT
2019-03-05 13:30:00,71.26,71.66,71.24,71.66,242296,STT
2019-03-05 14:30:00,71.64,71.66,71.49,71.56,273918,STT
2019-03-05 15:30:00,71.55,71.78,71.5,71.54,265873,STT
2019-03-05 16:00:00,71.55,71.78,71.5,71.53,0,STT
2019-03-06 09:30:00,71.36,71.88,71.0,71.23,243348,STT
2019-03-06 10:30:00,71.19,71.62,71.11,71.45,273544,STT
2019-03-06 11:30:00,71.49,71.59,70.9,70.9,210690,STT
2019-03-06 12:30:00,70.91,70.93,70.63,70.7,102890,STT
2019-03-06 13:30:00,70.75,70.92,70.62,70.69,150618,STT
2019-03-06 14:30:00,70.72,70.73,70.39,70.47,440838,STT
2019-03-06 15:30:00,70.46,70.58,70.43,70.5,263140,STT
2019-03-06 16:00:00,70.46,70.84,70.44,70.84,0,STT
2019-03-06 17:00:00,70.5,70.5,70.5,70.5,0,STT
2019-03-07 09:30:00,70.11,70.11,68.34,68.68,1108269,STT
2019-03-07 10:30:00,68.71,68.95,68.45,68.9,999091,STT
2019-03-07 11:30:00,69.0,69.07,68.42,68.55,923838,STT
2019-03-07 12:30:00,68.55,68.77,68.48,68.69,351080,STT
2019-03-07 13:30:00,68.7,68.71,68.34,68.46,752104,STT
2019-03-07 14:30:00,68.47,68.55,68.08,68.18,690330,STT
2019-03-07 15:30:00,68.15,68.47,68.15,68.38,484735,STT
2019-03-07 16:00:00,68.15,68.47,68.15,68.38,0,STT
2019-03-07 17:00:00,68.38,68.38,68.38,68.38,0,STT
2019-03-08 09:00:00,68.38,68.38,68.38,68.38,0,STT
2019-03-08 09:30:00,67.73,67.97,67.06,67.85,382580,STT
2019-03-08 10:30:00,67.84,68.21,67.72,67.83,380041,STT
2019-03-08 11:30:00,67.83,67.92,67.69,67.91,210419,STT
2019-03-08 12:30:00,67.91,67.92,67.54,67.71,194005,STT
2019-03-08 13:30:00,67.71,67.9,67.7,67.9,108186,STT
2019-03-08 14:30:00,67.9,68.15,67.8,67.83,224081,STT
2019-03-08 15:30:00,67.78,68.16,67.74,68.09,402889,STT
2019-03-08 16:00:00,68.1,68.1,68.1,68.1,0,STT
2019-03-08 17:00:00,68.1,68.1,68.1,68.1,0,STT
2019-03-11 09:30:00,68.6,68.71,68.03,68.2,485274,STT
2019-03-11 10:30:00,68.12,68.55,68.1,68.52,562723,STT
2019-03-11 11:30:00,68.49,68.71,68.33,68.33,539967,STT
2019-03-11 12:30:00,68.36,68.64,68.33,68.64,289388,STT
2019-03-11 13:30:00,68.65,68.71,68.5,68.57,375740,STT
2019-03-11 14:30:00,68.57,68.69,68.45,68.61,460202,STT
2019-03-11 15:30:00,68.62,68.71,68.57,68.68,300493,STT
2019-03-11 16:00:00,68.62,68.72,68.57,68.69,663598,STT
2019-03-11 17:00:00,68.69,68.69,68.69,68.69,0,STT
2019-03-12 09:30:00,69.06,69.34,68.96,69.05,79941,STT
2019-03-12 10:30:00,69.16,69.27,68.83,68.95,373234,STT
2019-03-12 11:30:00,69.19,69.2,68.83,69.04,377152,STT
2019-03-12 12:30:00,69.05,69.1,68.87,69.02,667904,STT
2019-03-12 13:30:00,69.01,69.24,69.01,69.11,397380,STT
2019-03-12 14:30:00,69.12,69.24,69.0,69.1,418708,STT
2019-03-12 15:30:00,69.11,69.15,68.9,69.02,328746,STT
2019-03-12 16:00:00,69.11,69.15,68.9,69.0,970468,STT
2019-03-13 09:30:00,69.26,69.75,68.79,69.62,336666,STT
2019-03-13 10:30:00,69.14,69.89,69.08,69.86,629814,STT
2019-03-13 11:30:00,69.67,69.96,69.62,69.71,276620,STT
2019-03-13 12:30:00,69.71,69.93,69.63,69.87,169534,STT
2019-03-13 13:30:00,69.88,70.11,69.79,70.07,197416,STT
2019-03-13 14:30:00,70.08,70.08,69.17,69.73,447394,STT
2019-03-13 15:30:00,69.73,69.98,69.73,69.85,272451,STT
2019-03-13 16:00:00,69.73,69.98,69.73,69.85,860106,STT
2019-03-13 18:00:00,69.85,69.85,69.85,69.85,0,STT
2019-03-14 09:30:00,69.88,70.59,69.82,70.49,252775,STT
2019-03-14 10:30:00,70.3,70.72,70.23,70.5,410246,STT
2019-03-14 11:30:00,70.49,70.7,70.36,70.38,371935,STT
2019-03-14 12:30:00,70.41,70.46,70.17,70.25,198928,STT
2019-03-14 13:30:00,70.27,70.38,70.16,70.35,251064,STT
2019-03-14 14:30:00,70.36,70.49,70.31,70.49,395600,STT
2019-03-14 15:30:00,70.48,70.56,70.27,70.31,458060,STT
2019-03-14 16:00:00,70.48,70.56,70.27,70.29,0,STT
2019-03-14 19:00:00,70.1,70.1,69.95,69.95,0,STT
2019-03-15 09:30:00,69.55,69.98,68.74,69.91,1385885,STT
2019-03-15 10:30:00,69.73,70.35,69.55,70.32,547110,STT
2019-03-15 11:30:00,69.96,70.42,69.93,70.24,636349,STT
2019-03-15 12:30:00,70.24,70.32,70.07,70.12,438172,STT
2019-03-15 13:30:00,70.07,70.24,69.85,69.86,455408,STT
2019-03-15 14:30:00,69.87,69.97,69.72,69.97,477634,STT
2019-03-15 15:30:00,69.96,70.13,69.83,70.09,556305,STT
2019-03-15 16:00:00,69.96,70.13,69.83,70.1,0,STT
2019-03-15 17:00:00,70.1,70.1,70.1,70.1,0,STT
2019-03-18 08:00:00,70.1,70.1,70.1,70.1,0,STT
2019-03-18 09:30:00,70.35,71.01,70.35,70.78,292818,STT
2019-03-18 10:30:00,70.74,71.09,70.69,70.92,186656,STT
2019-03-18 11:30:00,70.89,70.9,70.59,70.88,187422,STT
2019-03-18 12:30:00,70.88,71.04,70.82,71.0,102979,STT
2019-03-18 13:30:00,71.0,71.05,70.87,70.95,110069,STT
2019-03-18 14:30:00,70.95,70.97,70.73,70.81,175332,STT
2019-03-18 15:30:00,70.8,70.96,70.78,70.82,251675,STT
2019-03-18 16:00:00,70.82,70.82,70.82,70.82,0,STT
2019-03-18 17:00:00,70.82,70.82,70.82,70.82,0,STT
2019-03-19 09:30:00,71.36,71.64,71.19,71.31,199738,STT
2019-03-19 10:30:00,71.19,71.42,71.0,71.0,238599,STT
2019-03-19 11:30:00,71.13,71.34,70.97,71.18,283593,STT
2019-03-19 12:30:00,71.17,71.21,70.72,70.95,531628,STT
2019-03-19 13:30:00,70.95,70.99,70.58,70.66,228030,STT
2019-03-19 14:30:00,70.68,70.77,70.24,70.3,281590,STT
2019-03-19 15:30:00,70.28,70.28,69.93,70.17,269727,STT
2019-03-19 16:00:00,70.28,70.7,69.93,70.7,0,STT
2019-03-19 17:00:00,70.16,70.16,70.16,70.16,0,STT
2019-03-19 18:00:00,70.16,70.16,70.16,70.16,0,STT
2019-03-20 09:30:00,69.91,69.91,69.22,69.37,338863,STT
2019-03-20 10:30:00,69.37,69.57,68.9,68.9,574125,STT
2019-03-20 11:30:00,69.26,69.39,68.72,68.86,657580,STT
2019-03-20 12:30:00,68.86,68.86,68.58,68.83,318754,STT
2019-03-20 13:30:00,68.81,69.1,68.64,68.65,514492,STT
2019-03-20 14:30:00,68.67,69.12,68.65,68.83,682024,STT
2019-03-20 15:30:00,68.84,68.86,68.26,68.26,791675,STT
2019-03-20 16:00:00,68.84,68.86,68.26,68.78,0,STT
2019-03-21 09:30:00,67.74,67.83,66.83,67.68,569746,STT
2019-03-21 10:30:00,67.32,68.07,67.24,67.89,446276,STT
2019-03-21 11:30:00,67.97,68.29,67.77,68.07,503536,STT
2019-03-21 12:30:00,68.09,68.26,68.03,68.25,326362,STT
2019-03-21 13:30:00,68.32,68.52,68.22,68.43,313582,STT
2019-03-21 14:30:00,68.42,68.51,68.16,68.17,412038,STT
2019-03-21 15:30:00,68.18,68.29,68.01,68.09,458002,STT
2019-03-21 16:00:00,68.18,68.29,68.01,68.08,0,STT
2019-03-21 17:00:00,68.08,68.08,68.08,68.08,0,STT
2019-03-22 09:30:00,67.29,67.3,65.41,65.5,666511,STT
2019-03-22 10:30:00,65.69,65.77,64.9,65.03,639946,STT
2019-03-22 11:30:00,64.98,65.21,64.64,64.86,875841,STT
2019-03-22 12:30:00,64.85,65.2,64.71,65.04,543590,STT
2019-03-22 13:30:00,65.04,65.73,65.04,65.61,589488,STT
2019-03-22 14:30:00,65.62,65.64,65.24,65.28,910560,STT
2019-03-22 15:30:00,65.25,65.28,64.97,65.01,580641,STT
2019-03-22 16:00:00,65.25,65.28,64.97,65.18,0,STT
2019-03-22 17:00:00,65.18,65.18,65.0,65.0,0,STT
2019-03-25 09:30:00,65.0,65.54,64.56,64.96,475330,STT
2019-03-25 10:30:00,64.63,65.74,64.56,65.69,465723,STT
2019-03-25 11:30:00,65.49,65.75,65.09,65.11,699055,STT
2019-03-25 12:30:00,65.1,65.15,64.74,64.96,398884,STT
2019-03-25 13:30:00,64.93,65.07,64.47,64.55,431098,STT
2019-03-25 14:30:00,64.61,65.03,64.61,64.91,365934,STT
2019-03-25 15:30:00,64.9,64.97,64.71,64.88,280439,STT
2019-03-25 16:00:00,64.9,65.01,64.72,65.01,0,STT
2019-03-26 09:30:00,65.54,65.9,65.33,65.79,249859,STT
2019-03-26 10:30:00,65.69,65.87,65.37,65.46,262531,STT
2019-03-26 11:30:00,65.8,65.82,65.32,65.34,310218,STT
2019-03-26 12:30:00,65.35,65.6,65.3,65.47,345606,STT
2019-03-26 13:30:00,65.47,65.58,65.35,65.52,222348,STT
2019-03-26 14:30:00,65.51,65.85,65.45,65.75,453692,STT
2019-03-26 15:30:00,65.75,66.21,65.74,66.19,291951,STT
2019-03-26 16:00:00,65.75,66.21,65.74,65.74,0,STT
2019-03-27 09:30:00,66.26,66.32,65.78,66.1,349735,STT
2019-03-27 10:30:00,65.82,66.18,65.6,65.71,487100,STT
2019-03-27 11:30:00,65.78,65.93,65.17,65.54,605397,STT
2019-03-27 12:30:00,65.55,65.77,65.41,65.74,287122,STT
2019-03-27 13:30:00,65.75,65.76,65.58,65.74,369408,STT
2019-03-27 14:30:00,65.71,65.85,65.62,65.82,480184,STT
2019-03-27 15:30:00,65.87,65.93,65.47,65.53,339558,STT
2019-03-27 16:00:00,65.87,65.93,65.47,65.69,0,STT
2019-03-28 09:30:00,65.39,65.99,65.39,65.88,233349,STT
2019-03-28 10:30:00,65.81,66.06,65.57,65.57,591322,STT
2019-03-28 11:30:00,65.93,65.95,65.44,65.58,668717,STT
2019-03-28 12:30:00,65.53,65.82,65.51,65.78,271734,STT
2019-03-28 13:30:00,65.76,65.87,65.7,65.83,210854,STT
2019-03-28 14:30:00,65.83,66.04,65.7,66.0,361098,STT
2019-03-28 15:30:00,66.01,66.31,65.95,66.26,224158,STT
2019-03-28 16:00:00,66.02,66.31,65.54,66.27,0,STT
2019-03-29 09:30:00,66.43,66.67,66.1,66.3,401516,STT
2019-03-29 10:30:00,66.43,66.53,66.07,66.22,530955,STT
2019-03-29 11:30:00,66.15,66.48,66.1,66.27,551779,STT
2019-03-29 12:30:00,66.26,66.33,66.03,66.1,282388,STT
2019-03-29 13:30:00,66.06,66.13,65.95,66.01,220230,STT
2019-03-29 14:30:00,65.97,66.08,65.77,65.82,353036,STT
2019-03-29 15:30:00,65.84,65.93,65.71,65.79,323277,STT
2019-03-29 16:00:00,65.84,66.05,65.71,65.81,0,STT
2019-03-29 17:00:00,65.81,65.81,65.81,65.81,0,STT
2019-04-01 09:30:00,66.4,67.95,66.39,67.95,590414,STT
2019-04-01 10:30:00,66.69,67.95,66.69,67.5,1321730,STT
2019-04-01 11:30:00,67.5,67.51,67.17,67.34,1009204,STT
2019-04-01 12:30:00,67.35,67.49,67.26,67.45,265274,STT
2019-04-01 13:30:00,67.43,67.83,67.43,67.71,243404,STT
2019-04-01 14:30:00,67.72,67.72,67.45,67.61,271224,STT
2019-04-01 15:30:00,67.59,67.79,67.52,67.61,329907,STT
2019-04-01 16:00:00,67.59,67.79,67.47,67.59,0,STT
2019-04-01 18:00:00,67.59,67.65,67.59,67.65,0,STT
2019-04-02 09:30:00,67.28,68.27,67.28,67.66,287458,STT
2019-04-02 10:30:00,68.27,68.27,67.21,67.58,414162,STT
2019-04-02 11:30:00,67.6,67.66,67.29,67.33,241462,STT
2019-04-02 12:30:00,67.31,67.52,67.26,67.41,280772,STT
2019-04-02 13:30:00,67.37,67.46,67.3,67.38,226696,STT
2019-04-02 14:30:00,67.36,67.41,67.1,67.14,373426,STT
2019-04-02 15:30:00,67.16,67.24,67.1,67.21,252314,STT
2019-04-02 16:00:00,67.16,67.39,67.1,67.21,0,STT
2019-04-02 17:00:00,67.21,67.38,67.21,67.21,0,STT
2019-04-03 04:00:00,67.38,67.38,67.38,67.38,0,STT
2019-04-03 09:30:00,68.09,68.49,67.85,68.08,127803,STT
2019-04-03 10:30:00,68.04,68.36,67.98,68.06,136005,STT
2019-04-03 11:30:00,68.04,68.3,67.99,68.27,169786,STT
2019-04-03 12:30:00,68.27,68.43,68.17,68.3,108407,STT
2019-04-03 13:30:00,68.27,68.33,68.08,68.22,80193,STT
2019-04-03 14:30:00,68.19,68.19,67.76,67.98,123633,STT
2019-04-03 15:30:00,67.94,68.12,67.88,68.03,168299,STT
2019-04-03 16:00:00,68.03,68.1,68.03,68.1,0,STT
2019-04-03 17:00:00,67.21,67.21,67.21,67.21,0,STT
2019-04-04 09:30:00,68.23,68.75,67.98,68.64,214650,STT
2019-04-04 10:30:00,68.4,69.22,68.4,69.12,447126,STT
2019-04-04 11:30:00,69.07,69.07,68.54,68.58,221980,STT
2019-04-04 12:30:00,68.56,68.78,68.53,68.6,153930,STT
2019-04-04 13:30:00,68.58,68.73,68.57,68.65,155002,STT
2019-04-04 14:30:00,68.64,68.75,68.58,68.71,226906,STT
2019-04-04 15:30:00,68.73,68.74,68.57,68.61,170786,STT
2019-04-04 16:00:00,68.73,68.74,68.58,68.64,0,STT
2019-04-05 09:30:00,68.88,69.14,68.26,68.33,208274,STT
2019-04-05 10:30:00,68.48,68.9,68.33,68.72,324368,STT
2019-04-05 11:30:00,68.72,68.83,68.6,68.8,240812,STT
2019-04-05 12:30:00,68.79,68.83,68.57,68.77,166732,STT
2019-04-05 13:30:00,68.78,68.82,68.66,68.68,136432,STT
2019-04-05 14:30:00,68.67,68.76,68.48,68.6,339700,STT
2019-04-05 15:30:00,68.6,68.69,68.45,68.57,209562,STT
2019-04-05 16:00:00,68.6,68.69,68.45,68.57,0,STT
2019-04-08 09:30:00,68.6,69.03,68.33,68.9,247557,STT
2019-04-08 10:30:00,68.92,68.99,68.71,68.88,296795,STT
2019-04-08 11:30:00,68.89,69.18,68.72,68.85,190310,STT
2019-04-08 12:30:00,68.85,69.01,68.77,68.98,147706,STT
2019-04-08 13:30:00,68.97,69.14,68.92,68.95,165130,STT
2019-04-08 14:30:00,68.93,69.01,68.82,68.89,154320,STT
2019-04-08 15:30:00,68.86,69.18,68.86,69.16,166263,STT
2019-04-08 16:00:00,68.86,69.18,68.86,68.95,0,STT
2019-04-09 09:30:00,68.74,68.74,67.71,68.2,218735,STT
2019-04-09 10:30:00,68.14,68.39,68.0,68.29,409457,STT
2019-04-09 11:30:00,68.27,68.75,68.27,68.64,189264,STT
2019-04-09 12:30:00,68.65,68.67,68.51,68.53,149250,STT
2019-04-09 13:30:00,68.53,68.64,68.43,68.45,202970,STT
2019-04-09 14:30:00,68.45,68.62,68.33,68.36,753646,STT
2019-04-09 15:30:00,68.37,68.48,68.26,68.45,258244,STT
2019-04-09 16:00:00,68.37,68.48,68.26,68.41,0,STT
2019-04-10 09:00:00,68.5,68.5,68.5,68.5,0,STT
2019-04-10 09:30:00,68.0,68.28,67.79,67.85,410101,STT
2019-04-10 10:30:00,67.85,68.12,67.73,67.98,148206,STT
2019-04-10 11:30:00,68.03,68.45,67.98,68.45,175444,STT
2019-04-10 12:30:00,68.45,68.59,68.35,68.59,115816,STT
2019-04-10 13:30:00,68.59,69.02,68.57,68.96,133638,STT
2019-04-10 14:30:00,68.93,69.0,68.82,68.94,137336,STT
2019-04-10 15:30:00,68.95,69.06,68.89,69.01,197509,STT
2019-04-10 16:00:00,69.0,69.0,68.44,68.44,0,STT
2019-04-11 08:00:00,69.0,69.0,69.0,69.0,0,STT
2019-04-11 09:30:00,69.44,70.36,69.11,69.98,188136,STT
2019-04-11 10:30:00,69.95,70.04,69.67,69.74,139726,STT
2019-04-11 11:30:00,69.72,69.72,69.34,69.39,211490,STT
2019-04-11 12:30:00,69.38,69.68,69.37,69.54,111094,STT
2019-04-11 13:30:00,69.52,69.84,69.51,69.8,96905,STT
2019-04-11 14:30:00,69.8,69.89,69.45,69.45,161473,STT
2019-04-11 15:30:00,69.46,69.67,69.46,69.52,177189,STT
2019-04-11 16:00:00,69.52,69.59,69.52,69.59,0,STT
2019-04-12 08:00:00,70.93,70.93,70.93,70.93,0,STT
2019-04-12 09:30:00,70.86,72.0,70.75,70.98,299329,STT
2019-04-12 10:30:00,70.94,70.94,70.52,70.69,201863,STT
2019-04-12 11:30:00,70.69,70.81,70.46,70.72,103141,STT
2019-04-12 12:30:00,70.72,70.91,70.65,70.89,69867,STT
2019-04-12 13:30:00,70.91,71.06,70.82,71.04,90339,STT
2019-04-12 14:30:00,71.04,71.04,70.8,70.99,142749,STT
2019-04-12 15:30:00,71.0,71.12,70.96,71.05,336617,STT
2019-04-12 16:00:00,71.03,71.03,71.03,71.03,0,STT
2019-04-12 17:00:00,71.03,71.03,71.03,71.03,0,STT
2019-04-15 09:30:00,70.9,71.48,70.51,70.76,244002,STT
2019-04-15 10:30:00,70.73,70.96,70.25,70.41,383574,STT
2019-04-15 11:30:00,70.43,70.45,70.06,70.18,246468,STT
2019-04-15 12:30:00,70.2,70.38,70.09,70.37,205250,STT
2019-04-15 13:30:00,70.4,70.45,70.21,70.31,149386,STT
2019-04-15 14:30:00,70.31,70.33,70.13,70.2,206582,STT
2019-04-15 15:30:00,70.19,70.19,69.95,70.13,228388,STT
2019-04-15 16:00:00,70.19,70.19,69.95,70.12,0,STT
2019-04-16 08:00:00,70.0,70.0,70.0,70.0,0,STT
2019-04-16 09:30:00,70.47,71.2,70.4,70.76,159648,STT
2019-04-16 10:30:00,70.76,71.15,70.65,71.11,166732,STT
2019-04-16 11:30:00,71.1,71.36,70.94,71.19,97623,STT
2019-04-16 12:30:00,71.18,71.51,71.16,71.46,96251,STT
2019-04-16 13:30:00,71.46,71.76,71.45,71.76,91442,STT
2019-04-16 14:30:00,71.77,71.79,71.5,71.63,145764,STT
2019-04-16 15:30:00,71.63,71.73,71.45,71.71,223125,STT
2019-04-16 16:00:00,71.71,71.71,71.71,71.71,0,STT
2019-04-17 08:00:00,71.5,71.5,71.5,71.5,0,STT
2019-04-17 09:00:00,71.5,71.5,69.6,70.5,0,STT
2019-04-17 09:30:00,70.31,70.36,68.85,69.78,832620,STT
2019-04-17 10:30:00,69.79,70.06,69.4,69.4,296810,STT
2019-04-17 11:30:00,69.39,69.51,69.11,69.18,143032,STT
2019-04-17 12:30:00,69.18,69.42,69.14,69.27,131064,STT
2019-04-17 13:30:00,69.29,69.61,69.27,69.39,103539,STT
2019-04-17 14:30:00,69.39,69.53,69.29,69.48,140514,STT
2019-04-17 15:30:00,69.48,69.76,69.45,69.63,468188,STT
2019-04-17 16:00:00,69.63,69.63,69.18,69.63,0,STT
2019-04-18 09:30:00,69.51,69.81,69.17,69.59,614702,STT
2019-04-18 10:30:00,69.62,69.88,69.36,69.65,599238,STT
2019-04-18 11:30:00,69.66,69.99,69.5,69.91,331110,STT
2019-04-18 12:30:00,69.9,70.23,69.89,70.22,206242,STT
2019-04-18 13:30:00,70.21,70.36,70.01,70.23,296974,STT
2019-04-18 14:30:00,70.22,70.22,69.95,69.96,479070,STT
2019-04-18 15:30:00,69.95,69.98,69.81,69.95,333276,STT
2019-04-18 16:00:00,69.95,69.98,69.81,69.96,0,STT
2019-04-18 17:00:00,69.96,69.96,69.96,69.96,0,STT
2019-04-22 09:30:00,69.9,69.93,69.27,69.45,517094,STT
2019-04-22 10:30:00,69.71,70.08,69.27,70.01,481778,STT
2019-04-22 11:30:00,70.01,70.33,70.01,70.22,507256,STT
2019-04-22 12:30:00,70.22,70.24,70.0,70.06,241782,STT
2019-04-22 13:30:00,70.07,70.13,69.97,69.98,263600,STT
2019-04-22 14:30:00,69.98,70.0,69.81,69.82,404774,STT
2019-04-22 15:30:00,69.83,70.06,69.79,69.9,491145,STT
2019-04-22 16:00:00,69.83,70.06,69.51,69.51,0,STT
2019-04-22 17:00:00,69.51,69.51,69.51,69.51,0,STT
2019-04-22 18:00:00,69.51,69.51,69.51,69.51,0,STT
2019-04-23 08:00:00,70.02,70.02,69.89,69.89,0,STT
2019-04-23 09:30:00,67.67,68.3,64.66,65.23,1495094,STT
2019-04-23 10:30:00,65.23,66.32,65.22,66.01,997056,STT
2019-04-23 11:30:00,66.0,67.29,65.86,67.12,857589,STT
2019-04-23 12:30:00,67.11,67.42,66.9,67.36,741272,STT
2019-04-23 13:30:00,67.37,67.39,66.53,66.97,468919,STT
2019-04-23 14:30:00,66.96,67.19,66.89,66.9,461979,STT
2019-04-23 15:30:00,66.89,66.99,66.71,66.86,770039,STT
2019-04-23 16:00:00,66.86,66.87,66.86,66.87,0,STT
2019-04-23 17:00:00,66.86,66.86,66.86,66.86,0,STT
2019-04-23 18:00:00,66.95,66.95,66.95,66.95,0,STT
2019-04-24 09:30:00,66.48,66.94,65.54,65.79,731906,STT
2019-04-24 10:30:00,66.52,66.6,65.69,66.03,829440,STT
2019-04-24 11:30:00,66.05,66.32,65.96,66.28,467058,STT
2019-04-24 12:30:00,66.28,66.42,65.7,66.02,596528,STT
2019-04-24 13:30:00,66.0,66.32,65.79,66.19,766080,STT
2019-04-24 14:30:00,66.19,66.39,65.98,66.21,579636,STT
2019-04-24 15:30:00,66.22,66.27,66.02,66.12,312559,STT
2019-04-24 16:00:00,66.22,66.27,66.02,66.13,0,STT
2019-04-24 18:00:00,66.13,66.13,66.13,66.13,0,STT
2019-04-25 09:30:00,65.86,66.35,65.62,65.63,529059,STT
2019-04-25 10:30:00,66.18,67.15,65.49,66.99,993431,STT
2019-04-25 11:30:00,67.02,67.59,67.0,67.49,820398,STT
2019-04-25 12:30:00,67.5,67.71,67.44,67.62,466872,STT
2019-04-25 13:30:00,67.63,67.65,67.33,67.38,604978,STT
2019-04-25 14:30:00,67.38,67.49,67.01,67.29,575474,STT
2019-04-25 15:30:00,67.3,67.34,67.01,67.08,310831,STT
2019-04-25 16:00:00,67.3,67.34,66.96,66.96,0,STT
2019-04-25 17:00:00,67.09,67.09,67.09,67.09,0,STT
2019-04-26 09:30:00,67.0,67.21,66.27,66.56,344431,STT
2019-04-26 10:30:00,66.55,66.67,65.96,66.67,591997,STT
2019-04-26 11:30:00,66.69,66.88,66.61,66.69,266530,STT
2019-04-26 12:30:00,66.68,66.79,66.58,66.77,250370,STT
2019-04-26 13:30:00,66.76,67.0,66.73,66.81,290864,STT
2019-04-26 14:30:00,66.79,67.03,66.69,67.01,419902,STT
2019-04-26 15:30:00,67.0,67.16,66.95,67.13,224936,STT
2019-04-26 16:00:00,67.0,67.16,66.95,67.14,0,STT
2019-04-26 18:00:00,67.14,67.15,67.14,67.15,0,STT
2019-04-29 09:00:00,67.25,67.64,67.25,67.64,0,STT
2019-04-29 09:30:00,67.27,68.45,67.14,68.43,340809,STT
2019-04-29 10:30:00,68.44,68.48,68.13,68.21,290226,STT
2019-04-29 11:30:00,68.2,68.74,68.14,68.71,165297,STT
2019-04-29 12:30:00,68.71,68.87,68.6,68.62,174212,STT
2019-04-29 13:30:00,68.62,68.79,68.59,68.64,118899,STT
2019-04-29 14:30:00,68.63,68.75,68.35,68.7,208707,STT
2019-04-29 15:30:00,68.7,68.7,68.28,68.36,266335,STT
2019-04-29 16:00:00,68.4,68.4,68.4,68.4,0,STT
2019-04-30 09:30:00,68.46,68.69,66.95,67.41,112363,STT
2019-04-30 10:30:00,67.18,67.5,66.84,67.22,588017,STT
2019-04-30 11:30:00,67.21,67.51,67.1,67.38,250594,STT
2019-04-30 12:30:00,67.37,67.5,67.27,67.41,250890,STT
2019-04-30 13:30:00,67.42,67.5,67.18,67.44,343656,STT
2019-04-30 14:30:00,67.44,67.57,67.36,67.41,306384,STT
2019-04-30 15:30:00,67.4,67.68,67.4,67.68,185508,STT
2019-04-30 16:00:00,67.4,67.68,67.4,67.66,1607832,STT
2019-05-01 09:30:00,67.72,68.2,67.01,67.01,200087,STT
2019-05-01 10:30:00,67.59,67.68,66.61,66.65,724144,STT
2019-05-01 11:30:00,66.65,66.98,65.88,66.23,985774,STT
2019-05-01 12:30:00,66.2,66.69,65.87,66.61,495006,STT
2019-05-01 13:30:00,66.6,67.05,66.4,66.9,492706,STT
2019-05-01 14:30:00,66.9,67.31,66.78,67.07,715274,STT
2019-05-01 15:30:00,67.08,67.08,66.2,66.26,555696,STT
2019-05-01 16:00:00,67.08,67.08,66.2,66.33,1804568,STT
2019-05-02 09:30:00,66.44,66.76,65.8,66.71,517731,STT
2019-05-02 10:30:00,66.48,66.93,66.37,66.37,634123,STT
2019-05-02 11:30:00,66.39,66.55,66.0,66.36,410658,STT
2019-05-02 12:30:00,66.36,67.17,66.23,67.1,390160,STT
2019-05-02 13:30:00,67.09,67.11,66.55,66.61,406228,STT
2019-05-02 14:30:00,66.6,66.67,66.34,66.47,323810,STT
2019-05-02 15:30:00,66.46,66.53,66.3,66.41,230344,STT
2019-05-02 16:00:00,66.46,66.53,66.3,66.51,0,STT
2019-05-02 17:00:00,66.51,66.51,66.51,66.51,0,STT
2019-05-02 18:00:00,66.51,66.51,66.51,66.51,0,STT
2019-05-03 09:30:00,66.75,67.4,66.69,66.76,507341,STT
2019-05-03 10:30:00,67.12,67.25,66.69,67.2,367381,STT
2019-05-03 11:30:00,67.18,67.34,67.02,67.31,260936,STT
2019-05-03 12:30:00,67.31,67.46,67.24,67.33,203688,STT
2019-05-03 13:30:00,67.32,67.36,67.08,67.14,208126,STT
2019-05-03 14:30:00,67.14,67.14,66.96,67.03,252178,STT
2019-05-03 15:30:00,67.03,67.28,67.0,67.2,351616,STT
2019-05-03 16:00:00,67.03,67.28,67.0,67.21,0,STT
2019-05-03 17:00:00,67.21,67.21,67.21,67.21,0,STT
2019-05-06 09:30:00,65.8,65.8,64.46,65.48,266659,STT
2019-05-06 10:30:00,65.22,66.26,65.07,66.24,828161,STT
2019-05-06 11:30:00,66.25,66.35,65.76,66.13,356002,STT
2019-05-06 12:30:00,66.13,66.48,66.11,66.38,257666,STT
2019-05-06 13:30:00,66.38,66.47,66.19,66.41,305216,STT
2019-05-06 14:30:00,66.41,66.85,66.38,66.71,440516,STT
2019-05-06 15:30:00,66.72,66.79,66.55,66.56,307286,STT
2019-05-06 16:00:00,66.72,66.79,66.55,66.58,456934,STT
2019-05-07 09:30:00,65.51,65.71,64.51,65.06,645024,STT
2019-05-07 10:30:00,65.16,65.21,64.48,64.86,956837,STT
2019-05-07 11:30:00,64.89,65.08,64.72,65.03,432816,STT
2019-05-07 12:30:00,65.06,65.09,64.57,64.66,354560,STT
2019-05-07 13:30:00,64.66,64.75,64.48,64.48,452404,STT
2019-05-07 14:30:00,64.49,64.76,64.36,64.6,1176498,STT
2019-05-07 15:30:00,64.6,65.06,64.41,64.99,525025,STT
2019-05-07 16:00:00,64.6,65.06,64.41,64.99,883127,STT
2019-05-07 17:00:00,64.99,64.99,64.99,64.99,0,STT
2019-05-07 18:00:00,64.99,64.99,64.99,64.99,0,STT
2019-05-08 09:30:00,64.73,65.35,64.49,65.21,340564,STT
2019-05-08 10:30:00,65.21,65.63,64.88,65.21,500520,STT
2019-05-08 11:30:00,65.18,65.3,64.88,65.03,224864,STT
2019-05-08 12:30:00,64.99,65.1,64.86,64.97,182086,STT
2019-05-08 13:30:00,64.97,65.04,64.84,64.93,225162,STT
2019-05-08 14:30:00,64.94,65.0,64.81,64.91,272588,STT
2019-05-08 15:30:00,64.91,64.93,64.47,64.52,297470,STT
2019-05-08 16:00:00,64.91,65.36,64.47,64.49,0,STT
2019-05-08 18:00:00,64.49,64.49,64.49,64.49,0,STT
2019-05-09 09:00:00,64.05,64.05,64.0,64.0,0,STT
2019-05-09 09:30:00,63.82,63.89,62.94,63.54,508295,STT
2019-05-09 10:30:00,63.6,64.22,63.5,63.89,385936,STT
2019-05-09 11:30:00,63.91,64.55,63.9,64.22,275279,STT
2019-05-09 12:30:00,64.29,64.71,64.22,64.23,220801,STT
2019-05-09 13:30:00,64.23,64.64,64.22,64.43,193409,STT
2019-05-09 14:30:00,64.44,64.53,64.07,64.41,315484,STT
2019-05-09 15:30:00,64.41,64.7,64.41,64.54,458075,STT
2019-05-09 16:00:00,64.54,64.54,64.26,64.26,0,STT
2019-05-10 09:00:00,64.26,64.26,64.26,64.26,0,STT
2019-05-10 09:30:00,64.49,64.49,63.79,63.86,294684,STT
2019-05-10 10:30:00,63.85,64.14,63.43,63.87,355641,STT
2019-05-10 11:30:00,63.87,64.46,63.64,64.43,213381,STT
2019-05-10 12:30:00,64.44,64.86,64.41,64.73,185528,STT
2019-05-10 13:30:00,64.75,64.9,64.52,64.66,170028,STT
2019-05-10 14:30:00,64.66,65.09,64.6,65.0,144007,STT
2019-05-10 15:30:00,65.0,65.03,64.52,64.84,258111,STT
2019-05-10 16:00:00,64.81,64.81,64.81,64.81,141129,STT
2019-05-13 09:30:00,63.34,63.81,62.83,63.74,753674,STT
2019-05-13 10:30:00,63.26,63.98,62.99,63.24,954108,STT
2019-05-13 11:30:00,63.26,63.41,62.96,63.01,721538,STT
2019-05-13 12:30:00,63.03,63.11,62.85,62.99,682790,STT
2019-05-13 13:30:00,62.99,63.61,62.95,63.52,861072,STT
2019-05-13 14:30:00,63.54,63.67,63.12,63.23,887240,STT
2019-05-13 15:30:00,63.22,63.44,63.08,63.18,606825,STT
2019-05-13 16:00:00,63.22,63.44,63.08,63.18,0,STT
2019-05-13 17:00:00,63.18,63.18,63.18,63.18,0,STT
2019-05-13 18:00:00,63.18,63.18,63.18,63.18,0,STT
2019-05-14 09:30:00,63.32,63.65,63.11,63.11,316022,STT
2019-05-14 10:30:00,63.38,63.46,62.98,63.3,803716,STT
2019-05-14 11:30:00,63.31,63.62,63.24,63.26,334646,STT
2019-05-14 12:30:00,63.26,63.56,63.16,63.34,437568,STT
2019-05-14 13:30:00,63.36,63.47,63.17,63.31,327584,STT
2019-05-14 14:30:00,63.31,63.37,63.01,63.1,421304,STT
2019-05-14 15:30:00,63.09,63.09,62.74,62.8,322354,STT
2019-05-14 16:00:00,63.09,63.09,62.74,62.78,0,STT
2019-05-14 17:00:00,62.78,62.78,62.78,62.78,0,STT
2019-05-15 09:00:00,61.72,61.72,61.72,61.72,0,STT
2019-05-15 09:30:00,62.03,62.25,61.41,61.99,422864,STT
2019-05-15 10:30:00,62.01,62.49,61.85,62.44,278208,STT
2019-05-15 11:30:00,62.44,62.64,62.28,62.31,169836,STT
2019-05-15 12:30:00,62.33,62.57,62.08,62.12,140561,STT
2019-05-15 13:30:00,62.13,62.31,62.05,62.1,199798,STT
2019-05-15 14:30:00,62.11,62.17,61.87,61.98,289468,STT
2019-05-15 15:30:00,61.98,62.1,61.78,61.82,454767,STT
2019-05-15 16:00:00,61.81,61.81,61.81,61.81,0,STT
2019-05-16 09:30:00,61.99,62.48,61.88,62.34,369636,STT
2019-05-16 10:30:00,62.36,62.48,62.06,62.33,456558,STT
2019-05-16 11:30:00,62.33,62.45,62.04,62.11,471410,STT
2019-05-16 12:30:00,62.12,62.13,61.91,62.01,476522,STT
2019-05-16 13:30:00,62.0,62.0,61.65,62.0,836090,STT
2019-05-16 14:30:00,62.01,62.12,61.55,61.68,489556,STT
2019-05-16 15:30:00,61.69,61.69,61.42,61.63,395994,STT
2019-05-16 16:00:00,61.69,61.94,61.42,61.91,0,STT
2019-05-16 17:00:00,61.62,61.62,61.62,61.62,0,STT
2019-05-17 09:30:00,60.91,61.46,60.89,61.37,422023,STT
2019-05-17 10:30:00,60.95,61.79,60.94,61.69,398309,STT
2019-05-17 11:30:00,61.69,61.69,61.34,61.37,194044,STT
2019-05-17 12:30:00,61.35,61.49,61.28,61.29,252208,STT
2019-05-17 13:30:00,61.29,61.42,61.13,61.15,327230,STT
2019-05-17 14:30:00,61.15,61.19,60.63,60.72,583360,STT
2019-05-17 15:30:00,60.72,60.72,60.38,60.41,438543,STT
2019-05-17 16:00:00,60.72,60.72,60.38,60.39,0,STT
2019-05-20 07:00:00,60.0,60.0,60.0,60.0,0,STT
2019-05-20 09:30:00,60.13,60.69,59.85,60.0,332462,STT
2019-05-20 10:30:00,60.01,60.27,59.77,59.94,278012,STT
2019-05-20 11:30:00,59.95,60.08,59.77,60.0,266073,STT
2019-05-20 12:30:00,60.0,60.03,59.67,59.74,165632,STT
2019-05-20 13:30:00,59.74,59.87,59.48,59.56,308182,STT
2019-05-20 14:30:00,59.56,59.6,59.07,59.27,611380,STT
2019-05-20 15:30:00,59.27,59.99,59.23,59.84,512479,STT
2019-05-20 16:00:00,59.85,59.85,59.71,59.85,0,STT
2019-05-20 17:00:00,60.0,60.0,60.0,60.0,0,STT
2019-05-21 09:30:00,60.21,60.59,60.01,60.28,478355,STT
2019-05-21 10:30:00,60.29,60.46,60.17,60.25,828129,STT
2019-05-21 11:30:00,60.26,60.3,59.88,59.94,387274,STT
2019-05-21 12:30:00,59.94,59.94,59.67,59.84,623136,STT
2019-05-21 13:30:00,59.84,59.99,59.72,59.85,541228,STT
2019-05-21 14:30:00,59.84,59.91,59.54,59.67,722914,STT
2019-05-21 15:30:00,59.66,59.8,59.6,59.67,525347,STT
2019-05-21 16:00:00,59.66,59.9,59.6,59.76,0,STT
2019-05-21 17:00:00,59.83,59.83,59.76,59.76,0,STT
2019-05-21 19:00:00,59.9,59.9,59.9,59.9,0,STT
2019-05-22 09:00:00,59.0,59.0,59.0,59.0,0,STT
2019-05-22 09:30:00,59.39,59.69,59.18,59.49,367634,STT
2019-05-22 10:30:00,59.49,59.53,59.16,59.42,309351,STT
2019-05-22 11:30:00,59.45,59.48,59.25,59.31,123664,STT
2019-05-22 12:30:00,59.31,59.33,59.18,59.25,135828,STT
2019-05-22 13:30:00,59.24,59.46,59.22,59.44,107859,STT
2019-05-22 14:30:00,59.43,59.6,59.4,59.51,250856,STT
2019-05-22 15:30:00,59.51,59.57,59.48,59.49,284750,STT
2019-05-22 16:00:00,59.5,59.5,59.3,59.3,0,STT
2019-05-23 10:30:00,58.63,58.66,58.57,58.57,664942,STT
2019-05-23 11:30:00,58.56,58.64,58.39,58.5,283516,STT
2019-05-23 12:30:00,58.51,58.58,58.38,58.49,283729,STT
2019-05-23 13:30:00,58.47,58.6,58.43,58.51,310049,STT
2019-05-23 14:30:00,58.51,58.77,58.24,58.72,427834,STT
2019-05-23 15:30:00,58.7,58.74,58.35,58.65,498798,STT
2019-05-23 16:00:00,58.64,58.64,58.52,58.64,0,STT
2019-05-24 09:30:00,58.86,59.07,58.73,58.84,290002,STT
2019-05-24 10:30:00,58.88,58.96,58.73,58.77,615840,STT
2019-05-24 11:30:00,58.78,58.92,58.75,58.9,216434,STT
2019-05-24 12:30:00,58.91,59.17,58.88,59.09,325256,STT
2019-05-24 13:30:00,59.1,59.22,59.08,59.14,309190,STT
2019-05-24 14:30:00,59.14,59.26,59.08,59.11,712600,STT
2019-05-24 15:30:00,59.09,59.09,58.95,58.96,234118,STT
2019-05-24 16:00:00,59.09,59.09,58.95,58.97,0,STT
2019-05-28 09:30:00,58.8,58.91,58.37,58.47,430585,STT
2019-05-28 10:30:00,58.56,58.59,58.12,58.3,529753,STT
2019-05-28 11:30:00,58.29,58.44,58.15,58.33,307788,STT
2019-05-28 12:30:00,58.32,58.54,58.28,58.5,277032,STT
2019-05-28 13:30:00,58.49,58.53,58.32,58.35,422314,STT
2019-05-28 14:30:00,58.35,58.42,58.3,58.38,586388,STT
2019-05-28 15:30:00,58.37,58.38,58.19,58.19,429519,STT
2019-05-28 16:00:00,58.37,58.38,58.19,58.19,0,STT
2019-05-29 09:30:00,57.82,57.84,57.43,57.83,324096,STT
2019-05-29 10:30:00,57.62,57.84,57.05,57.06,623954,STT
2019-05-29 11:30:00,57.06,57.31,56.77,57.27,328688,STT
2019-05-29 12:30:00,57.26,57.37,57.11,57.36,460586,STT
2019-05-29 13:30:00,57.35,57.48,57.25,57.48,411524,STT
2019-05-29 14:30:00,57.47,57.58,57.28,57.57,495396,STT
2019-05-29 15:30:00,57.56,57.85,57.55,57.71,311267,STT
2019-05-29 16:00:00,57.56,57.84,57.55,57.71,0,STT
2019-05-29 17:00:00,57.71,57.71,57.71,57.71,0,STT
2019-05-30 09:30:00,57.74,58.0,57.41,57.51,385701,STT
2019-05-30 10:30:00,57.66,57.78,56.75,56.8,867807,STT
2019-05-30 11:30:00,56.8,56.86,56.59,56.6,405864,STT
2019-05-30 12:30:00,56.59,56.83,56.54,56.58,326586,STT
2019-05-30 13:30:00,56.56,56.57,56.08,56.08,490198,STT
2019-05-30 14:30:00,56.09,56.21,55.92,56.07,743376,STT
2019-05-30 15:30:00,56.06,56.31,56.0,56.28,494882,STT
2019-05-30 16:00:00,56.06,56.8,56.0,56.28,0,STT
2019-05-31 09:00:00,55.67,55.67,55.67,55.67,0,STT
2019-05-31 09:30:00,55.43,56.02,55.27,55.6,478529,STT
2019-05-31 10:30:00,55.61,56.07,55.56,56.04,224116,STT
2019-05-31 11:30:00,56.03,56.11,55.87,56.04,160426,STT
2019-05-31 12:30:00,56.05,56.13,55.85,55.91,172378,STT
2019-05-31 13:30:00,55.92,55.97,55.53,55.57,230887,STT
2019-05-31 14:30:00,55.57,55.67,55.33,55.39,255343,STT
2019-05-31 15:30:00,55.38,55.44,55.22,55.26,293079,STT
2019-05-31 16:00:00,55.25,55.64,55.25,55.25,0,STT
2019-05-31 17:00:00,55.25,55.25,55.25,55.25,0,STT
2019-06-03 09:30:00,55.12,55.93,55.12,55.84,109204,STT
2019-06-03 10:30:00,55.55,55.94,55.39,55.49,1077858,STT
2019-06-03 11:30:00,55.49,55.64,55.38,55.42,439594,STT
2019-06-03 12:30:00,55.43,55.92,55.42,55.72,437300,STT
2019-06-03 13:30:00,55.72,56.08,55.56,56.0,328342,STT
2019-06-03 14:30:00,56.02,56.06,55.65,55.77,409744,STT
2019-06-03 15:30:00,55.77,56.03,55.66,55.95,600671,STT
2019-06-03 16:00:00,55.77,56.03,55.66,56.0,1303179,STT
2019-06-04 09:30:00,56.88,57.38,56.71,57.36,305111,STT
2019-06-04 10:30:00,56.99,57.63,56.98,57.53,850846,STT
2019-06-04 11:30:00,57.53,57.65,57.42,57.47,421868,STT
2019-06-04 12:30:00,57.49,57.58,57.16,57.29,314898,STT
2019-06-04 13:30:00,57.29,57.46,57.22,57.28,335452,STT
2019-06-04 14:30:00,57.27,57.58,57.22,57.56,501088,STT
2019-06-04 15:30:00,57.57,57.68,57.47,57.63,397651,STT
2019-06-04 16:00:00,57.57,57.68,57.47,57.63,730445,STT
2019-06-05 09:30:00,57.58,57.68,56.13,56.21,94301,STT
2019-06-05 10:30:00,56.79,56.91,55.88,56.18,1409680,STT
2019-06-05 11:30:00,56.19,56.38,55.99,56.1,726906,STT
2019-06-05 12:30:00,56.1,56.57,56.02,56.31,554664,STT
2019-06-05 13:30:00,56.29,56.42,55.96,55.99,738104,STT
2019-06-05 14:30:00,55.98,56.06,55.71,55.71,958156,STT
2019-06-05 15:30:00,55.7,55.81,55.5,55.69,793966,STT
2019-06-05 16:00:00,55.7,55.82,55.5,55.68,1442834,STT
2019-06-06 09:30:00,55.57,55.87,55.15,55.33,152916,STT
2019-06-06 10:30:00,55.29,55.81,55.15,55.56,691790,STT
2019-06-06 11:30:00,55.55,55.73,55.4,55.69,568558,STT
2019-06-06 12:30:00,55.68,55.74,55.56,55.62,346456,STT
2019-06-06 13:30:00,55.62,55.92,55.61,55.83,416484,STT
2019-06-06 14:30:00,55.83,56.17,55.83,56.17,553696,STT
2019-06-06 15:30:00,56.16,56.33,56.13,56.23,390545,STT
2019-06-06 16:00:00,56.16,56.33,56.13,56.22,706801,STT
2019-06-07 09:30:00,56.15,56.42,55.82,56.17,230231,STT
2019-06-07 10:30:00,56.02,56.83,56.01,56.42,1541221,STT
2019-06-07 11:30:00,56.42,56.83,56.41,56.83,538948,STT
2019-06-07 12:30:00,56.85,57.23,56.8,57.1,2026090,STT
2019-06-07 13:30:00,57.11,57.15,56.61,56.62,363158,STT
2019-06-07 14:30:00,56.62,56.79,56.5,56.71,600562,STT
2019-06-07 15:30:00,56.7,56.76,56.56,56.61,400454,STT
2019-06-07 16:00:00,56.7,56.76,56.56,56.62,850956,STT
2019-06-10 09:30:00,57.25,57.82,56.39,57.26,274932,STT
2019-06-10 10:30:00,56.74,57.37,56.72,57.02,761809,STT
2019-06-10 11:30:00,57.0,57.49,57.0,57.43,521126,STT
2019-06-10 12:30:00,57.43,57.68,57.43,57.56,603946,STT
2019-06-10 13:30:00,57.57,57.76,57.25,57.45,756614,STT
2019-06-10 14:30:00,57.45,57.57,57.36,57.54,1002742,STT
2019-06-10 15:30:00,57.53,57.56,57.19,57.22,741235,STT
2019-06-10 16:00:00,57.53,57.56,57.19,57.22,1483179,STT
2019-06-11 09:30:00,57.48,57.82,56.36,57.16,1174478,STT
2019-06-11 10:30:00,57.57,57.6,56.74,57.44,1015462,STT
2019-06-11 11:30:00,57.45,57.51,53.53,54.99,5200032,STT
2019-06-11 12:30:00,54.96,55.79,54.94,55.65,1292196,STT
2019-06-11 13:30:00,55.66,55.92,55.54,55.81,858902,STT
2019-06-11 14:30:00,55.82,55.82,54.96,55.06,1691234,STT
2019-06-11 15:30:00,55.05,55.15,54.65,55.11,917880,STT
2019-06-11 16:00:00,55.05,55.15,54.66,55.11,0,STT
2019-06-12 09:30:00,54.98,55.06,54.37,54.88,673564,STT
2019-06-12 10:30:00,54.54,55.66,54.46,55.1,1651985,STT
2019-06-12 11:30:00,55.11,55.5,54.71,54.86,892536,STT
2019-06-12 12:30:00,54.85,54.86,54.45,54.75,894550,STT
2019-06-12 13:30:00,54.76,55.06,54.76,54.91,507222,STT
2019-06-12 14:30:00,54.92,54.92,54.72,54.72,641858,STT
2019-06-12 15:30:00,54.72,54.96,54.7,54.92,471092,STT
2019-06-12 16:00:00,54.72,54.96,54.7,54.89,763820,STT
2019-06-13 09:30:00,54.98,55.75,54.89,55.46,137070,STT
2019-06-13 10:30:00,55.49,55.67,55.19,55.53,933362,STT
2019-06-13 11:30:00,55.52,55.56,55.31,55.41,347842,STT
2019-06-13 12:30:00,55.4,55.56,55.23,55.23,278986,STT
2019-06-13 13:30:00,55.25,55.25,54.85,55.11,372178,STT
2019-06-13 14:30:00,55.11,55.12,54.78,54.93,478078,STT
2019-06-13 15:30:00,54.94,55.07,54.78,55.03,393309,STT
2019-06-13 16:00:00,54.94,55.07,54.78,55.03,836383,STT
2019-06-14 09:30:00,55.04,55.23,54.72,54.95,135744,STT
2019-06-14 10:30:00,54.9,55.28,54.72,54.91,506619,STT
2019-06-14 11:30:00,54.93,55.13,54.9,54.99,532492,STT
2019-06-14 12:30:00,54.99,55.29,54.85,55.26,552266,STT
2019-06-14 13:30:00,55.27,55.33,55.07,55.25,670978,STT
2019-06-14 14:30:00,55.26,55.51,55.23,55.38,721210,STT
2019-06-14 15:30:00,55.38,55.51,55.33,55.36,599970,STT
2019-06-14 16:00:00,55.38,55.51,55.32,55.36,990510,STT
2019-06-17 09:30:00,55.5,55.5,55.08,55.35,267239,STT
2019-06-17 10:30:00,55.36,55.49,55.12,55.12,674668,STT
2019-06-17 11:30:00,55.12,55.19,54.76,54.84,334934,STT
2019-06-17 12:30:00,54.84,54.92,54.54,54.67,534148,STT
2019-06-17 13:30:00,54.67,55.0,54.64,54.79,335830,STT
2019-06-17 14:30:00,54.81,54.91,54.67,54.73,292888,STT
2019-06-17 15:30:00,54.73,54.74,54.44,54.47,331473,STT
2019-06-17 16:00:00,54.73,54.74,54.44,54.53,0,STT
2019-06-18 09:30:00,54.4,55.51,54.03,55.45,300816,STT
2019-06-18 10:30:00,55.42,55.53,55.07,55.28,1103827,STT
2019-06-18 11:30:00,55.25,55.28,54.69,54.76,478998,STT
2019-06-18 12:30:00,54.76,54.9,54.62,54.82,332800,STT
2019-06-18 13:30:00,54.82,55.22,54.82,55.21,341514,STT
2019-06-18 14:30:00,55.21,55.63,55.21,55.46,1023536,STT
2019-06-18 15:30:00,55.45,55.45,55.1,55.26,369927,STT
2019-06-18 16:00:00,55.45,55.45,55.1,55.26,913389,STT
2019-06-19 09:30:00,55.41,55.97,55.22,55.32,145014,STT
2019-06-19 10:30:00,55.49,55.83,55.22,55.52,653240,STT
2019-06-19 11:30:00,55.53,55.7,55.27,55.28,802298,STT
2019-06-19 12:30:00,55.28,55.4,55.09,55.11,1520642,STT
2019-06-19 13:30:00,55.11,55.12,54.48,54.49,1234286,STT
2019-06-19 14:30:00,54.51,55.06,54.43,54.85,1435002,STT
2019-06-19 15:30:00,54.84,54.87,54.61,54.79,668418,STT
2019-06-19 16:00:00,54.84,54.87,54.61,54.76,3501060,STT
2019-06-20 09:30:00,55.31,55.67,55.03,55.43,396080,STT
2019-06-20 10:30:00,55.41,55.67,55.03,55.11,730944,STT
2019-06-20 11:30:00,55.12,55.45,55.08,55.38,1133476,STT
2019-06-20 12:30:00,55.38,55.44,55.13,55.2,762130,STT
2019-06-20 13:30:00,55.2,55.44,55.11,55.37,1111568,STT
2019-06-20 14:30:00,55.37,55.38,55.11,55.3,1306862,STT
2019-06-20 15:30:00,55.29,55.48,55.24,55.38,499171,STT
2019-06-20 16:00:00,55.29,55.48,55.24,55.41,983211,STT
2019-06-21 09:30:00,55.43,55.92,55.17,55.58,600737,STT
2019-06-21 10:30:00,55.3,55.75,55.17,55.37,1322544,STT
2019-06-21 11:30:00,55.37,55.55,55.34,55.46,920300,STT
2019-06-21 12:30:00,55.47,55.52,55.4,55.47,931830,STT
2019-06-21 13:30:00,55.48,55.75,55.45,55.7,993954,STT
2019-06-21 14:30:00,55.69,55.85,55.59,55.71,1139500,STT
2019-06-21 15:30:00,55.72,55.72,55.49,55.54,973514,STT
2019-06-21 16:00:00,55.72,55.72,55.49,55.52,4230144,STT
2019-06-24 09:30:00,55.84,57.17,55.76,56.76,1267289,STT
2019-06-24 10:30:00,56.97,57.11,55.94,56.0,1590985,STT
2019-06-24 11:30:00,55.99,56.21,55.99,56.1,578956,STT
2019-06-24 12:30:00,56.11,56.15,55.95,56.05,436958,STT
2019-06-24 13:30:00,56.06,56.2,55.98,56.0,501744,STT
2019-06-24 14:30:00,55.99,56.01,55.7,55.75,612344,STT
2019-06-24 15:30:00,55.74,55.77,55.6,55.74,549246,STT
2019-06-24 16:00:00,55.74,56.37,55.6,55.73,0,STT
2019-06-24 17:00:00,55.73,55.73,55.18,55.73,0,STT
2019-06-25 09:30:00,55.61,55.68,54.62,54.85,650687,STT
2019-06-25 10:30:00,54.82,55.56,54.62,55.53,899791,STT
2019-06-25 11:30:00,55.53,55.83,55.3,55.62,805106,STT
2019-06-25 12:30:00,55.63,55.82,55.54,55.81,575576,STT
2019-06-25 13:30:00,55.8,56.1,55.8,55.88,789316,STT
2019-06-25 14:30:00,55.87,56.27,55.85,56.25,950092,STT
2019-06-25 15:30:00,56.25,56.26,55.89,56.01,680026,STT
2019-06-25 16:00:00,56.25,56.26,55.89,56.0,0,STT
2019-06-25 17:00:00,56.0,56.0,56.0,56.0,0,STT
2019-06-26 09:30:00,55.49,55.9,54.86,55.32,1078227,STT
2019-06-26 10:30:00,55.08,55.56,55.01,55.13,961873,STT
2019-06-26 11:30:00,55.15,55.31,55.0,55.28,444568,STT
2019-06-26 12:30:00,55.28,55.29,54.97,55.04,413020,STT
2019-06-26 13:30:00,55.05,55.28,54.98,55.18,750534,STT
2019-06-26 14:30:00,55.18,55.36,55.11,55.21,704654,STT
2019-06-26 15:30:00,55.2,55.43,55.19,55.27,566843,STT
2019-06-26 16:00:00,55.2,55.43,55.2,55.24,0,STT
2019-06-26 19:00:00,55.23,55.23,55.23,55.23,0,STT
2019-06-27 09:30:00,55.36,56.09,55.26,55.99,511003,STT
2019-06-27 10:30:00,55.88,56.01,55.54,55.71,848587,STT
2019-06-27 11:30:00,55.71,55.88,55.47,55.8,874132,STT
2019-06-27 12:30:00,55.8,55.93,55.75,55.88,689198,STT
2019-06-27 13:30:00,55.87,55.94,55.72,55.78,533954,STT
2019-06-27 14:30:00,55.78,55.78,55.55,55.67,793672,STT
2019-06-27 15:30:00,55.66,55.76,55.57,55.7,707283,STT
2019-06-27 16:00:00,55.66,55.83,55.57,55.65,0,STT
2019-06-27 17:00:00,55.65,56.2,55.65,56.0,0,STT
2019-06-28 04:00:00,55.94,56.0,55.94,56.0,0,STT
2019-06-28 08:00:00,56.28,56.28,56.28,56.28,0,STT
2019-06-28 09:30:00,56.19,56.68,55.72,55.76,1378771,STT
2019-06-28 10:30:00,55.74,56.15,55.54,56.05,628939,STT
2019-06-28 11:30:00,56.05,56.31,56.04,56.15,510742,STT
2019-06-28 12:30:00,56.16,56.29,56.13,56.24,406376,STT
2019-06-28 13:30:00,56.25,56.47,56.22,56.38,447581,STT
2019-06-28 14:30:00,56.39,56.4,56.17,56.2,634291,STT
2019-06-28 15:30:00,56.21,56.33,56.09,56.24,707800,STT
2019-06-28 16:00:00,56.07,56.07,56.06,56.06,0,STT
2019-06-28 17:00:00,56.06,56.06,56.06,56.06,0,STT
2019-06-28 18:00:00,11838999600.0,11838999600.0,11838999600.0,11838999600.0,0,STT
2019-06-28 19:00:00,56.06,56.06,56.06,56.06,0,STT
2019-07-01 08:00:00,56.06,56.06,56.06,56.06,0,STT
2019-07-01 09:30:00,56.82,57.35,56.43,56.44,642601,STT
2019-07-01 10:30:00,56.47,56.75,56.35,56.45,358369,STT
2019-07-01 11:30:00,56.46,56.6,56.38,56.4,362180,STT
2019-07-01 12:30:00,56.39,56.49,56.22,56.38,291906,STT
2019-07-01 13:30:00,56.38,56.42,56.29,56.33,280923,STT
2019-07-01 14:30:00,56.34,56.61,56.27,56.58,484154,STT
2019-07-01 15:30:00,56.58,56.76,56.55,56.58,472417,STT
2019-07-01 16:00:00,56.69,56.69,56.57,56.69,0,STT
2019-07-02 09:30:00,56.69,56.71,56.06,56.39,869971,STT
2019-07-02 10:30:00,56.19,56.46,55.93,55.97,1252565,STT
2019-07-02 11:30:00,55.98,56.02,55.6,55.66,1034830,STT
2019-07-02 12:30:00,55.65,55.88,55.54,55.82,721248,STT
2019-07-02 13:30:00,55.82,56.02,55.76,55.83,1323218,STT
2019-07-02 14:30:00,55.84,55.86,55.56,55.66,907420,STT
2019-07-02 15:30:00,55.65,55.94,55.65,55.87,413839,STT
2019-07-02 16:00:00,55.66,55.94,55.66,55.82,0,STT
2019-07-02 17:00:00,55.82,55.83,55.82,55.82,0,STT
2019-07-02 18:00:00,55.83,55.83,55.83,55.83,0,STT
2019-07-03 09:30:00,55.96,56.32,55.72,55.89,616486,STT
2019-07-03 10:30:00,55.9,56.08,55.81,56.02,1926082,STT
2019-07-03 11:30:00,56.02,56.2,55.9,56.11,2170276,STT
2019-07-03 13:00:00,56.11,56.53,56.07,56.07,0,STT
2019-07-03 14:00:00,56.47,56.47,56.47,56.47,0,STT
2019-07-05 09:00:00,56.64,56.64,56.64,56.64,0,STT
2019-07-05 09:30:00,56.81,57.29,56.51,56.58,352678,STT
2019-07-05 10:30:00,56.58,56.87,56.53,56.76,287284,STT
2019-07-05 11:30:00,56.75,56.79,56.64,56.73,320980,STT
2019-07-05 12:30:00,56.74,56.79,56.62,56.71,166465,STT
2019-07-05 13:30:00,56.71,56.83,56.7,56.82,243325,STT
2019-07-05 14:30:00,56.83,56.92,56.71,56.79,301624,STT
2019-07-05 15:30:00,56.79,56.82,56.62,56.82,333734,STT
2019-07-05 16:00:00,56.8,56.8,56.78,56.8,0,STT
2019-07-08 07:00:00,55.34,55.34,55.34,55.34,0,STT
2019-07-08 08:00:00,55.95,55.95,55.28,55.28,0,STT
2019-07-08 09:30:00,55.21,55.69,54.88,54.89,956843,STT
2019-07-08 10:30:00,54.89,55.08,54.67,54.9,560970,STT
2019-07-08 11:30:00,54.91,55.05,54.76,54.81,364677,STT
2019-07-08 12:30:00,54.81,55.15,54.69,54.92,292856,STT
2019-07-08 13:30:00,54.92,54.96,54.64,54.67,332571,STT
2019-07-08 14:30:00,54.67,55.04,54.67,55.04,449728,STT
2019-07-08 15:30:00,55.03,55.12,54.97,55.08,559751,STT
2019-07-08 16:00:00,55.06,55.06,54.5,55.06,0,STT
2019-07-08 17:00:00,55.06,55.06,55.06,55.06,0,STT
2019-07-08 18:00:00,55.06,55.06,55.06,55.06,0,STT
2019-07-09 09:00:00,55.06,55.06,55.06,55.06,0,STT
2019-07-09 09:30:00,54.46,54.92,54.29,54.6,591506,STT
2019-07-09 10:30:00,54.59,55.15,54.59,55.15,564452,STT
2019-07-09 11:30:00,55.15,55.25,55.01,55.13,412342,STT
2019-07-09 12:30:00,55.14,55.15,54.97,55.01,374393,STT
2019-07-09 13:30:00,55.0,55.08,54.95,55.03,286370,STT
2019-07-09 14:30:00,55.03,55.11,54.96,55.01,510353,STT
2019-07-09 15:30:00,55.02,55.12,54.99,55.07,911151,STT
2019-07-09 16:00:00,55.07,55.07,54.97,55.07,0,STT
2019-07-09 17:00:00,55.07,55.12,55.07,55.12,0,STT
2019-07-09 18:00:00,55.07,55.07,55.07,55.07,0,STT
2019-07-10 06:00:00,55.07,55.07,55.07,55.07,0,STT
2019-07-10 09:00:00,55.07,55.07,55.07,55.07,0,STT
2019-07-10 09:30:00,55.07,55.38,54.88,54.91,500949,STT
2019-07-10 10:30:00,54.91,54.98,54.31,54.37,483329,STT
2019-07-10 11:30:00,54.38,54.94,54.36,54.9,262059,STT
2019-07-10 12:30:00,54.9,55.01,54.75,54.8,352180,STT
2019-07-10 13:30:00,54.81,54.81,54.64,54.71,217320,STT
2019-07-10 14:30:00,54.7,54.87,54.51,54.51,240805,STT
2019-07-10 15:30:00,54.51,54.58,54.4,54.4,367132,STT
2019-07-10 16:00:00,54.42,54.52,54.42,54.42,0,STT
2019-07-10 19:00:00,54.42,54.42,54.42,54.42,0,STT
2019-07-11 08:00:00,54.0,54.0,54.0,54.0,0,STT
2019-07-11 09:30:00,54.42,54.74,54.38,54.45,311900,STT
2019-07-11 10:30:00,54.44,54.75,54.4,54.62,384055,STT
2019-07-11 11:30:00,54.63,54.81,54.63,54.71,413196,STT
2019-07-11 12:30:00,54.71,54.96,54.7,54.89,397748,STT
2019-07-11 13:30:00,54.89,54.93,54.8,54.83,544571,STT
2019-07-11 14:30:00,54.83,55.16,54.82,55.14,764452,STT
2019-07-11 15:30:00,55.14,55.15,55.0,55.01,864422,STT
2019-07-11 16:00:00,55.04,55.04,54.61,55.04,0,STT
2019-07-12 09:30:00,55.42,55.5,55.1,55.46,1110036,STT
2019-07-12 10:30:00,55.19,55.63,55.12,55.21,1306818,STT
2019-07-12 11:30:00,55.21,55.37,55.13,55.2,973738,STT
2019-07-12 12:30:00,55.19,55.36,55.15,55.28,777348,STT
2019-07-12 13:30:00,55.28,55.3,55.18,55.19,1065128,STT
2019-07-12 14:30:00,55.19,55.29,55.14,55.17,1253386,STT
2019-07-12 15:30:00,55.18,55.21,55.08,55.16,691048,STT
2019-07-12 16:00:00,55.18,55.21,55.08,55.19,0,STT
2019-07-12 17:00:00,55.19,55.19,55.19,55.19,0,STT
2019-07-15 09:30:00,55.24,55.24,54.46,54.76,564314,STT
2019-07-15 10:30:00,54.65,55.26,54.46,55.2,1525820,STT
2019-07-15 11:30:00,55.19,55.31,55.05,55.24,1975624,STT
2019-07-15 12:30:00,55.24,55.31,55.11,55.17,907634,STT
2019-07-15 13:30:00,55.15,55.46,55.12,55.39,680634,STT
2019-07-15 14:30:00,55.39,55.42,55.21,55.31,1159040,STT
2019-07-15 15:30:00,55.31,55.44,55.25,55.44,660743,STT
2019-07-15 16:00:00,55.31,55.45,55.25,55.45,0,STT
2019-07-16 09:30:00,55.45,55.47,55.06,55.27,603103,STT
2019-07-16 10:30:00,55.26,55.42,54.93,54.97,886837,STT
2019-07-16 11:30:00,54.97,55.04,54.7,54.79,722840,STT
2019-07-16 12:30:00,54.79,54.89,54.7,54.74,507590,STT
2019-07-16 13:30:00,54.74,54.79,54.7,54.72,484432,STT
2019-07-16 14:30:00,54.71,54.88,54.67,54.87,630080,STT
2019-07-16 15:30:00,54.87,54.89,54.8,54.8,415953,STT
2019-07-16 16:00:00,54.87,54.89,54.8,54.82,0,STT
2019-07-16 17:00:00,54.82,54.82,54.82,54.82,0,STT
2019-07-16 18:00:00,55.0,55.0,55.0,55.0,0,STT
2019-07-17 08:00:00,55.0,55.1,54.8,54.8,0,STT
2019-07-17 09:30:00,54.63,55.03,54.36,54.48,507487,STT
2019-07-17 10:30:00,54.45,54.49,54.31,54.41,485923,STT
2019-07-17 11:30:00,54.4,54.71,54.38,54.39,348817,STT
2019-07-17 12:30:00,54.39,54.4,54.25,54.3,1438162,STT
2019-07-17 13:30:00,54.31,54.58,54.26,54.57,1509982,STT
2019-07-17 14:30:00,54.56,54.71,54.5,54.52,501699,STT
2019-07-17 15:30:00,54.51,54.81,54.5,54.63,634910,STT
2019-07-17 16:00:00,54.59,54.59,54.59,54.59,0,STT
2019-07-17 17:00:00,54.59,54.59,54.59,54.59,0,STT
2019-07-17 18:00:00,54.59,54.59,54.59,54.59,0,STT
2019-07-18 09:30:00,54.75,56.14,54.73,56.13,1230756,STT
2019-07-18 10:30:00,55.55,56.25,55.55,55.89,1531890,STT
2019-07-18 11:30:00,55.88,56.32,55.84,56.2,961938,STT
2019-07-18 12:30:00,56.19,56.48,56.18,56.33,789972,STT
2019-07-18 13:30:00,56.33,56.45,56.26,56.41,862936,STT
2019-07-18 14:30:00,56.41,56.54,56.25,56.29,1029282,STT
2019-07-18 15:30:00,56.3,56.33,56.18,56.23,799424,STT
2019-07-18 16:00:00,56.3,56.33,55.53,55.53,0,STT
2019-07-18 17:00:00,56.29,56.29,56.29,56.29,0,STT
2019-07-19 07:00:00,57.25,57.25,57.25,57.25,0,STT
2019-07-19 08:00:00,57.0,59.87,57.0,59.87,0,STT
2019-07-19 09:00:00,56.29,58.0,56.29,58.0,0,STT
2019-07-19 09:30:00,57.44,59.12,57.25,58.82,1548119,STT
2019-07-19 10:30:00,58.82,59.04,58.38,58.95,672098,STT
2019-07-19 11:30:00,58.95,59.32,58.75,59.03,439810,STT
2019-07-19 12:30:00,59.03,59.16,58.8,59.13,397324,STT
2019-07-19 13:30:00,59.12,59.71,59.07,59.67,515317,STT
2019-07-19 14:30:00,59.67,60.09,59.49,60.03,919251,STT
2019-07-19 15:30:00,60.03,60.5,59.86,60.07,1447757,STT
2019-07-19 16:00:00,60.08,60.09,60.08,60.09,0,STT
2019-07-19 17:00:00,59.96,60.08,59.9,59.9,0,STT
2019-07-19 18:00:00,59.9,59.9,59.9,59.9,0,STT
2019-07-19 19:00:00,60.0,60.0,60.0,60.0,0,STT
2019-07-22 09:00:00,60.43,60.43,60.4,60.4,0,STT
2019-07-22 09:30:00,59.89,60.04,58.95,59.08,500389,STT
2019-07-22 10:30:00,59.07,59.13,58.74,58.8,434804,STT
2019-07-22 11:30:00,58.79,59.12,58.79,58.93,250507,STT
2019-07-22 12:30:00,58.94,59.07,58.89,59.01,397506,STT
2019-07-22 13:30:00,59.03,59.05,58.94,58.98,376819,STT
2019-07-22 14:30:00,58.97,59.24,58.97,59.19,520886,STT
2019-07-22 15:30:00,59.19,59.26,59.12,59.24,685716,STT
2019-07-22 16:00:00,59.23,59.23,59.23,59.23,0,STT
2019-07-23 09:30:00,59.44,59.92,59.2,59.27,722056,STT
2019-07-23 10:30:00,59.48,59.51,59.04,59.4,1225750,STT
2019-07-23 11:30:00,59.4,59.44,59.31,59.42,613480,STT
2019-07-23 12:30:00,59.43,59.49,59.25,59.41,579308,STT
2019-07-23 13:30:00,59.43,59.78,59.37,59.76,1061840,STT
2019-07-23 14:30:00,59.77,59.97,59.77,59.92,740044,STT
2019-07-23 15:30:00,59.92,60.06,59.86,59.92,506095,STT
2019-07-23 16:00:00,59.92,60.06,59.4,59.95,0,STT
2019-07-23 17:00:00,59.9,60.0,59.9,60.0,0,STT
2019-07-24 09:00:00,59.9,59.9,59.9,59.9,0,STT
2019-07-24 09:30:00,59.64,60.41,59.62,59.81,396090,STT
2019-07-24 10:30:00,59.83,60.35,59.74,60.17,225022,STT
2019-07-24 11:30:00,60.17,60.36,60.01,60.27,217095,STT
2019-07-24 12:30:00,60.27,60.39,60.21,60.3,372786,STT
2019-07-24 13:30:00,60.3,60.31,59.81,59.97,295622,STT
2019-07-24 14:30:00,59.97,60.0,59.71,59.75,263257,STT
2019-07-24 15:30:00,59.74,59.84,59.59,59.6,697390,STT
2019-07-24 16:00:00,59.6,59.93,59.6,59.6,0,STT
2019-07-24 17:00:00,59.6,59.6,59.6,59.6,0,STT
2019-07-25 07:00:00,60.0,60.0,60.0,60.0,0,STT
2019-07-25 09:30:00,59.92,59.92,58.92,59.0,540488,STT
2019-07-25 10:30:00,59.0,59.6,59.0,59.37,403134,STT
2019-07-25 11:30:00,59.36,59.48,59.07,59.4,317062,STT
2019-07-25 12:30:00,59.4,59.45,59.11,59.43,204311,STT
2019-07-25 13:30:00,59.44,59.63,59.39,59.53,301037,STT
2019-07-25 14:30:00,59.54,59.58,59.42,59.53,552747,STT
2019-07-25 15:30:00,59.54,59.64,59.45,59.5,720596,STT
2019-07-25 16:00:00,59.48,59.48,59.48,59.48,0,STT
2019-07-26 09:30:00,59.51,59.71,59.22,59.46,442077,STT
2019-07-26 10:30:00,59.39,60.08,59.39,60.07,586887,STT
2019-07-26 11:30:00,60.06,60.12,59.9,60.05,299564,STT
2019-07-26 12:30:00,60.04,60.24,60.02,60.2,260048,STT
2019-07-26 13:30:00,60.2,60.28,60.13,60.17,239674,STT
2019-07-26 14:30:00,60.17,60.36,60.16,60.31,317578,STT
2019-07-26 15:30:00,60.31,60.38,60.2,60.36,387240,STT
2019-07-26 16:00:00,60.31,60.38,60.2,60.37,0,STT
2019-07-29 09:30:00,60.17,60.37,59.62,59.74,481958,STT
2019-07-29 10:30:00,60.03,60.03,59.62,59.87,974866,STT
2019-07-29 11:30:00,59.88,59.92,59.59,59.61,517264,STT
2019-07-29 12:30:00,59.6,59.66,59.47,59.5,656590,STT
2019-07-29 13:30:00,59.5,59.6,59.46,59.54,488846,STT
2019-07-29 14:30:00,59.54,59.57,59.15,59.22,894382,STT
2019-07-29 15:30:00,59.22,59.29,59.13,59.14,804093,STT
2019-07-29 16:00:00,59.22,59.42,59.13,59.42,0,STT
2019-07-29 17:00:00,59.13,59.13,59.13,59.13,0,STT
2019-07-30 09:30:00,58.48,59.11,58.47,58.94,486827,STT
2019-07-30 10:30:00,58.94,59.15,58.72,59.08,873489,STT
2019-07-30 11:30:00,59.08,59.22,59.06,59.21,367982,STT
2019-07-30 12:30:00,59.2,59.26,59.06,59.18,333298,STT
2019-07-30 13:30:00,59.18,59.31,59.13,59.25,351994,STT
2019-07-30 14:30:00,59.28,59.28,59.06,59.08,436490,STT
2019-07-30 15:30:00,59.08,59.14,58.92,58.95,469171,STT
2019-07-30 16:00:00,59.08,59.14,58.88,58.88,0,STT
2019-07-30 17:00:00,58.88,58.88,58.88,58.88,0,STT
2019-07-30 18:00:00,58.88,58.88,58.88,58.88,0,STT
2019-07-31 09:30:00,59.11,59.17,58.69,59.03,566256,STT
2019-07-31 10:30:00,59.12,59.27,58.82,58.82,858834,STT
2019-07-31 11:30:00,58.83,58.93,58.68,58.83,445236,STT
2019-07-31 12:30:00,58.82,58.94,58.59,58.76,369584,STT
2019-07-31 13:30:00,58.76,58.79,58.29,58.29,659738,STT
2019-07-31 14:30:00,58.28,58.66,57.94,58.64,1422946,STT
2019-07-31 15:30:00,58.6,58.65,58.1,58.1,484326,STT
2019-07-31 16:00:00,58.6,58.65,58.09,58.09,0,STT
2019-07-31 17:00:00,58.09,58.09,58.09,58.09,0,STT
2019-08-01 09:30:00,57.92,57.97,57.14,57.74,566301,STT
2019-08-01 10:30:00,57.94,57.94,57.53,57.79,706441,STT
2019-08-01 11:30:00,57.79,57.87,57.37,57.38,604936,STT
2019-08-01 12:30:00,57.38,57.43,56.61,56.63,517248,STT
2019-08-01 13:30:00,56.63,56.74,55.66,55.75,1289188,STT
2019-08-01 14:30:00,55.76,56.08,55.59,55.9,1283976,STT
2019-08-01 15:30:00,55.9,55.94,55.37,55.59,706208,STT
2019-08-01 16:00:00,55.9,55.94,55.37,55.59,0,STT
2019-08-01 17:00:00,55.59,55.59,55.59,55.59,0,STT
2019-08-01 18:00:00,55.59,55.59,55.59,55.59,0,STT
2019-08-02 09:30:00,55.6,56.15,55.15,55.31,640856,STT
2019-08-02 10:30:00,55.99,56.02,54.81,55.46,948034,STT
2019-08-02 11:30:00,55.47,56.09,55.42,56.06,709570,STT
2019-08-02 12:30:00,56.05,56.08,55.48,55.55,527056,STT
2019-08-02 13:30:00,55.55,55.92,55.53,55.78,376222,STT
2019-08-02 14:30:00,55.78,55.84,55.54,55.78,501222,STT
2019-08-02 15:30:00,55.79,55.96,55.57,55.67,450348,STT
2019-08-02 16:00:00,55.79,55.96,55.57,55.66,0,STT
2019-08-02 17:00:00,55.66,55.66,55.66,55.66,0,STT
2019-08-05 09:30:00,54.55,55.06,54.12,54.29,586737,STT
2019-08-05 10:30:00,54.52,54.63,54.04,54.46,851251,STT
2019-08-05 11:30:00,54.46,54.53,54.08,54.09,584398,STT
2019-08-05 12:30:00,54.09,54.17,53.83,54.0,603822,STT
2019-08-05 13:30:00,54.0,54.11,53.55,53.55,550076,STT
2019-08-05 14:30:00,53.56,53.85,53.18,53.75,1190214,STT
2019-08-05 15:30:00,53.74,54.26,53.68,53.79,681710,STT
2019-08-05 16:00:00,53.74,54.26,53.68,53.96,0,STT
2019-08-05 17:00:00,53.8,53.8,53.8,53.8,0,STT
2019-08-05 18:00:00,53.8,53.8,53.8,53.8,0,STT
2019-08-06 09:30:00,54.28,54.63,53.36,53.46,714369,STT
2019-08-06 10:30:00,53.64,53.82,52.93,53.1,1077007,STT
2019-08-06 11:30:00,53.1,53.34,53.03,53.04,614860,STT
2019-08-06 12:30:00,53.06,53.1,52.92,53.01,659986,STT
2019-08-06 13:30:00,53.01,53.26,52.91,53.14,561936,STT
2019-08-06 14:30:00,53.13,53.5,53.07,53.44,717926,STT
2019-08-06 15:30:00,53.43,53.6,53.32,53.5,367080,STT
2019-08-06 16:00:00,53.43,53.6,53.32,53.5,0,STT
2019-08-06 18:00:00,53.5,53.5,53.5,53.5,0,STT
2019-08-07 09:30:00,52.59,52.59,51.44,51.44,1072179,STT
2019-08-07 10:30:00,51.73,52.03,51.42,51.68,1059421,STT
2019-08-07 11:30:00,51.69,51.71,51.34,51.52,596064,STT
2019-08-07 12:30:00,51.5,51.87,51.48,51.74,702934,STT
2019-08-07 13:30:00,51.74,52.35,51.74,52.26,730680,STT
2019-08-07 14:30:00,52.25,52.64,52.22,52.63,944682,STT
2019-08-07 15:30:00,52.63,52.83,52.4,52.49,419804,STT
2019-08-07 16:00:00,52.64,52.83,51.4,52.5,0,STT
2019-08-07 17:00:00,52.5,52.5,52.5,52.5,0,STT
2019-08-08 09:30:00,52.84,53.29,52.84,53.24,420830,STT
2019-08-08 10:30:00,53.08,53.55,53.03,53.52,647144,STT
2019-08-08 11:30:00,53.52,53.59,53.31,53.39,555152,STT
2019-08-08 12:30:00,53.4,53.71,53.38,53.52,593702,STT
2019-08-08 13:30:00,53.53,53.56,53.24,53.32,317608,STT
2019-08-08 14:30:00,53.33,53.43,53.19,53.24,358238,STT
2019-08-08 15:30:00,53.24,53.52,53.24,53.44,261053,STT
2019-08-08 16:00:00,53.24,53.52,53.24,53.41,0,STT
2019-08-09 09:30:00,52.94,53.31,52.48,52.49,456601,STT
2019-08-09 10:30:00,52.88,52.99,52.29,52.44,634689,STT
2019-08-09 11:30:00,52.47,52.73,52.42,52.56,351530,STT
2019-08-09 12:30:00,52.55,52.88,52.48,52.84,407806,STT
2019-08-09 13:30:00,52.84,53.1,52.79,53.07,373134,STT
2019-08-09 14:30:00,53.06,53.28,52.99,53.27,547734,STT
2019-08-09 15:30:00,53.27,53.4,52.9,52.94,499022,STT
2019-08-09 16:00:00,53.27,53.4,52.9,52.96,0,STT
2019-08-12 08:00:00,52.42,52.44,52.38,52.38,0,STT
2019-08-12 09:30:00,52.15,52.29,51.64,52.01,364533,STT
2019-08-12 10:30:00,52.0,52.05,51.59,51.68,255198,STT
2019-08-12 11:30:00,51.68,51.79,51.54,51.75,3574569,STT
2019-08-12 12:30:00,51.76,51.8,51.55,51.57,184359,STT
2019-08-12 13:30:00,51.56,51.71,51.45,51.57,225732,STT
2019-08-12 14:30:00,51.57,51.63,51.34,51.53,303443,STT
2019-08-12 15:30:00,51.55,51.55,51.54,51.55,400,STT
2019-08-12 19:00:00,51.57,51.59,51.5,51.57,8437,STT
2019-08-13 09:30:00,51.18,52.73,51.05,52.67,863321,STT
2019-08-13 10:30:00,52.31,52.75,51.68,51.71,809210,STT
2019-08-13 11:30:00,51.71,52.1,51.66,52.02,459122,STT
2019-08-13 12:30:00,52.01,52.11,51.84,51.88,384824,STT
2019-08-13 13:30:00,51.88,51.99,51.64,51.79,458038,STT
2019-08-13 14:30:00,51.78,51.85,51.49,51.63,521880,STT
2019-08-13 15:30:00,51.62,51.62,51.36,51.47,357528,STT
2019-08-13 16:00:00,51.62,51.79,51.36,51.47,0,STT
2019-08-13 18:00:00,51.47,51.47,51.47,51.47,0,STT
2019-08-14 09:30:00,50.11,50.44,49.9,50.16,754061,STT
2019-08-14 10:30:00,50.39,50.39,49.69,49.86,1159127,STT
2019-08-14 11:30:00,49.85,50.03,49.71,49.93,639978,STT
2019-08-14 12:30:00,49.93,50.02,49.56,49.83,755948,STT
2019-08-14 13:30:00,49.82,50.09,49.79,50.01,742012,STT
2019-08-14 14:30:00,50.02,50.09,49.72,49.98,696504,STT
2019-08-14 15:30:00,49.97,49.97,49.62,49.63,451275,STT
2019-08-14 16:00:00,49.97,49.97,49.62,49.63,0,STT
2019-08-14 18:00:00,49.63,49.63,49.63,49.63,0,STT
2019-08-15 09:30:00,49.78,50.02,49.36,49.46,667945,STT
2019-08-15 10:30:00,49.76,49.9,48.9,49.1,1065365,STT
2019-08-15 11:30:00,49.11,49.37,49.07,49.2,471944,STT
2019-08-15 12:30:00,49.2,49.31,49.06,49.08,451756,STT
2019-08-15 13:30:00,49.08,49.12,48.69,48.76,880580,STT
2019-08-15 14:30:00,48.75,48.94,48.62,48.84,798186,STT
2019-08-15 15:30:00,48.82,48.97,48.66,48.81,565209,STT
2019-08-15 16:00:00,48.82,49.08,48.66,48.81,0,STT
2019-08-15 18:00:00,48.81,48.81,48.81,48.81,0,STT
2019-08-16 09:30:00,49.06,49.65,49.01,49.56,688387,STT
2019-08-16 10:30:00,49.33,50.06,49.23,50.02,668649,STT
2019-08-16 11:30:00,50.01,50.21,50.01,50.08,404704,STT
2019-08-16 12:30:00,50.08,50.15,50.01,50.13,328680,STT
2019-08-16 13:30:00,50.12,50.21,50.08,50.17,445538,STT
2019-08-16 14:30:00,50.17,50.19,50.03,50.08,607326,STT
2019-08-16 15:30:00,50.08,50.24,50.07,50.21,465708,STT
2019-08-16 16:00:00,50.08,50.24,48.81,50.2,0,STT
2019-08-16 18:00:00,50.2,50.2,50.2,50.2,0,STT
2019-08-19 09:30:00,51.05,51.28,50.94,51.1,533010,STT
2019-08-19 10:30:00,51.08,51.22,50.79,50.99,701460,STT
2019-08-19 11:30:00,50.99,51.04,50.84,50.95,521798,STT
2019-08-19 12:30:00,50.95,51.08,50.9,51.07,477410,STT
2019-08-19 13:30:00,51.08,51.26,51.02,51.23,641322,STT
2019-08-19 14:30:00,51.24,51.24,50.91,50.96,536968,STT
2019-08-19 15:30:00,50.99,51.08,50.84,50.86,460762,STT
2019-08-19 16:00:00,50.98,51.08,50.84,50.89,0,STT
2019-08-19 17:00:00,50.89,50.89,50.89,50.89,0,STT
2019-08-20 08:00:00,50.9,50.9,50.9,50.9,0,STT
2019-08-20 09:30:00,50.62,51.01,50.34,50.79,367658,STT
2019-08-20 10:30:00,50.77,51.18,50.7,51.14,337357,STT
2019-08-20 11:30:00,51.14,51.15,50.83,50.87,195082,STT
2019-08-20 12:30:00,50.86,50.92,50.74,50.84,222470,STT
2019-08-20 13:30:00,50.84,50.86,50.64,50.67,228381,STT
2019-08-20 14:30:00,50.66,50.78,50.62,50.75,385894,STT
2019-08-20 15:30:00,50.76,50.76,50.44,50.52,407084,STT
2019-08-20 16:00:00,50.51,50.98,50.51,50.98,0,STT
2019-08-20 18:00:00,50.52,50.52,50.51,50.51,0,STT
2019-08-21 09:30:00,50.81,50.91,50.45,50.53,433210,STT
2019-08-21 10:30:00,50.67,50.68,50.25,50.63,652828,STT
2019-08-21 11:30:00,50.63,50.7,50.53,50.53,461514,STT
2019-08-21 12:30:00,50.51,50.72,50.49,50.68,345710,STT
2019-08-21 13:30:00,50.68,50.76,50.52,50.62,500906,STT
2019-08-21 14:30:00,50.63,50.65,50.43,50.56,554196,STT
2019-08-21 15:30:00,50.55,50.67,50.49,50.53,355100,STT
2019-08-21 16:00:00,50.55,50.66,50.48,50.54,0,STT
2019-08-22 09:30:00,50.95,51.51,50.92,51.2,474059,STT
2019-08-22 10:30:00,51.4,51.51,50.82,51.05,661911,STT
2019-08-22 11:30:00,51.05,51.36,51.0,51.29,285284,STT
2019-08-22 12:30:00,51.3,51.31,51.11,51.15,250838,STT
2019-08-22 13:30:00,51.16,51.23,51.04,51.06,283862,STT
2019-08-22 14:30:00,51.05,51.2,51.02,51.1,411994,STT
2019-08-22 15:30:00,51.11,51.22,51.06,51.12,380700,STT
2019-08-22 16:00:00,51.11,51.22,51.06,51.14,0,STT
2019-08-23 09:00:00,51.14,51.14,51.14,51.14,0,STT
2019-08-23 09:30:00,50.8,51.45,50.76,51.18,252673,STT
2019-08-23 10:30:00,51.19,51.43,50.26,50.57,570392,STT
2019-08-23 11:30:00,50.56,50.58,49.98,50.17,465651,STT
2019-08-23 12:30:00,50.19,50.38,50.08,50.17,312795,STT
2019-08-23 13:30:00,50.14,50.38,50.14,50.33,322946,STT
2019-08-23 14:30:00,50.33,50.38,50.1,50.14,466601,STT
2019-08-23 15:30:00,50.14,50.18,49.68,49.99,547050,STT
2019-08-23 16:00:00,49.96,49.96,49.96,49.96,0,STT
2019-08-23 17:00:00,49.96,49.96,49.96,49.96,0,STT
2019-08-26 09:30:00,50.37,50.46,49.99,50.12,391064,STT
2019-08-26 10:30:00,50.3,50.37,49.81,49.91,702486,STT
2019-08-26 11:30:00,49.89,49.9,49.66,49.83,427236,STT
2019-08-26 12:30:00,49.83,49.93,49.72,49.9,408786,STT
2019-08-26 13:30:00,49.9,49.9,49.61,49.62,439782,STT
2019-08-26 14:30:00,49.61,49.79,49.57,49.67,581604,STT
2019-08-26 15:30:00,49.68,49.84,49.59,49.84,410126,STT
2019-08-26 16:00:00,49.68,49.84,49.59,49.82,0,STT
2019-08-27 09:30:00,50.07,50.47,49.82,49.91,480184,STT
2019-08-27 10:30:00,49.92,50.24,49.65,49.67,625250,STT
2019-08-27 11:30:00,49.66,49.86,49.38,49.48,436494,STT
2019-08-27 12:30:00,49.48,49.61,49.26,49.59,547678,STT
2019-08-27 13:30:00,49.58,49.63,49.35,49.37,346270,STT
2019-08-27 14:30:00,49.37,49.57,49.31,49.37,489658,STT
2019-08-27 15:30:00,49.38,49.52,49.32,49.39,314705,STT
2019-08-27 16:00:00,49.38,49.59,49.32,49.59,0,STT
2019-08-28 09:30:00,49.1,49.67,48.97,49.38,428485,STT
2019-08-28 10:30:00,49.62,49.9,49.27,49.87,604301,STT
2019-08-28 11:30:00,49.88,50.01,49.78,49.8,438662,STT
2019-08-28 12:30:00,49.8,50.13,49.71,50.13,735536,STT
2019-08-28 13:30:00,50.13,50.19,49.96,50.07,377104,STT
2019-08-28 14:30:00,50.06,50.09,49.72,49.72,557542,STT
2019-08-28 15:30:00,49.72,49.91,49.67,49.83,514198,STT
2019-08-28 16:00:00,49.72,49.91,49.67,49.81,0,STT
2019-08-28 18:00:00,49.81,49.81,49.81,49.81,0,STT
2019-08-29 09:30:00,50.43,51.18,50.33,51.16,439279,STT
2019-08-29 10:30:00,50.9,51.45,50.8,51.4,867769,STT
2019-08-29 11:30:00,51.4,51.42,51.22,51.25,567580,STT
2019-08-29 12:30:00,51.25,51.29,51.1,51.21,365894,STT
2019-08-29 13:30:00,51.2,51.23,51.11,51.18,380076,STT
2019-08-29 14:30:00,51.19,51.37,51.15,51.33,777028,STT
2019-08-29 15:30:00,51.33,51.38,51.17,51.27,498264,STT
2019-08-29 16:00:00,51.33,51.38,51.17,51.28,0,STT
2019-08-30 09:30:00,51.57,51.88,51.54,51.63,307756,STT
2019-08-30 10:30:00,51.7,51.88,51.08,51.23,528312,STT
2019-08-30 11:30:00,51.23,51.42,51.19,51.41,267032,STT
2019-08-30 12:30:00,51.41,51.55,51.34,51.38,305438,STT
2019-08-30 13:30:00,51.37,51.57,51.28,51.49,394348,STT
2019-08-30 14:30:00,51.49,51.53,51.16,51.33,494158,STT
2019-08-30 15:30:00,51.33,51.47,51.26,51.29,545231,STT
2019-08-30 16:00:00,51.33,51.47,51.26,51.31,0,STT
2019-08-30 17:00:00,51.31,51.31,51.31,51.31,0,STT
2019-09-03 09:30:00,50.82,50.92,49.86,50.01,480415,STT
2019-09-03 10:30:00,50.47,50.49,49.86,50.09,595167,STT
2019-09-03 11:30:00,50.09,50.21,49.77,49.87,377690,STT
2019-09-03 12:30:00,49.83,49.92,49.74,49.8,199572,STT
2019-09-03 13:30:00,49.79,49.83,49.68,49.75,316758,STT
2019-09-03 14:30:00,49.75,49.76,49.49,49.54,620346,STT
2019-09-03 15:30:00,49.54,49.65,49.5,49.64,436891,STT
2019-09-03 16:00:00,49.54,49.65,49.5,49.64,0,STT
2019-09-03 17:00:00,49.64,49.64,49.64,49.64,0,STT
2019-09-04 09:30:00,50.26,50.49,50.11,50.31,493031,STT
2019-09-04 10:30:00,50.32,50.76,50.13,50.62,977135,STT
2019-09-04 11:30:00,50.62,50.66,50.29,50.44,475494,STT
2019-09-04 12:30:00,50.44,50.58,50.43,50.56,433938,STT
2019-09-04 13:30:00,50.56,50.64,50.37,50.61,444254,STT
2019-09-04 14:30:00,50.61,50.79,50.56,50.73,720082,STT
2019-09-04 15:30:00,50.73,50.94,50.72,50.86,486791,STT
2019-09-04 16:00:00,50.73,50.94,50.72,50.88,0,STT
2019-09-04 17:00:00,50.88,50.88,50.88,50.88,0,STT
2019-09-05 09:30:00,51.7,53.38,51.63,53.26,690821,STT
2019-09-05 10:30:00,52.61,53.38,52.61,53.14,1663909,STT
2019-09-05 11:30:00,53.15,53.2,52.75,52.75,547864,STT
2019-09-05 12:30:00,52.74,52.82,52.49,52.64,455830,STT
2019-09-05 13:30:00,52.64,52.64,52.3,52.42,838030,STT
2019-09-05 14:30:00,52.41,52.53,52.3,52.51,618044,STT
2019-09-05 15:30:00,52.51,52.6,52.31,52.45,531411,STT
2019-09-05 16:00:00,52.52,52.6,52.31,52.47,0,STT
2019-09-06 09:30:00,52.27,52.48,51.6,52.32,607352,STT
2019-09-06 10:30:00,51.91,52.38,51.72,51.75,1358422,STT
2019-09-06 11:30:00,51.76,52.0,51.71,51.82,886700,STT
2019-09-06 12:30:00,51.83,51.87,51.64,51.85,723670,STT
2019-09-06 13:30:00,51.85,52.03,51.72,51.88,540642,STT
2019-09-06 14:30:00,51.89,51.92,51.62,51.76,697786,STT
2019-09-06 15:30:00,51.76,51.91,51.72,51.84,465839,STT
2019-09-06 16:00:00,51.76,51.91,51.72,51.84,0,STT
2019-09-09 09:30:00,52.52,53.88,52.43,53.69,800053,STT
2019-09-09 10:30:00,53.52,53.97,53.34,53.9,1433103,STT
2019-09-09 11:30:00,53.89,53.94,53.5,53.53,591340,STT
2019-09-09 12:30:00,53.51,53.6,53.4,53.51,422516,STT
2019-09-09 13:30:00,53.51,53.85,53.43,53.81,371962,STT
2019-09-09 14:30:00,53.8,54.24,53.77,54.2,589956,STT
2019-09-09 15:30:00,54.21,54.21,53.9,53.99,626245,STT
2019-09-09 16:00:00,54.21,54.21,53.77,54.0,0,STT
2019-09-09 17:00:00,54.0,54.0,54.0,54.0,0,STT
2019-09-10 09:30:00,54.35,54.85,53.87,54.47,747025,STT
2019-09-10 10:30:00,54.6,54.78,53.89,54.03,1116139,STT
2019-09-10 11:30:00,54.01,57.97,54.01,57.81,5694942,STT
2019-09-10 12:30:00,57.81,57.87,57.29,57.71,2021556,STT
2019-09-10 13:30:00,57.72,58.76,57.65,58.58,1168126,STT
2019-09-10 14:30:00,58.58,58.78,58.18,58.58,1694418,STT
2019-09-10 15:30:00,58.59,58.86,58.47,58.84,1026055,STT
2019-09-10 16:00:00,58.59,58.86,58.47,58.84,0,STT
2019-09-10 17:00:00,58.84,58.84,58.84,58.84,0,STT
2019-09-10 18:00:00,58.84,58.84,58.84,58.84,0,STT
2019-09-10 19:00:00,58.84,58.84,58.84,58.84,0,STT
2019-09-11 08:00:00,58.84,58.84,58.84,58.84,0,STT
2019-09-11 09:00:00,58.97,58.98,58.97,58.98,0,STT
2019-09-11 09:30:00,58.96,59.25,57.11,58.96,713926,STT
2019-09-11 10:30:00,58.94,59.19,58.68,59.0,474245,STT
2019-09-11 11:30:00,59.02,59.09,58.56,58.67,393206,STT
2019-09-11 12:30:00,58.67,59.11,58.61,59.08,246856,STT
2019-09-11 13:30:00,59.06,59.48,59.05,59.29,254295,STT
2019-09-11 14:30:00,59.29,59.87,59.28,59.81,414255,STT
2019-09-11 15:30:00,59.82,60.01,59.76,60.0,663506,STT
2019-09-11 16:00:00,60.0,60.0,59.28,60.0,0,STT
2019-09-11 17:00:00,60.0,60.0,60.0,60.0,0,STT
2019-09-11 18:00:00,60.0,60.0,60.0,60.0,0,STT
2019-09-11 19:00:00,60.0,60.13,60.0,60.13,0,STT
2019-09-12 08:00:00,59.92,59.92,59.79,59.79,0,STT
2019-09-12 09:30:00,59.61,59.98,58.73,59.58,499180,STT
2019-09-12 10:30:00,59.61,59.7,58.82,59.6,409356,STT
2019-09-12 11:30:00,59.59,60.26,59.46,60.01,384086,STT
2019-09-12 12:30:00,59.97,60.6,59.97,60.33,313616,STT
2019-09-12 13:30:00,60.31,60.61,60.23,60.36,335878,STT
2019-09-12 14:30:00,60.38,60.45,60.24,60.41,201499,STT
2019-09-12 15:30:00,60.39,60.4,60.2,60.26,450912,STT
2019-09-12 16:00:00,60.27,60.33,60.0,60.27,0,STT
2019-09-13 09:30:00,60.95,61.22,60.22,60.79,682711,STT
2019-09-13 10:30:00,60.66,61.17,60.22,61.1,724741,STT
2019-09-13 11:30:00,61.12,61.41,61.11,61.23,446010,STT
2019-09-13 12:30:00,61.24,61.58,61.2,61.55,533020,STT
2019-09-13 13:30:00,61.56,61.69,61.39,61.68,558800,STT
2019-09-13 14:30:00,61.68,61.72,60.94,61.2,653110,STT
2019-09-13 15:30:00,61.18,61.33,61.15,61.15,338796,STT
2019-09-13 16:00:00,61.18,61.33,61.15,61.15,0,STT
2019-09-13 17:00:00,61.15,61.15,61.15,61.15,0,STT
2019-09-16 09:30:00,60.45,61.41,60.24,61.31,509407,STT
2019-09-16 10:30:00,60.96,61.41,60.86,60.9,800513,STT
2019-09-16 11:30:00,60.9,60.91,60.51,60.53,582556,STT
2019-09-16 12:30:00,60.53,60.75,60.49,60.6,542572,STT
2019-09-16 13:30:00,60.6,60.91,60.6,60.79,386980,STT
2019-09-16 14:30:00,60.78,60.8,60.63,60.68,399050,STT
2019-09-16 15:30:00,60.67,60.67,60.41,60.51,471536,STT
2019-09-16 16:00:00,60.67,60.67,60.41,60.51,0,STT
2019-09-17 08:00:00,60.51,60.51,60.51,60.51,0,STT
2019-09-17 09:30:00,60.29,60.29,59.03,59.03,396609,STT
2019-09-17 10:30:00,59.04,59.28,58.79,59.24,323014,STT
2019-09-17 11:30:00,59.26,59.78,59.25,59.77,216752,STT
2019-09-17 12:30:00,59.79,60.09,59.57,59.95,185701,STT
2019-09-17 13:30:00,59.97,60.03,59.65,59.83,294589,STT
2019-09-17 14:30:00,59.84,60.04,59.79,60.01,170490,STT
2019-09-17 15:30:00,60.01,60.23,60.0,60.21,313762,STT
2019-09-17 16:00:00,60.22,60.34,60.22,60.34,0,STT
2019-09-18 09:30:00,59.72,60.08,59.42,60.03,218068,STT
2019-09-18 10:30:00,60.02,60.18,59.51,59.6,331118,STT
2019-09-18 11:30:00,59.59,59.86,59.27,59.78,228978,STT
2019-09-18 12:30:00,59.78,59.83,59.67,59.68,151102,STT
2019-09-18 13:30:00,59.69,60.34,59.58,60.09,517576,STT
2019-09-18 14:30:00,60.06,60.71,59.89,60.66,676826,STT
2019-09-18 15:30:00,60.67,60.87,60.44,60.48,391729,STT
2019-09-18 16:00:00,60.67,60.87,60.44,60.48,0,STT
2019-09-18 17:00:00,60.48,60.48,60.48,60.48,0,STT
2019-09-19 09:30:00,60.46,60.95,60.19,60.82,283719,STT
2019-09-19 10:30:00,60.73,61.33,60.56,61.24,413161,STT
2019-09-19 11:30:00,61.24,61.29,61.02,61.03,345292,STT
2019-09-19 12:30:00,61.02,61.28,60.99,61.18,176846,STT
2019-09-19 13:30:00,61.18,61.23,61.05,61.06,263876,STT
2019-09-19 14:30:00,61.06,61.12,60.95,61.07,478022,STT
2019-09-19 15:30:00,61.07,61.22,60.97,61.08,519369,STT
2019-09-19 16:00:00,61.07,61.22,60.97,61.1,0,STT
2019-09-19 17:00:00,61.1,61.1,61.1,61.1,0,STT
2019-09-20 09:30:00,61.34,61.63,60.78,61.23,1041780,STT
2019-09-20 10:30:00,61.06,61.35,60.79,60.9,465164,STT
2019-09-20 11:30:00,60.9,61.25,60.86,61.23,581408,STT
2019-09-20 12:30:00,61.23,61.26,60.19,60.51,337492,STT
2019-09-20 13:30:00,60.53,60.6,60.31,60.32,387882,STT
2019-09-20 14:30:00,60.32,60.47,59.84,59.94,538832,STT
2019-09-20 15:30:00,59.95,60.43,59.9,60.1,487536,STT
2019-09-20 16:00:00,59.95,61.1,59.9,60.11,0,STT
2019-09-20 17:00:00,60.11,61.1,60.11,60.11,0,STT
2019-09-23 09:00:00,60.11,60.11,60.11,60.11,0,STT
2019-09-23 09:30:00,59.49,59.88,59.1,59.2,288898,STT
2019-09-23 10:30:00,59.23,59.71,59.07,59.61,287267,STT
2019-09-23 11:30:00,59.62,59.94,59.59,59.84,125385,STT
2019-09-23 12:30:00,59.83,59.89,59.72,59.81,114762,STT
2019-09-23 13:30:00,59.81,60.11,59.81,60.01,246612,STT
2019-09-23 14:30:00,60.01,60.33,59.97,60.32,156276,STT
2019-09-23 15:30:00,60.32,60.38,60.13,60.19,283319,STT
2019-09-23 16:00:00,60.19,60.19,60.19,60.19,0,STT
2019-09-23 17:00:00,60.19,60.19,60.19,60.19,0,STT
2019-09-23 18:00:00,60.19,60.19,60.19,60.19,0,STT
2019-09-24 09:30:00,60.13,60.34,59.69,59.75,332148,STT
2019-09-24 10:30:00,60.11,60.15,59.57,59.57,329958,STT
2019-09-24 11:30:00,59.56,59.63,59.03,59.11,321334,STT
2019-09-24 12:30:00,59.09,59.11,58.64,58.64,573520,STT
2019-09-24 13:30:00,58.65,59.29,58.65,59.06,317410,STT
2019-09-24 14:30:00,59.04,59.12,58.7,58.79,448358,STT
2019-09-24 15:30:00,58.78,59.1,58.73,59.07,275047,STT
2019-09-24 16:00:00,58.78,59.1,58.73,59.04,0,STT
2019-09-24 17:00:00,59.05,59.05,59.05,59.05,0,STT
2019-09-24 19:00:00,59.05,59.05,59.05,59.05,0,STT
2019-09-25 09:30:00,59.34,59.74,58.9,59.36,353424,STT
2019-09-25 10:30:00,59.1,59.75,58.9,59.7,553972,STT
2019-09-25 11:30:00,59.7,59.83,59.56,59.81,380128,STT
2019-09-25 12:30:00,59.8,59.82,59.48,59.62,174402,STT
2019-09-25 13:30:00,59.62,59.93,59.58,59.85,172868,STT
2019-09-25 14:30:00,59.84,59.92,59.73,59.8,263080,STT
2019-09-25 15:30:00,59.8,59.97,59.78,59.83,289184,STT
2019-09-25 16:00:00,59.8,59.97,59.69,59.69,0,STT
2019-09-25 17:00:00,59.8,59.8,59.8,59.8,0,STT
2019-09-26 09:30:00,59.62,59.8,58.63,58.94,398015,STT
2019-09-26 10:30:00,58.99,59.07,58.61,58.65,777595,STT
2019-09-26 11:30:00,58.65,58.98,58.54,58.97,432592,STT
2019-09-26 12:30:00,58.97,59.16,58.63,58.68,293830,STT
2019-09-26 13:30:00,58.69,58.96,58.64,58.85,388278,STT
2019-09-26 14:30:00,58.86,59.15,58.78,59.08,436166,STT
2019-09-26 15:30:00,59.1,59.23,59.03,59.06,340676,STT
2019-09-26 16:00:00,59.1,59.23,58.96,58.96,0,STT
2019-09-26 17:00:00,59.05,59.05,59.05,59.05,0,STT
2019-09-27 09:30:00,59.44,60.0,59.13,59.52,569585,STT
2019-09-27 10:30:00,59.6,59.69,59.13,59.6,497653,STT
2019-09-27 11:30:00,59.58,59.64,59.13,59.58,386118,STT
2019-09-27 12:30:00,59.55,59.57,59.17,59.44,219368,STT
2019-09-27 13:30:00,59.42,59.59,59.19,59.52,208734,STT
2019-09-27 14:30:00,59.46,59.65,59.28,59.59,281062,STT
2019-09-27 15:30:00,59.58,59.81,59.56,59.79,282910,STT
2019-09-27 16:00:00,59.58,59.81,59.56,59.8,0,STT
2019-09-27 17:00:00,59.8,59.8,59.8,59.8,0,STT
2019-09-30 09:30:00,59.51,59.63,58.82,58.97,493978,STT
2019-09-30 10:30:00,59.02,59.25,58.82,59.09,531296,STT
2019-09-30 11:30:00,59.11,59.21,58.89,59.2,299206,STT
2019-09-30 12:30:00,59.2,59.28,59.14,59.24,284426,STT
2019-09-30 13:30:00,59.25,59.5,59.22,59.22,263448,STT
2019-09-30 14:30:00,59.22,59.48,59.2,59.36,320456,STT
2019-09-30 15:30:00,59.35,59.41,59.2,59.2,416489,STT
2019-09-30 16:00:00,59.35,59.41,59.19,59.19,0,STT
2019-09-30 18:00:00,59.19,59.19,59.19,59.19,0,STT
2019-10-01 09:00:00,59.8,59.8,59.8,59.8,0,STT
2019-10-01 09:30:00,59.33,59.78,58.23,58.39,245017,STT
2019-10-01 10:30:00,58.34,58.47,57.54,57.85,198895,STT
2019-10-01 11:30:00,57.91,58.0,57.45,57.57,144269,STT
2019-10-01 12:30:00,57.53,57.76,57.21,57.22,143850,STT
2019-10-01 13:30:00,57.22,57.28,56.74,56.81,148292,STT
2019-10-01 14:30:00,56.83,57.1,56.83,57.04,187494,STT
2019-10-01 15:30:00,57.04,57.04,56.78,56.87,302565,STT
2019-10-01 16:00:00,56.87,56.87,56.87,56.87,0,STT
2019-10-01 17:00:00,56.87,56.87,56.87,56.87,0,STT
2019-10-02 09:30:00,56.19,56.45,55.64,56.26,380178,STT
2019-10-02 10:30:00,55.96,56.45,55.69,55.76,316620,STT
2019-10-02 11:30:00,55.77,55.88,55.55,55.67,283940,STT
2019-10-02 12:30:00,55.65,55.87,55.37,55.83,166992,STT
2019-10-02 13:30:00,55.85,55.87,55.64,55.75,207518,STT
2019-10-02 14:30:00,55.76,55.97,55.65,55.82,260002,STT
2019-10-02 15:30:00,55.81,55.88,55.51,55.59,229404,STT
2019-10-02 16:00:00,55.81,55.88,55.51,55.59,0,STT
2019-10-02 17:00:00,55.59,55.59,55.59,55.59,0,STT
2019-10-03 09:30:00,55.57,55.74,54.31,54.78,369676,STT
2019-10-03 10:30:00,55.19,55.45,54.31,55.1,651576,STT
2019-10-03 11:30:00,55.1,55.16,54.83,55.07,386218,STT
2019-10-03 12:30:00,55.07,55.41,55.05,55.38,209302,STT
2019-10-03 13:30:00,55.38,55.71,55.37,55.65,248150,STT
2019-10-03 14:30:00,55.65,55.68,55.45,55.51,326872,STT
2019-10-03 15:30:00,55.51,55.78,55.41,55.78,492699,STT
2019-10-03 16:00:00,55.51,55.78,55.34,55.34,0,STT
2019-10-03 17:00:00,55.78,55.78,55.78,55.78,0,STT
2019-10-03 18:00:00,55.78,55.78,55.78,55.78,0,STT
2019-10-04 09:30:00,55.78,55.89,55.07,55.37,1033699,STT
2019-10-04 10:30:00,55.52,55.68,55.08,55.67,1082191,STT
2019-10-04 11:30:00,55.67,56.07,55.65,55.96,645316,STT
2019-10-04 12:30:00,55.97,56.22,55.88,56.18,353238,STT
2019-10-04 13:30:00,56.18,56.35,56.09,56.35,320128,STT
2019-10-04 14:30:00,56.34,56.62,56.28,56.6,387630,STT
2019-10-04 15:30:00,56.61,56.97,56.55,56.87,409160,STT
2019-10-04 16:00:00,56.61,56.97,56.55,56.87,0,STT
2019-10-04 17:00:00,56.87,56.87,56.87,56.87,0,STT
2019-10-07 09:30:00,56.72,56.78,56.04,56.45,314305,STT
2019-10-07 10:30:00,56.54,56.64,56.24,56.63,431943,STT
2019-10-07 11:30:00,56.62,56.96,56.6,56.87,415762,STT
2019-10-07 12:30:00,56.86,56.99,56.72,56.72,177162,STT
2019-10-07 13:30:00,56.74,57.19,56.72,56.83,419328,STT
2019-10-07 14:30:00,56.82,56.83,56.41,56.64,259606,STT
2019-10-07 15:30:00,56.64,56.64,56.27,56.28,303328,STT
2019-10-07 16:00:00,56.64,56.64,56.27,56.28,0,STT
2019-10-08 09:30:00,55.5,55.51,54.92,55.09,448185,STT
2019-10-08 10:30:00,55.28,55.34,54.73,54.78,787995,STT
2019-10-08 11:30:00,54.78,55.14,54.55,55.08,405940,STT
2019-10-08 12:30:00,55.08,55.21,54.84,55.11,606796,STT
2019-10-08 13:30:00,55.11,55.37,55.1,55.35,353072,STT
2019-10-08 14:30:00,55.35,55.63,55.19,55.38,538632,STT
2019-10-08 15:30:00,55.38,55.45,55.13,55.15,339806,STT
2019-10-08 16:00:00,55.38,55.45,55.14,55.15,0,STT
2019-10-08 17:00:00,55.15,55.15,55.15,55.15,0,STT
2019-10-09 09:30:00,55.73,55.87,55.2,55.46,386222,STT
2019-10-09 10:30:00,55.39,55.6,55.2,55.5,508232,STT
2019-10-09 11:30:00,55.5,55.5,55.31,55.41,287164,STT
2019-10-09 12:30:00,55.41,55.59,55.3,55.45,191150,STT
2019-10-09 13:30:00,55.45,55.76,55.4,55.72,265480,STT
2019-10-09 14:30:00,55.71,55.9,55.6,55.76,332258,STT
2019-10-09 15:30:00,55.76,55.85,55.61,55.66,283144,STT
2019-10-09 16:00:00,55.76,55.85,55.56,55.56,0,STT
2019-10-09 17:00:00,55.66,55.66,55.66,55.66,0,STT
2019-10-09 18:00:00,55.66,55.66,55.66,55.66,0,STT
2019-10-09 19:00:00,55.5,55.5,55.5,55.5,0,STT
2019-10-10 09:30:00,56.1,57.21,55.84,57.11,548863,STT
2019-10-10 10:30:00,57.02,57.21,56.83,56.87,500955,STT
2019-10-10 11:30:00,56.84,57.03,56.81,56.94,258564,STT
2019-10-10 12:30:00,56.94,56.94,56.68,56.68,292114,STT
2019-10-10 13:30:00,56.68,56.86,56.49,56.69,346046,STT
2019-10-10 14:30:00,56.69,56.91,56.6,56.88,340912,STT
2019-10-10 15:30:00,56.88,56.97,56.72,56.84,352856,STT
2019-10-10 16:00:00,56.88,56.97,56.72,56.83,0,STT
2019-10-11 09:30:00,58.25,59.49,58.06,59.29,858709,STT
2019-10-11 10:30:00,58.92,59.49,58.82,59.18,755721,STT
2019-10-11 11:30:00,59.18,59.26,58.67,58.74,408346,STT
2019-10-11 12:30:00,58.75,58.94,58.47,58.81,302790,STT
2019-10-11 13:30:00,58.82,59.08,58.73,59.03,341784,STT
2019-10-11 14:30:00,59.03,59.13,58.95,59.08,375956,STT
2019-10-11 15:30:00,59.09,59.31,58.67,58.7,424199,STT
2019-10-11 16:00:00,59.09,59.3,58.67,58.7,0,STT
2019-10-11 17:00:00,58.7,58.7,58.7,58.7,0,STT
2019-10-14 09:30:00,58.27,58.5,57.77,57.93,283648,STT
2019-10-14 10:30:00,58.07,58.74,57.93,58.64,398838,STT
2019-10-14 11:30:00,58.62,58.89,58.59,58.74,273122,STT
2019-10-14 12:30:00,58.74,58.78,58.56,58.56,146720,STT
2019-10-14 13:30:00,58.56,58.68,58.5,58.51,181338,STT
2019-10-14 14:30:00,58.51,58.57,58.4,58.52,223346,STT
2019-10-14 15:30:00,58.52,58.54,58.41,58.49,271496,STT
2019-10-14 16:00:00,58.52,58.54,58.41,58.46,0,STT
2019-10-14 17:00:00,58.49,59.5,58.49,59.46,0,STT
2019-10-14 18:00:00,59.25,59.83,58.9,58.95,0,STT
2019-10-14 19:00:00,59.31,59.31,59.31,59.31,0,STT
2019-10-15 07:00:00,59.0,59.0,59.0,59.0,0,STT
2019-10-15 08:00:00,59.1,59.11,59.0,59.0,0,STT
2019-10-15 09:00:00,59.02,59.4,59.0,59.27,0,STT
2019-10-15 09:30:00,59.18,59.75,58.15,59.09,523754,STT
2019-10-15 10:30:00,59.11,59.91,59.07,59.91,328384,STT
2019-10-15 11:30:00,59.89,60.26,59.83,60.22,258426,STT
2019-10-15 12:30:00,60.21,60.27,59.93,59.97,185947,STT
2019-10-15 13:30:00,60.0,60.07,59.69,59.82,119747,STT
2019-10-15 14:30:00,59.82,59.82,59.6,59.67,219211,STT
2019-10-15 15:30:00,59.67,59.67,59.35,59.37,311695,STT
2019-10-15 16:00:00,59.38,59.46,59.38,59.38,0,STT
2019-10-15 17:00:00,59.38,59.48,59.38,59.48,0,STT
2019-10-15 18:00:00,59.55,59.55,59.55,59.55,0,STT
2019-10-16 08:00:00,59.99,59.99,59.99,59.99,0,STT
2019-10-16 09:00:00,59.4,59.95,59.4,59.95,0,STT
2019-10-16 09:30:00,59.57,60.67,59.55,60.15,411117,STT
2019-10-16 10:30:00,60.19,60.27,59.96,60.05,213324,STT
2019-10-16 11:30:00,60.05,60.35,59.67,59.68,200600,STT
2019-10-16 12:30:00,59.69,59.69,59.26,59.39,178367,STT
2019-10-16 13:30:00,59.39,59.46,59.13,59.32,168248,STT
2019-10-16 14:30:00,59.34,59.48,59.26,59.34,130145,STT
2019-10-16 15:30:00,59.35,59.39,59.06,59.12,259166,STT
2019-10-16 16:00:00,59.11,59.11,59.11,59.11,0,STT
2019-10-17 09:30:00,59.56,60.18,59.3,59.97,366261,STT
2019-10-17 10:30:00,59.8,60.18,59.51,60.03,674093,STT
2019-10-17 11:30:00,60.03,60.03,59.33,59.53,483650,STT
2019-10-17 12:30:00,59.51,59.74,59.47,59.53,396888,STT
2019-10-17 13:30:00,59.54,59.82,59.4,59.47,442592,STT
2019-10-17 14:30:00,59.47,59.85,59.42,59.49,463526,STT
2019-10-17 15:30:00,59.5,59.75,59.48,59.71,457272,STT
2019-10-17 16:00:00,59.5,59.8,59.48,59.7,0,STT
2019-10-17 18:00:00,60.0,60.0,60.0,60.0,0,STT
2019-10-17 19:00:00,59.7,59.7,59.5,59.5,0,STT
2019-10-18 04:00:00,59.7,59.7,59.7,59.7,0,STT
2019-10-18 08:00:00,61.0,62.0,59.7,61.54,0,STT
2019-10-18 09:00:00,61.33,61.75,61.33,61.7,0,STT
2019-10-18 09:30:00,61.1,61.84,60.52,61.19,1206678,STT
2019-10-18 10:30:00,61.19,63.36,61.09,63.35,961246,STT
2019-10-18 11:30:00,63.33,63.58,62.46,62.87,502011,STT
2019-10-18 12:30:00,62.85,63.37,62.83,62.95,333279,STT
2019-10-18 13:30:00,62.93,63.64,62.7,63.4,458511,STT
2019-10-18 14:30:00,63.42,63.59,63.17,63.24,493990,STT
2019-10-18 15:30:00,63.25,63.77,63.24,63.33,764577,STT
2019-10-18 16:00:00,63.34,63.34,63.34,63.34,0,STT
2019-10-18 17:00:00,63.34,63.5,63.34,63.5,0,STT
2019-10-21 07:00:00,63.9,63.9,63.75,63.75,0,STT
2019-10-21 08:00:00,63.85,64.24,63.85,64.2,0,STT
2019-10-21 09:30:00,64.54,65.34,64.1,65.15,594810,STT
2019-10-21 10:30:00,65.15,65.54,65.05,65.36,397218,STT
2019-10-21 11:30:00,65.37,65.38,65.08,65.21,304273,STT
2019-10-21 12:30:00,65.22,65.34,64.92,65.02,246814,STT
2019-10-21 13:30:00,65.03,65.26,64.92,65.24,198827,STT
2019-10-21 14:30:00,65.23,65.43,65.15,65.4,267623,STT
2019-10-21 15:30:00,65.4,65.67,65.39,65.46,527847,STT
2019-10-21 16:00:00,65.4,65.4,65.4,65.4,0,STT
2019-10-21 17:00:00,65.4,65.4,65.4,65.4,0,STT
2019-10-22 09:30:00,65.39,65.4,63.76,65.04,768375,STT
2019-10-22 10:30:00,64.58,66.01,64.53,65.89,732627,STT
2019-10-22 11:30:00,65.89,66.51,65.81,66.5,356880,STT
2019-10-22 12:30:00,66.5,66.5,66.21,66.4,318680,STT
2019-10-22 13:30:00,66.4,66.7,66.39,66.57,418156,STT
2019-10-22 14:30:00,66.59,66.6,65.88,66.19,672734,STT
2019-10-22 15:30:00,66.2,66.29,65.91,66.03,360906,STT
2019-10-22 16:00:00,66.2,66.3,65.8,65.98,0,STT
2019-10-22 18:00:00,66.05,66.05,65.52,65.52,0,STT
2019-10-23 07:00:00,66.2,66.2,65.75,65.75,0,STT
2019-10-23 09:30:00,65.75,66.62,65.52,65.97,422293,STT
2019-10-23 10:30:00,65.98,66.73,65.98,66.26,294311,STT
2019-10-23 11:30:00,66.27,66.57,66.17,66.43,208549,STT
2019-10-23 12:30:00,66.43,66.45,66.08,66.08,309430,STT
2019-10-23 13:30:00,66.06,66.38,65.93,65.96,318176,STT
2019-10-23 14:30:00,65.96,65.97,65.82,65.91,259728,STT
2019-10-23 15:30:00,65.91,65.94,65.74,65.93,405338,STT
2019-10-23 16:00:00,65.92,65.92,65.92,65.92,0,STT
2019-10-24 04:00:00,66.94,66.94,66.94,66.94,0,STT
2019-10-24 09:30:00,66.03,66.15,64.81,64.84,344184,STT
2019-10-24 10:30:00,64.84,65.19,64.69,65.19,174498,STT
2019-10-24 11:30:00,65.21,65.26,64.52,64.68,155712,STT
2019-10-24 12:30:00,64.68,64.94,64.68,64.82,113093,STT
2019-10-24 13:30:00,64.82,64.99,64.68,64.96,131915,STT
2019-10-24 14:30:00,64.98,65.13,64.98,65.12,148076,STT
2019-10-24 15:30:00,65.11,65.34,64.92,65.2,238007,STT
2019-10-24 16:00:00,65.21,65.21,64.93,65.21,0,STT
2019-10-24 17:00:00,65.21,65.21,65.21,65.21,0,STT
2019-10-25 08:00:00,65.4,65.4,65.4,65.4,0,STT
2019-10-25 09:30:00,65.11,65.84,65.11,65.67,295993,STT
2019-10-25 10:30:00,65.68,66.13,65.55,66.13,196508,STT
2019-10-25 11:30:00,66.14,66.17,65.82,65.92,177177,STT
2019-10-25 12:30:00,65.91,66.15,65.89,66.11,100595,STT
2019-10-25 13:30:00,66.12,66.23,65.98,66.0,129879,STT
2019-10-25 14:30:00,66.0,66.01,65.76,65.8,158735,STT
2019-10-25 15:30:00,65.8,65.89,65.73,65.76,199514,STT
2019-10-25 16:00:00,65.76,65.8,65.75,65.75,0,STT
2019-10-25 17:00:00,65.75,65.75,65.75,65.75,0,STT
2019-10-28 06:00:00,66.4,67.0,66.4,67.0,0,STT
2019-10-28 09:00:00,66.16,66.16,66.16,66.16,0,STT
2019-10-28 09:30:00,66.16,67.46,66.11,67.46,320351,STT
2019-10-28 10:30:00,67.47,67.5,66.8,66.93,297386,STT
2019-10-28 11:30:00,66.94,67.34,66.94,67.21,177708,STT
2019-10-28 12:30:00,67.21,67.21,66.95,67.02,193354,STT
2019-10-28 13:30:00,67.02,67.26,67.0,67.24,225469,STT
2019-10-28 14:30:00,67.25,67.27,67.13,67.25,225034,STT
2019-10-28 15:30:00,67.25,67.27,67.09,67.12,339163,STT
2019-10-28 16:00:00,67.12,67.12,67.04,67.04,0,STT
2019-10-28 17:00:00,67.12,67.12,67.12,67.12,0,STT
2019-10-29 09:30:00,66.72,67.61,66.72,67.54,354470,STT
2019-10-29 10:30:00,67.32,67.93,67.13,67.62,653295,STT
2019-10-29 11:30:00,67.83,67.93,67.35,67.49,458067,STT
2019-10-29 12:30:00,67.51,67.62,67.43,67.54,280978,STT
2019-10-29 13:30:00,67.54,67.63,67.0,67.17,319292,STT
2019-10-29 14:30:00,67.15,67.31,67.07,67.26,259376,STT
2019-10-29 15:30:00,67.26,67.38,67.15,67.21,298250,STT
2019-10-29 16:00:00,67.26,67.4,67.15,67.4,0,STT
2019-10-29 17:00:00,67.21,67.21,67.21,67.21,0,STT
2019-10-30 08:00:00,67.27,67.27,67.27,67.27,0,STT
2019-10-30 09:30:00,67.21,67.21,66.19,66.46,233671,STT
2019-10-30 10:30:00,66.42,66.57,66.24,66.3,142899,STT
2019-10-30 11:30:00,66.3,66.37,66.02,66.07,166370,STT
2019-10-30 12:30:00,66.1,66.4,66.08,66.34,86184,STT
2019-10-30 13:30:00,66.35,66.57,66.2,66.43,121086,STT
2019-10-30 14:30:00,66.41,66.82,66.36,66.72,243213,STT
2019-10-30 15:30:00,66.69,66.76,66.47,66.73,244420,STT
2019-10-30 16:00:00,66.72,66.73,66.44,66.72,0,STT
2019-10-30 17:00:00,65.35,65.35,65.35,65.35,0,STT
2019-10-31 06:00:00,66.26,66.26,66.26,66.26,0,STT
2019-10-31 09:30:00,66.11,66.32,65.38,65.57,295501,STT
2019-10-31 10:30:00,65.58,66.16,65.46,65.71,220189,STT
2019-10-31 11:30:00,65.71,65.99,65.42,65.5,194408,STT
2019-10-31 12:30:00,65.52,65.81,65.4,65.71,116690,STT
2019-10-31 13:30:00,65.71,65.77,65.35,65.68,160083,STT
2019-10-31 14:30:00,65.69,65.91,65.67,65.76,170052,STT
2019-10-31 15:30:00,65.76,66.08,65.73,66.08,0,STT
2019-10-31 16:00:00,66.07,66.08,65.7,66.07,0,STT
2019-10-31 17:00:00,66.07,66.07,66.07,66.07,0,STT
2019-11-01 09:30:00,66.75,67.6,66.75,67.44,535076,STT
2019-11-01 10:30:00,67.08,67.64,66.93,67.55,522788,STT
2019-11-01 11:30:00,67.43,67.68,67.42,67.45,386652,STT
2019-11-01 12:30:00,67.46,67.86,67.41,67.81,241096,STT
2019-11-01 13:30:00,67.81,67.97,67.73,67.93,304528,STT
2019-11-01 14:30:00,67.93,67.96,67.63,67.7,384598,STT
2019-11-01 15:30:00,67.71,67.78,67.6,67.77,303708,STT
2019-11-01 16:00:00,67.71,67.78,67.51,67.76,0,STT
2019-11-04 09:30:00,68.84,69.54,68.79,69.51,579056,STT
2019-11-04 10:30:00,69.49,70.35,69.23,70.22,754870,STT
2019-11-04 11:30:00,70.21,70.29,69.7,69.73,474092,STT
2019-11-04 12:30:00,69.72,70.01,69.62,69.9,442780,STT
2019-11-04 13:30:00,69.93,70.38,69.9,70.32,491248,STT
2019-11-04 14:30:00,70.31,70.56,70.22,70.46,649802,STT
2019-11-04 15:30:00,70.47,70.91,70.45,70.88,597913,STT
2019-11-04 16:00:00,70.47,70.91,69.98,70.86,0,STT
2019-11-04 17:00:00,70.86,70.86,70.86,70.86,0,STT
2019-11-05 09:30:00,71.78,72.0,71.08,71.11,1167154,STT
2019-11-05 10:30:00,71.63,72.0,70.98,71.0,1229676,STT
2019-11-05 11:30:00,71.0,71.0,70.6,70.65,583368,STT
2019-11-05 12:30:00,70.65,70.93,70.46,70.85,403992,STT
2019-11-05 13:30:00,70.84,71.07,70.69,70.85,320042,STT
2019-11-05 14:30:00,70.86,70.89,70.63,70.7,374952,STT
2019-11-05 15:30:00,70.7,70.72,70.23,70.28,404717,STT
2019-11-05 16:00:00,70.7,71.13,70.23,70.26,0,STT
2019-11-05 17:00:00,70.26,70.26,70.26,70.26,0,STT
2019-11-05 18:00:00,70.26,70.26,70.26,70.26,0,STT
2019-11-06 08:00:00,70.86,70.94,70.86,70.94,0,STT
2019-11-06 09:00:00,70.67,70.97,70.67,70.97,0,STT
2019-11-06 09:30:00,71.09,71.12,69.79,70.8,337359,STT
2019-11-06 10:30:00,70.77,70.83,70.47,70.68,323499,STT
2019-11-06 11:30:00,70.68,70.78,70.16,70.39,189330,STT
2019-11-06 12:30:00,70.39,70.47,70.27,70.43,107650,STT
2019-11-06 13:30:00,70.45,70.68,70.39,70.66,98129,STT
2019-11-06 14:30:00,70.67,70.92,70.6,70.85,265825,STT
2019-11-06 15:30:00,70.85,71.01,70.74,70.98,322016,STT
2019-11-06 16:00:00,70.99,70.99,70.58,70.99,0,STT
2019-11-07 07:00:00,71.57,71.57,71.57,71.57,0,STT
2019-11-07 09:30:00,71.7,73.08,71.39,72.59,540910,STT
2019-11-07 10:30:00,72.6,72.93,72.39,72.82,615916,STT
2019-11-07 11:30:00,72.8,72.96,72.49,72.7,266925,STT
2019-11-07 12:30:00,72.69,72.82,72.55,72.58,182622,STT
2019-11-07 13:30:00,72.58,72.83,72.39,72.75,270090,STT
2019-11-07 14:30:00,72.75,72.75,72.34,72.4,379335,STT
2019-11-07 15:30:00,72.39,72.7,72.37,72.67,863222,STT
2019-11-07 16:00:00,72.66,72.85,72.53,72.66,0,STT
2019-11-07 19:00:00,72.6,72.6,72.6,72.6,0,STT
2019-11-08 08:00:00,72.66,72.66,72.66,72.66,0,STT
2019-11-08 09:30:00,72.54,72.77,72.08,72.68,655287,STT
2019-11-08 10:30:00,72.18,73.09,72.08,72.89,642701,STT
2019-11-08 11:30:00,72.89,73.44,72.87,73.41,399652,STT
2019-11-08 12:30:00,73.4,73.45,73.14,73.19,311312,STT
2019-11-08 13:30:00,73.19,73.3,72.82,72.88,401106,STT
2019-11-08 14:30:00,72.89,73.15,72.87,73.03,430564,STT
2019-11-08 15:30:00,73.03,73.22,72.93,73.1,421929,STT
2019-11-08 16:00:00,73.03,73.22,72.86,73.1,0,STT
2019-11-11 09:30:00,72.26,73.21,72.26,73.01,523957,STT
2019-11-11 10:30:00,72.97,73.39,72.68,72.93,633805,STT
2019-11-11 11:30:00,72.93,73.25,72.82,73.2,300128,STT
2019-11-11 12:30:00,73.19,73.19,72.97,72.98,247856,STT
2019-11-11 13:30:00,72.97,73.06,72.88,73.0,286360,STT
2019-11-11 14:30:00,73.0,73.15,72.98,73.05,601492,STT
2019-11-11 15:30:00,73.05,73.08,72.97,73.0,267252,STT
2019-11-11 16:00:00,73.05,73.08,72.96,72.96,0,STT
2019-11-12 09:30:00,72.99,73.7,72.74,73.65,383255,STT
2019-11-12 10:30:00,73.15,73.83,73.14,73.53,669779,STT
2019-11-12 11:30:00,73.52,73.8,73.51,73.6,573940,STT
2019-11-12 12:30:00,73.6,73.83,73.51,73.69,597020,STT
2019-11-12 13:30:00,73.7,74.06,73.6,73.87,1160158,STT
2019-11-12 14:30:00,73.87,73.94,73.6,73.71,2067944,STT
2019-11-12 15:30:00,73.71,73.84,73.39,73.4,1723345,STT
2019-11-12 16:00:00,73.71,73.84,73.39,73.41,0,STT
2019-11-13 09:30:00,72.62,72.72,71.75,72.61,906094,STT
2019-11-13 10:30:00,72.57,72.69,72.36,72.65,646792,STT
2019-11-13 11:30:00,72.65,72.82,72.56,72.68,402614,STT
2019-11-13 12:30:00,72.67,72.78,72.54,72.6,436804,STT
2019-11-13 13:30:00,72.59,72.79,72.43,72.53,492560,STT
2019-11-13 14:30:00,72.54,72.81,72.51,72.6,1161374,STT
2019-11-13 15:30:00,72.6,72.72,72.54,72.68,576324,STT
2019-11-13 16:00:00,72.6,72.72,72.54,72.7,0,STT
2019-11-13 17:00:00,72.7,72.7,72.7,72.7,0,STT
2019-11-14 09:30:00,72.56,72.66,71.96,72.59,263907,STT
2019-11-14 10:30:00,72.22,72.72,71.96,72.57,420551,STT
2019-11-14 11:30:00,72.56,72.59,72.09,72.54,316398,STT
2019-11-14 12:30:00,72.56,72.57,72.35,72.5,173616,STT
2019-11-14 13:30:00,72.5,72.65,72.38,72.53,209038,STT
2019-11-14 14:30:00,72.52,72.6,72.31,72.42,307994,STT
2019-11-14 15:30:00,72.42,72.5,72.24,72.25,278715,STT
2019-11-14 16:00:00,72.42,72.5,72.24,72.25,0,STT
2019-11-14 17:00:00,72.25,72.25,72.25,72.25,0,STT
2019-11-15 09:30:00,72.49,72.75,72.06,72.12,326806,STT
2019-11-15 10:30:00,72.2,72.44,72.06,72.33,319744,STT
2019-11-15 11:30:00,72.35,72.46,72.25,72.32,307482,STT
2019-11-15 12:30:00,72.33,72.33,72.15,72.2,273422,STT
2019-11-15 13:30:00,72.21,72.35,72.19,72.28,295068,STT
2019-11-15 14:30:00,72.28,72.32,72.24,72.3,338088,STT
2019-11-15 15:30:00,72.29,72.56,72.26,72.53,301072,STT
2019-11-15 16:00:00,72.29,72.56,72.23,72.54,0,STT
2019-11-18 08:00:00,73.5,73.5,73.5,73.5,0,STT
2019-11-18 09:00:00,72.57,72.57,72.4,72.4,0,STT
2019-11-18 09:30:00,72.6,73.17,72.19,72.73,887377,STT
2019-11-18 10:30:00,72.71,72.97,72.67,72.83,215265,STT
2019-11-18 11:30:00,72.83,73.16,72.81,73.07,179775,STT
2019-11-18 12:30:00,73.06,73.22,72.85,72.9,171763,STT
2019-11-18 13:30:00,72.9,73.23,72.86,73.14,130132,STT
2019-11-18 14:30:00,73.14,73.21,72.99,73.08,174211,STT
2019-11-18 15:30:00,73.08,73.41,73.04,73.4,310825,STT
2019-11-18 16:00:00,73.4,73.4,72.79,73.4,0,STT
2019-11-18 17:00:00,73.4,73.4,73.4,73.4,0,STT
2019-11-19 09:30:00,73.4,73.96,73.16,73.57,533624,STT
2019-11-19 10:30:00,73.64,73.73,73.18,73.48,590816,STT
2019-11-19 11:30:00,73.48,73.71,73.4,73.69,333314,STT
2019-11-19 12:30:00,73.69,73.8,73.54,73.71,430470,STT
2019-11-19 13:30:00,73.71,73.71,73.09,73.11,615638,STT
2019-11-19 14:30:00,73.11,73.33,73.05,73.3,568910,STT
2019-11-19 15:30:00,73.31,73.43,73.12,73.39,614245,STT
2019-11-19 16:00:00,73.31,73.43,73.12,73.39,0,STT
2019-11-19 17:00:00,73.39,73.39,73.39,73.39,0,STT
2019-11-20 09:30:00,72.63,73.1,72.4,72.59,589392,STT
2019-11-20 10:30:00,72.55,73.25,72.4,73.19,573066,STT
2019-11-20 11:30:00,73.19,73.21,72.84,73.09,392852,STT
2019-11-20 12:30:00,73.09,73.16,72.32,72.46,539432,STT
2019-11-20 13:30:00,72.44,72.94,72.36,72.93,362802,STT
2019-11-20 14:30:00,72.94,72.98,72.78,72.86,299838,STT
2019-11-20 15:30:00,72.86,73.14,72.85,73.0,332220,STT
2019-11-20 16:00:00,72.86,73.14,72.73,73.01,0,STT
2019-11-21 08:00:00,73.01,73.3,72.9,72.9,0,STT
2019-11-21 09:30:00,73.25,73.59,72.58,72.79,292419,STT
2019-11-21 10:30:00,72.78,73.08,72.39,72.41,303341,STT
2019-11-21 11:30:00,72.41,73.0,72.29,72.87,559026,STT
2019-11-21 12:30:00,72.88,73.19,72.88,72.99,356867,STT
2019-11-21 13:30:00,73.0,73.1,72.94,73.03,165732,STT
2019-11-21 14:30:00,73.04,73.15,72.96,73.0,200239,STT
2019-11-21 15:30:00,73.0,73.05,72.86,73.01,440688,STT
2019-11-21 16:00:00,73.01,73.01,73.01,73.01,0,STT
2019-11-22 06:00:00,73.05,73.05,73.05,73.05,0,STT
2019-11-22 09:00:00,73.01,73.01,73.01,73.01,0,STT
2019-11-22 09:30:00,73.11,74.47,73.0,74.12,247518,STT
2019-11-22 10:30:00,74.08,74.32,73.64,73.82,250700,STT
2019-11-22 11:30:00,73.82,73.99,73.73,73.96,171153,STT
2019-11-22 12:30:00,73.94,74.04,73.84,73.97,176033,STT
2019-11-22 13:30:00,73.98,74.11,73.91,73.96,659570,STT
2019-11-22 14:30:00,73.96,74.0,73.83,73.95,231400,STT
2019-11-22 15:30:00,73.95,74.0,73.81,73.89,262988,STT
2019-11-22 16:00:00,73.92,73.92,73.91,73.92,0,STT
2019-11-25 09:30:00,73.76,75.43,73.76,75.22,654869,STT
2019-11-25 10:30:00,74.31,75.43,74.29,75.11,785577,STT
2019-11-25 11:30:00,75.09,75.16,74.82,74.96,409368,STT
2019-11-25 12:30:00,74.97,75.29,74.96,75.09,326498,STT
2019-11-25 13:30:00,75.08,75.22,74.96,75.12,497442,STT
2019-11-25 14:30:00,75.13,75.22,75.04,75.19,340640,STT
2019-11-25 15:30:00,75.19,75.32,75.15,75.31,418220,STT
2019-11-25 16:00:00,75.19,75.32,74.93,75.3,0,STT
2019-11-26 04:00:00,75.3,75.3,75.3,75.3,0,STT
2019-11-26 09:30:00,75.5,75.5,74.4,74.4,503282,STT
2019-11-26 10:30:00,74.39,74.53,74.21,74.32,231213,STT
2019-11-26 11:30:00,74.33,74.38,73.98,74.14,268047,STT
2019-11-26 12:30:00,74.15,74.3,74.1,74.19,175440,STT
2019-11-26 13:30:00,74.19,74.19,73.93,74.04,188131,STT
2019-11-26 14:30:00,74.06,74.1,73.93,73.95,195264,STT
2019-11-26 15:30:00,73.95,74.39,73.95,74.31,555874,STT
2019-11-26 16:00:00,74.29,74.34,74.26,74.29,0,STT
2019-11-26 17:00:00,74.29,74.29,74.29,74.29,0,STT
2019-11-27 08:00:00,74.73,74.73,74.73,74.73,0,STT
2019-11-27 09:30:00,74.63,75.2,74.44,74.53,230497,STT
2019-11-27 10:30:00,74.56,74.79,74.42,74.58,125715,STT
2019-11-27 11:30:00,74.58,74.85,74.47,74.66,113074,STT
2019-11-27 12:30:00,74.65,74.96,74.65,74.83,112442,STT
2019-11-27 13:30:00,74.82,75.08,74.76,75.06,258983,STT
2019-11-27 14:30:00,75.08,75.29,75.07,75.12,188071,STT
2019-11-27 15:30:00,75.13,75.35,75.05,75.33,372096,STT
2019-11-27 16:00:00,75.33,75.33,74.81,74.97,0,STT
2019-11-29 04:00:00,75.33,75.33,75.33,75.33,0,STT
2019-11-29 09:30:00,75.24,75.37,74.71,75.08,211836,STT
2019-11-29 10:30:00,75.07,75.36,75.07,75.34,196501,STT
2019-11-29 11:30:00,75.33,75.41,75.2,75.28,110825,STT
2019-11-29 13:00:00,75.27,75.32,74.92,75.1,0,STT
2019-12-02 09:00:00,75.1,75.1,75.1,75.1,0,STT
2019-12-02 09:30:00,75.58,76.43,75.28,76.14,732755,STT
2019-12-02 10:30:00,76.11,76.16,75.7,75.88,432602,STT
2019-12-02 11:30:00,75.87,75.91,75.45,75.5,203582,STT
2019-12-02 12:30:00,75.52,75.69,75.36,75.51,214125,STT
2019-12-02 13:30:00,75.52,75.76,75.46,75.7,333503,STT
2019-12-02 14:30:00,75.7,75.76,75.5,75.53,329696,STT
2019-12-02 15:30:00,75.53,75.75,75.26,75.39,467989,STT
2019-12-02 16:00:00,75.38,75.76,75.38,75.38,0,STT
2019-12-02 19:00:00,75.4,75.4,75.4,75.4,0,STT
2019-12-03 05:00:00,75.38,75.38,75.38,75.38,0,STT
2019-12-03 09:30:00,74.24,74.51,73.67,73.99,585013,STT
2019-12-03 10:30:00,74.25,74.31,73.62,73.64,600699,STT
2019-12-03 11:30:00,73.61,73.82,73.4,73.62,360000,STT
2019-12-03 12:30:00,73.61,73.71,73.5,73.69,308180,STT
2019-12-03 13:30:00,73.71,73.77,73.43,73.51,338966,STT
2019-12-03 14:30:00,73.51,73.62,73.43,73.54,914242,STT
2019-12-03 15:30:00,73.54,73.64,73.35,73.6,579844,STT
2019-12-03 16:00:00,73.54,73.67,73.35,73.61,0,STT
2019-12-03 17:00:00,73.61,73.61,73.61,73.61,0,STT
2019-12-04 09:30:00,73.82,74.54,73.74,74.46,560049,STT
2019-12-04 10:30:00,74.16,74.62,74.0,74.57,824105,STT
2019-12-04 11:30:00,74.55,74.75,74.54,74.7,312666,STT
2019-12-04 12:30:00,74.71,74.93,74.71,74.83,227184,STT
2019-12-04 13:30:00,74.83,74.86,74.6,74.76,335536,STT
2019-12-04 14:30:00,74.78,74.82,74.6,74.62,518474,STT
2019-12-04 15:30:00,74.62,74.66,74.45,74.56,480282,STT
2019-12-04 16:00:00,74.62,74.66,74.45,74.57,0,STT
2019-12-04 17:00:00,74.57,74.57,74.57,74.57,0,STT
2019-12-05 09:30:00,75.06,75.31,74.76,74.97,597207,STT
2019-12-05 10:30:00,74.99,75.07,74.8,74.98,875019,STT
2019-12-05 11:30:00,75.0,75.03,74.84,74.94,300274,STT
2019-12-05 12:30:00,74.95,75.01,74.9,74.98,322576,STT
2019-12-05 13:30:00,74.99,75.05,74.96,75.0,336232,STT
2019-12-05 14:30:00,75.0,75.08,74.8,75.0,984910,STT
2019-12-05 15:30:00,75.0,75.36,75.0,75.35,565166,STT
2019-12-05 16:00:00,75.0,75.44,74.96,75.36,0,STT
2019-12-05 19:00:00,75.38,75.38,75.38,75.38,0,STT
2019-12-06 09:00:00,76.73,76.73,76.73,76.73,0,STT
2019-12-06 09:30:00,76.36,76.9,76.29,76.57,437426,STT
2019-12-06 10:30:00,76.64,76.68,76.09,76.19,435558,STT
2019-12-06 11:30:00,76.19,76.65,76.19,76.64,327742,STT
2019-12-06 12:30:00,76.64,76.96,76.64,76.92,408826,STT
2019-12-06 13:30:00,76.9,77.26,76.9,77.23,320162,STT
2019-12-06 14:30:00,77.23,77.25,76.92,76.97,465738,STT
2019-12-06 15:30:00,76.97,77.1,76.9,77.01,484631,STT
2019-12-06 16:00:00,76.97,77.1,76.7,77.02,0,STT
2019-12-06 17:00:00,77.02,77.02,77.02,77.02,0,STT
2019-12-06 18:00:00,77.02,77.02,77.02,77.02,0,STT
2019-12-09 04:00:00,77.02,77.02,77.02,77.02,0,STT
2019-12-09 07:00:00,77.02,77.02,77.02,77.02,0,STT
2019-12-09 09:30:00,76.9,77.47,76.51,77.4,348549,STT
2019-12-09 10:30:00,77.39,77.59,77.36,77.5,243504,STT
2019-12-09 11:30:00,77.51,77.62,77.36,77.37,515349,STT
2019-12-09 12:30:00,77.37,77.54,77.29,77.49,172601,STT
2019-12-09 13:30:00,77.49,77.76,77.34,77.74,454146,STT
2019-12-09 14:30:00,77.74,78.08,77.73,78.01,499139,STT
2019-12-09 15:30:00,77.96,77.96,77.64,77.67,565413,STT
2019-12-09 16:00:00,77.67,77.9,77.55,77.9,0,STT
2019-12-09 17:00:00,77.67,77.67,77.67,77.67,0,STT
2019-12-09 18:00:00,77.81,77.81,77.77,77.77,0,STT
2019-12-09 19:00:00,77.67,77.67,77.67,77.67,0,STT
2019-12-10 08:00:00,77.52,79.79,77.51,79.79,0,STT
2019-12-10 09:30:00,78.43,78.72,77.76,78.61,1026363,STT
2019-12-10 10:30:00,78.29,78.72,78.21,78.41,1162075,STT
2019-12-10 11:30:00,78.41,78.56,77.84,77.87,593200,STT
2019-12-10 12:30:00,77.87,77.87,77.28,77.36,732204,STT
2019-12-10 13:30:00,77.37,77.81,77.37,77.79,532646,STT
2019-12-10 14:30:00,77.79,77.8,77.61,77.74,673516,STT
2019-12-10 15:30:00,77.75,77.96,77.67,77.83,535201,STT
2019-12-10 16:00:00,77.74,78.0,77.67,78.0,0,STT
2019-12-10 17:00:00,77.83,77.83,77.83,77.83,0,STT
2019-12-11 09:30:00,77.85,79.71,77.8,79.23,989239,STT
2019-12-11 10:30:00,79.42,79.71,78.8,78.86,945213,STT
2019-12-11 11:30:00,78.86,79.27,78.86,79.07,507714,STT
2019-12-11 12:30:00,79.05,79.11,78.86,79.0,585110,STT
2019-12-11 13:30:00,79.0,79.25,78.89,79.21,563156,STT
2019-12-11 14:30:00,79.21,79.24,78.36,78.41,956084,STT
2019-12-11 15:30:00,78.42,78.51,78.15,78.19,712670,STT
2019-12-11 16:00:00,78.42,78.84,78.0,78.19,0,STT
2019-12-11 17:00:00,78.19,78.19,78.0,78.19,0,STT
2019-12-12 09:30:00,78.41,80.6,78.24,80.39,1235660,STT
2019-12-12 10:30:00,79.8,80.78,79.79,80.74,1690028,STT
2019-12-12 11:30:00,80.72,80.72,80.18,80.57,649464,STT
2019-12-12 12:30:00,80.56,80.99,80.55,80.94,491532,STT
2019-12-12 13:30:00,80.96,80.97,80.28,80.34,753982,STT
2019-12-12 14:30:00,80.34,80.71,80.32,80.52,1368236,STT
2019-12-12 15:30:00,80.51,80.7,80.38,80.4,1159861,STT
2019-12-12 16:00:00,80.52,80.7,80.3,80.42,0,STT
2019-12-13 09:30:00,80.3,81.23,79.63,80.55,462210,STT
2019-12-13 10:30:00,80.42,81.23,79.76,79.96,882038,STT
2019-12-13 11:30:00,79.95,80.12,79.55,79.64,807792,STT
2019-12-13 12:30:00,79.64,79.76,79.42,79.51,691120,STT
2019-12-13 13:30:00,79.55,79.63,79.45,79.49,412326,STT
2019-12-13 14:30:00,79.49,79.53,79.34,79.43,429086,STT
2019-12-13 15:30:00,79.43,79.46,79.08,79.13,542730,STT
2019-12-13 16:00:00,79.42,79.77,79.03,79.13,0,STT
2019-12-13 17:00:00,79.03,79.13,79.03,79.13,0,STT
2019-12-16 08:00:00,79.64,79.64,79.64,79.64,0,STT
2019-12-16 09:00:00,79.64,80.0,79.64,80.0,0,STT
2019-12-16 09:30:00,80.05,80.65,79.75,80.64,472539,STT
2019-12-16 10:30:00,80.65,80.65,79.85,80.03,623149,STT
2019-12-16 11:30:00,80.02,80.22,79.89,79.89,483162,STT
2019-12-16 12:30:00,79.89,79.96,79.79,79.95,241077,STT
2019-12-16 13:30:00,79.94,80.01,79.79,79.82,241084,STT
2019-12-16 14:30:00,79.81,79.86,79.66,79.78,462080,STT
2019-12-16 15:30:00,79.78,79.81,79.59,79.61,511299,STT
2019-12-16 16:00:00,79.62,79.98,79.62,79.62,0,STT
2019-12-17 04:00:00,79.61,79.61,79.61,79.61,0,STT
2019-12-17 09:30:00,79.95,80.56,79.79,80.38,487698,STT
2019-12-17 10:30:00,80.39,80.69,80.26,80.67,439162,STT
2019-12-17 11:30:00,80.68,80.92,80.53,80.64,172529,STT
2019-12-17 12:30:00,80.66,80.7,80.3,80.36,198320,STT
2019-12-17 13:30:00,80.35,80.62,80.26,80.55,193409,STT
2019-12-17 14:30:00,80.54,80.65,80.39,80.39,205077,STT
2019-12-17 15:30:00,80.4,80.46,80.26,80.33,400122,STT
2019-12-17 16:00:00,80.33,80.33,80.33,80.33,0,STT
2019-12-18 09:30:00,80.56,80.86,79.6,79.63,449826,STT
2019-12-18 10:30:00,79.75,80.23,79.3,79.89,1382982,STT
2019-12-18 11:30:00,79.91,80.1,79.67,79.95,753622,STT
2019-12-18 12:30:00,79.94,79.96,79.73,79.85,215402,STT
2019-12-18 13:30:00,79.87,80.18,79.78,80.07,1123184,STT
2019-12-18 14:30:00,80.07,80.32,80.0,80.01,740844,STT
2019-12-18 15:30:00,80.02,80.08,79.91,79.99,470070,STT
2019-12-18 16:00:00,80.02,80.08,79.89,79.99,0,STT
2019-12-19 07:00:00,79.99,79.99,79.99,79.99,0,STT
2019-12-19 09:30:00,80.16,80.21,79.64,79.69,279608,STT
2019-12-19 10:30:00,79.71,79.76,79.58,79.6,275187,STT
2019-12-19 11:30:00,79.6,79.76,79.56,79.74,253890,STT
2019-12-19 12:30:00,79.73,79.74,79.6,79.64,162781,STT
2019-12-19 13:30:00,79.66,79.81,79.63,79.68,146337,STT
2019-12-19 14:30:00,79.68,79.69,79.35,79.4,236201,STT
2019-12-19 15:30:00,79.4,79.69,79.39,79.64,473840,STT
2019-12-19 16:00:00,79.66,79.99,79.61,79.99,0,STT
2019-12-19 17:00:00,79.64,79.64,79.64,79.64,0,STT
2019-12-20 08:00:00,79.64,79.64,79.64,79.64,0,STT
2019-12-20 09:30:00,80.02,80.2,79.15,79.54,623947,STT
2019-12-20 10:30:00,79.53,79.85,79.4,79.52,255417,STT
2019-12-20 11:30:00,79.52,79.64,79.38,79.38,217640,STT
2019-12-20 12:30:00,79.38,79.5,79.38,79.4,194401,STT
2019-12-20 13:30:00,79.4,79.53,79.34,79.53,225347,STT
2019-12-20 14:30:00,79.53,79.63,79.41,79.41,251121,STT
2019-12-20 15:30:00,79.41,79.47,79.19,79.22,638435,STT
2019-12-20 16:00:00,79.23,79.54,79.23,79.23,0,STT
2019-12-23 09:30:00,79.22,79.69,78.9,79.56,265257,STT
2019-12-23 10:30:00,79.29,79.69,79.28,79.38,360605,STT
2019-12-23 11:30:00,79.41,79.52,79.25,79.33,219980,STT
2019-12-23 12:30:00,79.33,79.53,79.29,79.46,219442,STT
2019-12-23 13:30:00,79.46,79.51,79.39,79.41,154974,STT
2019-12-23 14:30:00,79.43,79.59,79.38,79.52,283024,STT
2019-12-23 15:30:00,79.51,79.57,79.39,79.46,230844,STT
2019-12-23 16:00:00,79.51,79.56,79.39,79.45,0,STT
2019-12-24 09:30:00,79.54,79.54,79.17,79.33,122046,STT
2019-12-24 10:30:00,79.46,79.56,79.22,79.46,344276,STT
2019-12-24 11:30:00,79.45,79.6,79.38,79.57,242212,STT
2019-12-24 13:00:00,79.57,79.79,79.45,79.64,0,STT
2019-12-26 09:30:00,79.76,79.92,79.48,79.9,147016,STT
2019-12-26 10:30:00,79.77,80.24,79.76,80.14,260560,STT
2019-12-26 11:30:00,80.16,80.19,79.83,79.89,188508,STT
2019-12-26 12:30:00,79.88,79.94,79.73,79.73,130194,STT
2019-12-26 13:30:00,79.75,79.95,79.75,79.94,158018,STT
2019-12-26 14:30:00,79.95,79.96,79.73,79.77,189572,STT
2019-12-26 15:30:00,79.77,79.89,79.7,79.89,220911,STT
2019-12-26 16:00:00,79.77,79.89,79.7,79.85,0,STT
2019-12-27 08:00:00,79.85,79.85,79.85,79.85,0,STT
2019-12-27 09:30:00,80.0,80.37,79.91,80.05,187790,STT
2019-12-27 10:30:00,80.07,80.45,80.02,80.33,123705,STT
2019-12-27 11:30:00,80.33,80.4,80.19,80.24,116547,STT
2019-12-27 12:30:00,80.25,80.27,80.18,80.24,63055,STT
2019-12-27 13:30:00,80.22,80.23,80.0,80.17,76371,STT
2019-12-27 14:30:00,80.17,80.26,80.13,80.14,129121,STT
2019-12-27 15:30:00,80.14,80.22,79.99,80.13,219518,STT
2019-12-27 16:00:00,80.12,80.16,80.12,80.12,0,STT
2019-12-30 06:00:00,80.12,80.12,80.12,80.12,0,STT
2019-12-30 09:30:00,80.48,80.73,80.14,80.32,241601,STT
2019-12-30 10:30:00,80.31,80.43,80.2,80.3,143483,STT
2019-12-30 11:30:00,80.3,80.51,80.28,80.5,113286,STT
2019-12-30 12:30:00,80.5,80.6,80.33,80.34,117094,STT
2019-12-30 13:30:00,80.34,80.37,80.0,80.07,114159,STT
2019-12-30 14:30:00,80.07,80.07,79.76,79.92,121288,STT
2019-12-30 15:30:00,79.91,79.94,79.72,79.9,142514,STT
2019-12-30 16:00:00,79.88,80.23,79.88,79.88,0,STT
2019-12-31 09:30:00,79.41,79.5,78.83,79.02,305812,STT
2019-12-31 10:30:00,79.13,79.32,78.76,78.89,307884,STT
2019-12-31 11:30:00,78.9,79.19,78.84,79.03,223080,STT
2019-12-31 12:30:00,79.03,79.12,78.87,78.96,178850,STT
2019-12-31 13:30:00,78.97,79.1,78.93,79.04,226848,STT
2019-12-31 14:30:00,79.03,79.05,78.81,79.01,291148,STT
2019-12-31 15:30:00,79.0,79.15,78.91,79.06,246474,STT
2019-12-31 16:00:00,79.0,79.16,78.91,79.1,0,STT
2020-01-02 09:30:00,79.36,80.23,79.2,79.86,608136,STT
2020-01-02 10:30:00,79.88,80.39,79.74,80.39,726060,STT
2020-01-02 11:30:00,80.39,80.56,80.28,80.53,476412,STT
2020-01-02 12:30:00,80.53,80.66,80.28,80.34,263330,STT
2020-01-02 13:30:00,80.35,80.43,80.2,80.36,311568,STT
2020-01-02 14:30:00,80.36,80.57,80.27,80.55,413070,STT
2020-01-02 15:30:00,80.56,80.77,80.38,80.77,327035,STT
2020-01-02 16:00:00,80.56,80.77,80.38,80.76,0,STT
2020-01-03 07:00:00,79.21,79.21,79.0,79.0,0,STT
2020-01-03 09:30:00,79.8,79.94,79.04,79.41,385405,STT
2020-01-03 10:30:00,79.4,79.63,79.27,79.51,147255,STT
2020-01-03 11:30:00,79.52,79.7,79.46,79.57,105749,STT
2020-01-03 12:30:00,79.57,79.72,79.56,79.62,70528,STT
2020-01-03 13:30:00,79.61,79.65,79.17,79.26,99557,STT
2020-01-03 14:30:00,79.24,79.49,79.24,79.39,146240,STT
2020-01-03 15:30:00,79.39,79.69,79.33,79.54,321997,STT
2020-01-03 16:00:00,79.57,79.67,79.49,79.57,0,STT
2020-01-03 17:00:00,79.56,79.56,79.56,79.56,0,STT
2020-01-06 04:00:00,79.38,79.57,79.38,79.57,0,STT
2020-01-06 06:00:00,79.88,79.88,79.88,79.88,0,STT
2020-01-06 07:00:00,79.7,79.73,79.7,79.73,0,STT
2020-01-06 08:00:00,79.89,79.89,79.89,79.89,0,STT
2020-01-06 09:00:00,79.73,80.08,79.73,79.76,0,STT
2020-01-06 09:30:00,79.95,80.18,79.25,79.89,384664,STT
2020-01-06 10:30:00,79.92,80.33,79.85,80.19,141209,STT
2020-01-06 11:30:00,80.19,80.52,80.19,80.46,230848,STT
2020-01-06 12:30:00,80.46,80.59,80.39,80.58,79595,STT
2020-01-06 13:30:00,80.58,80.63,80.45,80.55,105644,STT
2020-01-06 14:30:00,80.57,80.7,80.28,80.45,249439,STT
2020-01-06 15:30:00,80.46,80.87,80.41,80.79,374626,STT
2020-01-06 16:00:00,80.79,80.79,80.79,80.79,0,STT
2020-01-06 17:00:00,80.79,80.79,80.79,80.79,0,STT
2020-01-06 18:00:00,80.79,80.79,80.79,80.79,0,STT
2020-01-07 07:00:00,81.29,81.29,81.29,81.29,0,STT
2020-01-07 09:00:00,81.1,81.1,81.1,81.1,0,STT
2020-01-07 09:30:00,81.38,81.75,81.01,81.7,324911,STT
2020-01-07 10:30:00,81.71,81.79,81.58,81.69,228017,STT
2020-01-07 11:30:00,81.7,81.71,81.32,81.56,382645,STT
2020-01-07 12:30:00,81.56,81.71,81.4,81.68,362077,STT
2020-01-07 13:30:00,81.68,81.98,81.54,81.82,466788,STT
2020-01-07 14:30:00,81.82,82.0,81.76,81.93,699049,STT
2020-01-07 15:30:00,81.93,82.0,81.79,81.9,445474,STT
2020-01-07 16:00:00,81.91,81.91,81.71,81.91,0,STT
2020-01-07 18:00:00,81.49,81.49,81.49,81.49,0,STT
2020-01-08 08:00:00,81.91,82.05,81.91,82.05,0,STT
2020-01-08 09:30:00,81.92,82.31,81.29,81.32,248322,STT
2020-01-08 10:30:00,81.33,81.47,81.06,81.44,224409,STT
2020-01-08 11:30:00,81.35,82.1,81.2,81.92,179902,STT
2020-01-08 12:30:00,81.92,81.93,81.67,81.76,115304,STT
2020-01-08 13:30:00,81.75,81.95,81.72,81.83,143367,STT
2020-01-08 14:30:00,81.84,82.03,81.7,81.97,179990,STT
2020-01-08 15:30:00,81.97,81.97,81.48,81.49,488268,STT
2020-01-08 16:00:00,81.49,81.67,81.26,81.49,0,STT
2020-01-09 09:30:00,82.16,82.45,81.5,81.88,338468,STT
2020-01-09 10:30:00,81.73,82.37,81.5,82.32,385380,STT
2020-01-09 11:30:00,82.39,82.71,82.29,82.35,394462,STT
2020-01-09 12:30:00,82.35,82.67,82.29,82.67,287488,STT
2020-01-09 13:30:00,82.67,82.75,82.44,82.68,299180,STT
2020-01-09 14:30:00,82.69,82.91,82.67,82.79,576448,STT
2020-01-09 15:30:00,82.79,82.94,82.71,82.92,539227,STT
2020-01-09 16:00:00,82.8,82.94,82.71,82.92,0,STT
2020-01-09 19:00:00,83.1,83.1,83.1,83.1,0,STT
2020-01-10 09:30:00,82.68,82.87,82.24,82.26,593539,STT
2020-01-10 10:30:00,82.53,82.65,81.94,82.26,1115609,STT
2020-01-10 11:30:00,82.27,82.29,81.95,82.18,1117216,STT
2020-01-10 12:30:00,82.18,82.31,82.11,82.24,440040,STT
2020-01-10 13:30:00,82.25,82.41,82.13,82.17,433684,STT
2020-01-10 14:30:00,82.16,82.17,81.78,81.93,608438,STT
2020-01-10 15:30:00,81.93,81.93,81.6,81.68,485167,STT
2020-01-10 16:00:00,81.92,81.92,81.38,81.69,0,STT
2020-01-10 17:00:00,81.38,81.69,81.38,81.69,0,STT
2020-01-13 09:30:00,81.88,81.93,81.28,81.52,330198,STT
2020-01-13 10:30:00,81.76,82.21,81.28,82.1,460746,STT
2020-01-13 11:30:00,82.13,82.16,81.92,81.92,225718,STT
2020-01-13 12:30:00,81.93,81.97,81.42,81.52,400946,STT
2020-01-13 13:30:00,81.54,81.88,81.51,81.84,358720,STT
2020-01-13 14:30:00,81.84,81.9,81.63,81.67,465662,STT
2020-01-13 15:30:00,81.68,82.09,81.6,82.06,441003,STT
2020-01-13 16:00:00,81.68,82.09,81.6,82.08,0,STT
2020-01-13 19:00:00,82.08,82.08,82.08,82.08,0,STT
2020-01-14 09:30:00,81.96,82.07,81.72,81.82,283425,STT
2020-01-14 10:30:00,81.84,82.04,81.72,81.96,415259,STT
2020-01-14 11:30:00,81.99,82.2,81.97,82.16,313652,STT
2020-01-14 12:30:00,82.16,82.47,82.15,82.4,320496,STT
2020-01-14 13:30:00,82.4,82.56,81.82,81.94,388954,STT
2020-01-14 14:30:00,81.94,82.07,81.82,81.86,415380,STT
2020-01-14 15:30:00,81.85,81.88,81.51,81.52,409594,STT
2020-01-14 16:00:00,81.85,81.88,81.51,81.53,0,STT
2020-01-14 17:00:00,81.53,81.53,81.53,81.53,0,STT
2020-01-15 09:30:00,81.01,81.39,80.41,81.3,682611,STT
2020-01-15 10:30:00,81.14,81.61,81.09,81.31,698293,STT
2020-01-15 11:30:00,81.32,81.64,81.22,81.32,608424,STT
2020-01-15 12:30:00,81.32,81.44,81.17,81.2,466602,STT
2020-01-15 13:30:00,81.2,81.33,81.04,81.32,399374,STT
2020-01-15 14:30:00,81.32,81.37,81.08,81.17,494158,STT
2020-01-15 15:30:00,81.17,81.37,81.01,81.2,686191,STT
2020-01-15 16:00:00,81.17,81.37,81.01,81.04,0,STT
2020-01-16 07:00:00,81.75,81.75,81.75,81.75,0,STT
2020-01-16 08:00:00,81.75,81.75,81.58,81.58,0,STT
2020-01-16 09:00:00,81.58,81.58,79.59,80.51,0,STT
2020-01-16 09:30:00,80.07,81.66,79.23,79.89,1242810,STT
2020-01-16 10:30:00,79.9,80.68,79.8,80.13,860322,STT
2020-01-16 11:30:00,80.13,80.44,79.96,80.25,525292,STT
2020-01-16 12:30:00,80.24,80.79,80.24,80.56,342872,STT
2020-01-16 13:30:00,80.57,80.83,80.43,80.43,395041,STT
2020-01-16 14:30:00,80.43,80.84,80.18,80.77,549094,STT
2020-01-16 15:30:00,80.76,81.11,80.74,80.99,790538,STT
2020-01-16 16:00:00,81.14,81.3,80.82,81.3,0,STT
2020-01-16 17:00:00,81.32,81.32,81.3,81.31,0,STT
2020-01-16 18:00:00,81.3,81.33,81.3,81.33,0,STT
2020-01-16 19:00:00,81.2,81.26,81.2,81.26,0,STT
2020-01-17 07:00:00,81.3,84.4,81.3,84.2,0,STT
2020-01-17 08:00:00,82.8,84.46,82.5,83.8,0,STT
2020-01-17 09:00:00,83.8,84.42,83.7,84.42,0,STT
2020-01-17 09:30:00,83.8,85.72,83.32,84.79,3251788,STT
2020-01-17 10:30:00,85.31,85.72,84.25,85.14,2376938,STT
2020-01-17 11:30:00,85.11,85.89,84.37,84.39,1450552,STT
2020-01-17 12:30:00,84.4,84.46,83.42,83.61,1342436,STT
2020-01-17 13:30:00,83.61,84.11,83.44,83.51,625260,STT
2020-01-17 14:30:00,83.51,83.58,81.99,82.28,1444578,STT
2020-01-17 15:30:00,82.28,82.53,81.71,82.46,1351096,STT
2020-01-17 16:00:00,82.28,82.56,81.71,82.47,0,STT
2020-01-17 17:00:00,82.56,82.65,82.31,82.65,0,STT
2020-01-17 18:00:00,82.65,82.65,82.4,82.4,0,STT
2020-01-21 07:00:00,82.82,82.82,82.82,82.82,0,STT
2020-01-21 08:00:00,82.6,82.6,82.6,82.6,0,STT
2020-01-21 09:30:00,81.75,82.14,81.07,81.75,531409,STT
2020-01-21 10:30:00,81.77,82.38,81.76,82.0,318902,STT
2020-01-21 11:30:00,82.01,82.69,81.96,82.26,243261,STT
2020-01-21 12:30:00,82.26,82.37,81.97,81.98,199451,STT
2020-01-21 13:30:00,81.96,81.98,81.37,81.64,248082,STT
2020-01-21 14:30:00,81.63,82.16,81.5,81.79,385745,STT
2020-01-21 15:30:00,81.79,81.89,81.27,81.34,647919,STT
2020-01-21 16:00:00,81.35,81.74,81.31,81.74,0,STT
2020-01-21 17:00:00,81.31,81.31,81.31,81.31,0,STT
2020-01-22 09:30:00,81.3,81.64,80.41,80.79,548546,STT
2020-01-22 10:30:00,80.88,81.0,80.12,80.3,1001686,STT
2020-01-22 11:30:00,80.3,80.69,80.27,80.65,378800,STT
2020-01-22 12:30:00,80.65,80.82,80.41,80.51,394258,STT
2020-01-22 13:30:00,80.51,80.75,80.42,80.42,437224,STT
2020-01-22 14:30:00,80.43,80.44,80.09,80.24,660610,STT
2020-01-22 15:30:00,80.24,80.54,80.24,80.53,457652,STT
2020-01-22 16:00:00,80.24,80.54,80.24,80.54,0,STT
2020-01-23 09:30:00,80.06,80.19,78.81,79.68,871768,STT
2020-01-23 10:30:00,79.34,80.11,79.22,79.39,884554,STT
2020-01-23 11:30:00,79.45,79.86,79.38,79.78,604626,STT
2020-01-23 12:30:00,79.79,80.35,79.79,80.15,550574,STT
2020-01-23 13:30:00,80.13,80.29,79.91,79.92,490442,STT
2020-01-23 14:30:00,79.93,80.41,79.9,80.37,821424,STT
2020-01-23 15:30:00,80.37,80.5,80.1,80.46,513722,STT
2020-01-23 16:00:00,80.37,80.5,79.98,80.46,0,STT
2020-01-24 09:30:00,80.51,80.65,79.46,79.46,337446,STT
2020-01-24 10:30:00,80.12,80.14,79.07,79.09,730766,STT
2020-01-24 11:30:00,79.08,79.33,78.31,78.49,635538,STT
2020-01-24 12:30:00,78.48,78.77,78.33,78.49,485700,STT
2020-01-24 13:30:00,78.49,78.53,77.98,78.1,716302,STT
2020-01-24 14:30:00,78.1,78.52,78.1,78.4,782742,STT
2020-01-24 15:30:00,78.39,78.4,77.89,78.33,633079,STT
2020-01-24 16:00:00,78.39,78.56,77.89,78.34,0,STT
2020-01-24 18:00:00,78.35,78.35,78.35,78.35,0,STT
2020-01-27 05:00:00,77.0,77.0,77.0,77.0,0,STT
2020-01-27 07:00:00,76.0,76.0,76.0,76.0,0,STT
2020-01-27 09:30:00,76.15,76.86,75.84,76.73,707061,STT
2020-01-27 10:30:00,76.74,76.84,75.84,75.92,377154,STT
2020-01-27 11:30:00,75.93,76.26,75.71,76.06,310946,STT
2020-01-27 12:30:00,76.05,76.41,75.98,76.09,266074,STT
2020-01-27 13:30:00,76.08,76.19,75.78,75.89,258994,STT
2020-01-27 14:30:00,75.89,75.92,75.57,75.75,383646,STT
2020-01-27 15:30:00,75.74,75.74,75.4,75.45,503568,STT
2020-01-27 16:00:00,75.45,75.95,75.45,75.95,0,STT
2020-01-28 08:00:00,75.07,75.07,75.07,75.07,0,STT
2020-01-28 09:30:00,76.18,76.61,75.58,76.55,195598,STT
2020-01-28 10:30:00,76.55,76.81,76.26,76.38,182745,STT
2020-01-28 11:30:00,76.36,76.81,76.18,76.78,196875,STT
2020-01-28 12:30:00,76.77,76.92,76.68,76.84,118304,STT
2020-01-28 13:30:00,76.85,76.96,76.74,76.79,126266,STT
2020-01-28 14:30:00,76.76,76.96,76.67,76.86,164094,STT
2020-01-28 15:30:00,76.87,76.87,76.47,76.5,383843,STT
2020-01-28 16:00:00,76.5,76.82,76.5,76.5,0,STT
2020-01-28 17:00:00,76.5,76.5,76.5,76.5,0,STT
2020-01-29 09:30:00,76.98,77.2,76.51,76.89,292272,STT
2020-01-29 10:30:00,77.06,77.42,76.51,77.4,452174,STT
2020-01-29 11:30:00,77.39,77.43,77.06,77.07,279786,STT
2020-01-29 12:30:00,77.07,77.07,76.83,76.86,221716,STT
2020-01-29 13:30:00,76.86,77.17,76.75,76.99,329552,STT
2020-01-29 14:30:00,77.0,77.0,76.05,76.43,665086,STT
2020-01-29 15:30:00,76.42,76.5,76.15,76.24,298084,STT
2020-01-29 16:00:00,76.42,76.72,76.15,76.23,0,STT
2020-01-29 17:00:00,76.23,76.72,76.23,76.23,0,STT
2020-01-29 19:00:00,76.23,76.23,76.23,76.23,0,STT
2020-01-30 09:30:00,75.51,76.41,75.35,76.26,329113,STT
2020-01-30 10:30:00,76.24,76.41,75.29,76.15,420831,STT
2020-01-30 11:30:00,76.15,76.6,75.97,76.36,411932,STT
2020-01-30 12:30:00,76.37,76.5,76.15,76.27,283016,STT
2020-01-30 13:30:00,76.28,76.78,76.19,76.73,337876,STT
2020-01-30 14:30:00,76.73,77.34,76.57,77.27,649454,STT
2020-01-30 15:30:00,77.28,77.86,77.25,77.62,635870,STT
2020-01-30 16:00:00,77.28,77.86,77.07,77.61,0,STT
2020-01-31 09:30:00,76.89,76.93,75.95,76.37,456300,STT
2020-01-31 10:30:00,76.25,76.6,75.62,75.65,594210,STT
2020-01-31 11:30:00,75.7,76.1,75.47,75.91,400508,STT
2020-01-31 12:30:00,75.9,75.9,75.25,75.43,403364,STT
2020-01-31 13:30:00,75.43,75.74,75.32,75.57,371088,STT
2020-01-31 14:30:00,75.56,75.79,75.43,75.43,519412,STT
2020-01-31 15:30:00,75.41,75.69,75.18,75.62,385129,STT
2020-01-31 16:00:00,75.41,75.69,75.18,75.63,0,STT
2020-01-31 17:00:00,75.63,75.68,75.63,75.63,0,STT
2020-02-03 09:30:00,76.07,77.58,76.06,77.43,363539,STT
2020-02-03 10:30:00,77.03,77.58,76.49,76.55,522787,STT
2020-02-03 11:30:00,76.55,76.59,76.21,76.44,316852,STT
2020-02-03 12:30:00,76.45,76.71,76.33,76.39,277456,STT
2020-02-03 13:30:00,76.39,76.48,76.21,76.35,258578,STT
2020-02-03 14:30:00,76.34,76.48,76.21,76.44,512384,STT
2020-02-03 15:30:00,76.43,76.43,75.98,76.09,279305,STT
2020-02-03 16:00:00,76.43,76.49,75.98,76.09,0,STT
2020-02-04 08:00:00,76.09,76.09,76.09,76.09,0,STT
2020-02-04 09:30:00,77.59,78.65,77.51,78.47,349951,STT
2020-02-04 10:30:00,78.48,78.68,78.13,78.38,219537,STT
2020-02-04 11:30:00,78.39,78.48,78.18,78.4,244658,STT
2020-02-04 12:30:00,78.37,78.45,78.16,78.22,172616,STT
2020-02-04 13:30:00,78.23,78.27,77.98,78.03,175071,STT
2020-02-04 14:30:00,78.03,78.2,77.85,78.01,197285,STT
2020-02-04 15:30:00,78.01,78.15,77.57,77.74,433642,STT
2020-02-04 16:00:00,77.74,78.17,77.74,78.17,0,STT
2020-02-05 09:00:00,78.9,78.9,78.9,78.9,0,STT
2020-02-05 09:30:00,79.06,79.39,78.82,78.91,444627,STT
2020-02-05 10:30:00,78.91,79.25,78.79,78.92,216351,STT
2020-02-05 11:30:00,78.92,79.26,78.83,79.14,300258,STT
2020-02-05 12:30:00,79.14,79.25,79.07,79.22,151008,STT
2020-02-05 13:30:00,79.21,79.79,79.17,79.74,260927,STT
2020-02-05 14:30:00,79.73,79.99,79.64,79.97,188372,STT
2020-02-05 15:30:00,79.97,80.07,79.82,80.05,455145,STT
2020-02-05 16:00:00,80.04,80.04,78.94,80.04,0,STT
2020-02-05 17:00:00,80.04,80.04,80.04,80.04,0,STT
2020-02-06 09:30:00,80.56,81.0,79.27,79.51,264490,STT
2020-02-06 10:30:00,79.89,79.89,79.27,79.45,387286,STT
2020-02-06 11:30:00,79.47,79.54,79.16,79.37,283074,STT
2020-02-06 12:30:00,79.38,79.41,79.09,79.1,161252,STT
2020-02-06 13:30:00,79.07,79.77,78.99,79.75,380114,STT
2020-02-06 14:30:00,79.78,80.18,79.73,80.09,586966,STT
2020-02-06 15:30:00,80.09,80.38,80.07,80.27,427610,STT
2020-02-06 16:00:00,80.09,80.38,79.4,79.83,0,STT
2020-02-06 17:00:00,80.27,80.27,80.27,80.27,0,STT
2020-02-07 09:30:00,79.35,79.92,78.98,79.4,291702,STT
2020-02-07 10:30:00,79.54,79.72,79.22,79.56,417732,STT
2020-02-07 11:30:00,79.57,79.65,79.29,79.42,354898,STT
2020-02-07 12:30:00,79.41,79.41,79.17,79.24,185084,STT
2020-02-07 13:30:00,79.24,79.36,78.56,78.85,442526,STT
2020-02-07 14:30:00,78.86,79.15,78.86,79.11,266158,STT
2020-02-07 15:30:00,79.11,79.2,78.97,79.13,305191,STT
2020-02-07 16:00:00,79.1,79.2,78.97,79.19,0,STT
2020-02-10 09:00:00,78.7,78.7,78.7,78.7,0,STT
2020-02-10 09:30:00,78.93,79.39,78.75,79.24,215322,STT
2020-02-10 10:30:00,79.26,79.59,79.16,79.43,139954,STT
2020-02-10 11:30:00,79.43,79.45,78.94,79.06,145647,STT
2020-02-10 12:30:00,79.08,79.25,79.05,79.19,118143,STT
2020-02-10 13:30:00,79.19,79.35,79.1,79.27,149641,STT
2020-02-10 14:30:00,79.27,79.44,79.23,79.23,219160,STT
2020-02-10 15:30:00,79.22,79.33,78.96,79.12,454936,STT
2020-02-10 16:00:00,79.13,79.19,79.1,79.1,0,STT
2020-02-11 08:00:00,79.13,79.13,79.13,79.13,0,STT
2020-02-11 09:30:00,79.4,80.46,79.39,80.35,223148,STT
2020-02-11 10:30:00,80.35,80.62,79.99,80.03,187710,STT
2020-02-11 11:30:00,80.0,80.34,79.94,80.33,157258,STT
2020-02-11 12:30:00,80.34,80.52,80.3,80.38,78660,STT
2020-02-11 13:30:00,80.41,80.63,80.21,80.33,142597,STT
2020-02-11 14:30:00,80.36,80.45,80.01,80.06,168589,STT
2020-02-11 15:30:00,80.06,80.09,79.77,79.79,310144,STT
2020-02-11 16:00:00,79.78,80.3,79.78,80.04,0,STT
2020-02-12 09:30:00,80.53,81.82,80.46,81.31,300894,STT
2020-02-12 10:30:00,81.7,81.74,80.76,80.8,617396,STT
2020-02-12 11:30:00,80.8,80.82,80.53,80.55,234516,STT
2020-02-12 12:30:00,80.55,80.67,80.39,80.44,161598,STT
2020-02-12 13:30:00,80.45,80.64,80.4,80.49,217160,STT
2020-02-12 14:30:00,80.49,80.68,80.42,80.55,355332,STT
2020-02-12 15:30:00,80.53,80.6,80.3,80.46,189714,STT
2020-02-12 16:00:00,80.53,80.74,80.3,80.43,0,STT
2020-02-12 17:00:00,80.43,80.43,80.43,80.43,0,STT
2020-02-13 09:30:00,79.79,80.31,79.4,79.64,188232,STT
2020-02-13 10:30:00,79.91,79.99,79.11,79.49,362004,STT
2020-02-13 11:30:00,79.47,79.75,79.31,79.73,199660,STT
2020-02-13 12:30:00,79.73,79.78,79.44,79.47,173002,STT
2020-02-13 13:30:00,79.47,79.58,79.37,79.39,210538,STT
2020-02-13 14:30:00,79.4,79.6,79.12,79.19,351358,STT
2020-02-13 15:30:00,79.19,79.19,78.47,78.85,418428,STT
2020-02-13 16:00:00,79.19,79.19,78.47,78.85,0,STT
2020-02-14 05:00:00,78.93,78.93,78.93,78.93,0,STT
2020-02-14 09:30:00,78.88,79.3,78.5,78.73,179201,STT
2020-02-14 10:30:00,78.73,78.81,78.29,78.74,197327,STT
2020-02-14 11:30:00,78.74,78.79,78.28,78.4,110304,STT
2020-02-14 12:30:00,78.4,78.42,77.96,78.05,132938,STT
2020-02-14 13:30:00,78.04,78.15,77.8,77.9,154729,STT
2020-02-14 14:30:00,77.89,78.08,77.72,77.97,368828,STT
2020-02-14 15:30:00,77.97,78.03,77.82,77.85,380908,STT
2020-02-14 16:00:00,77.85,78.1,77.85,77.85,0,STT
2020-02-18 09:30:00,77.5,78.44,77.33,77.44,377369,STT
2020-02-18 10:30:00,77.96,78.1,76.86,76.93,405657,STT
2020-02-18 11:30:00,76.93,77.31,76.88,77.2,217696,STT
2020-02-18 12:30:00,77.2,77.49,77.18,77.35,216194,STT
2020-02-18 13:30:00,77.36,77.48,77.15,77.46,320212,STT
2020-02-18 14:30:00,77.46,77.51,77.15,77.19,412320,STT
2020-02-18 15:30:00,77.19,77.21,76.7,76.88,456015,STT
2020-02-18 16:00:00,77.19,77.22,76.7,77.1,0,STT
2020-02-18 18:00:00,76.42,76.42,76.0,76.0,0,STT
2020-02-19 07:00:00,76.93,76.93,76.93,76.93,0,STT
2020-02-19 09:00:00,76.96,76.96,76.96,76.96,0,STT
2020-02-19 09:30:00,77.28,78.27,76.9,78.07,283768,STT
2020-02-19 10:30:00,78.07,78.7,78.07,78.69,240512,STT
2020-02-19 11:30:00,78.7,78.91,78.45,78.75,152520,STT
2020-02-19 12:30:00,78.75,78.87,78.41,78.66,177630,STT
2020-02-19 13:30:00,78.66,78.69,78.33,78.5,157282,STT
2020-02-19 14:30:00,78.5,78.82,78.39,78.63,179237,STT
2020-02-19 15:30:00,78.63,78.86,78.58,78.76,349770,STT
2020-02-19 16:00:00,78.77,78.77,78.52,78.76,0,STT
2020-02-20 09:30:00,78.3,79.05,78.01,78.83,347504,STT
2020-02-20 10:30:00,78.58,79.42,78.57,78.64,535592,STT
2020-02-20 11:30:00,78.66,78.7,78.1,78.14,405958,STT
2020-02-20 12:30:00,78.13,78.56,78.08,78.33,248058,STT
2020-02-20 13:30:00,78.34,78.37,78.06,78.11,274650,STT
2020-02-20 14:30:00,78.13,78.29,77.92,78.15,315932,STT
2020-02-20 15:30:00,78.16,78.21,77.85,77.88,283898,STT
2020-02-20 16:00:00,78.16,78.32,77.85,77.89,0,STT
2020-02-20 17:00:00,78.29,78.29,77.89,77.89,0,STT
2020-02-21 08:00:00,77.89,77.89,77.89,77.89,0,STT
2020-02-21 09:30:00,77.44,77.85,76.85,77.19,487034,STT
2020-02-21 10:30:00,77.2,77.38,76.5,77.36,497835,STT
2020-02-21 11:30:00,77.36,77.66,76.9,76.99,295381,STT
2020-02-21 12:30:00,77.0,77.24,76.78,76.99,313014,STT
2020-02-21 13:30:00,76.99,77.06,76.53,76.87,309038,STT
2020-02-21 14:30:00,76.86,77.21,76.75,76.91,556624,STT
2020-02-21 15:30:00,76.89,77.3,76.81,77.1,626253,STT
2020-02-21 16:00:00,77.13,77.13,77.06,77.06,0,STT
2020-02-21 17:00:00,76.99,77.13,76.99,77.13,0,STT
2020-02-24 08:00:00,75.39,75.39,75.39,75.39,0,STT
2020-02-24 09:30:00,74.01,74.47,73.12,73.51,633265,STT
2020-02-24 10:30:00,73.51,73.86,73.4,73.55,518442,STT
2020-02-24 11:30:00,73.56,73.8,73.33,73.64,367574,STT
2020-02-24 12:30:00,73.63,73.67,73.02,73.51,308836,STT
2020-02-24 13:30:00,73.51,73.98,73.24,73.94,414276,STT
2020-02-24 14:30:00,73.93,74.44,73.88,74.27,664117,STT
2020-02-24 15:30:00,74.27,74.35,73.82,74.01,0,STT
2020-02-24 16:00:00,74.01,75.0,73.84,74.01,0,STT
2020-02-25 09:30:00,74.02,74.04,72.07,72.19,808625,STT
2020-02-25 10:30:00,73.08,73.36,71.5,71.98,1028635,STT
2020-02-25 11:30:00,71.99,72.18,71.87,71.96,1656610,STT
2020-02-25 12:30:00,71.96,72.13,71.22,71.32,796536,STT
2020-02-25 13:30:00,71.31,71.33,70.43,70.47,581240,STT
2020-02-25 14:30:00,70.43,71.01,70.1,70.5,1211496,STT
2020-02-25 15:30:00,70.46,71.07,70.32,70.89,1193403,STT
2020-02-25 16:00:00,70.46,71.39,70.32,70.85,0,STT
2020-02-25 17:00:00,70.85,71.33,70.85,71.33,0,STT
2020-02-26 04:00:00,70.0,70.0,70.0,70.0,0,STT
2020-02-26 09:30:00,71.07,71.68,70.95,71.32,495357,STT
2020-02-26 10:30:00,71.36,71.62,70.95,71.34,249860,STT
2020-02-26 11:30:00,71.32,71.38,70.3,70.47,603339,STT
2020-02-26 12:30:00,70.49,70.73,70.19,70.45,299523,STT
2020-02-26 13:30:00,70.44,70.45,69.55,70.24,670592,STT
2020-02-26 14:30:00,70.24,70.46,69.71,70.09,696750,STT
2020-02-26 15:30:00,70.08,70.17,69.86,70.11,1137722,STT
2020-02-26 16:00:00,70.11,71.35,70.11,70.36,0,STT
2020-02-26 17:00:00,70.14,70.14,70.14,70.14,0,STT
2020-02-27 05:00:00,69.4,69.4,69.4,69.4,0,STT
2020-02-27 08:00:00,68.1,68.1,68.1,68.1,0,STT
2020-02-27 09:30:00,68.26,70.3,67.5,69.31,1153810,STT
2020-02-27 10:30:00,69.3,71.13,68.98,70.86,556870,STT
2020-02-27 11:30:00,70.86,72.47,70.8,72.16,423827,STT
2020-02-27 12:30:00,72.1,72.47,71.6,71.69,590274,STT
2020-02-27 13:30:00,71.66,71.74,70.46,70.87,548414,STT
2020-02-27 14:30:00,70.85,70.87,70.08,70.15,368457,STT
2020-02-27 15:30:00,70.12,70.28,69.14,69.37,0,STT
2020-02-27 16:00:00,69.37,70.31,69.37,69.38,0,STT
2020-02-27 17:00:00,69.38,69.38,69.38,69.38,0,STT
2020-02-28 04:00:00,67.92,67.92,67.92,67.92,0,STT
2020-02-28 09:30:00,66.81,67.8,65.43,65.82,716399,STT
2020-02-28 10:30:00,65.76,67.06,65.76,67.06,653335,STT
2020-02-28 11:30:00,67.12,68.33,66.96,67.3,518054,STT
2020-02-28 12:30:00,67.3,67.88,67.03,67.37,573928,STT
2020-02-28 13:30:00,67.3,67.3,66.24,66.88,551926,STT
2020-02-28 14:30:00,66.87,67.61,66.29,66.3,695488,STT
2020-02-28 15:30:00,66.33,68.1,66.12,68.1,898582,STT
2020-02-28 16:00:00,68.11,68.5,66.7,68.5,0,STT
2020-03-02 09:00:00,68.11,68.11,68.11,68.11,0,STT
2020-03-02 09:30:00,67.96,68.23,65.74,66.06,639498,STT
2020-03-02 10:30:00,66.07,67.09,65.6,66.97,639925,STT
2020-03-02 11:30:00,66.98,67.64,66.89,67.11,293917,STT
2020-03-02 12:30:00,67.1,67.39,66.42,66.53,255729,STT
2020-03-02 13:30:00,66.56,66.96,66.34,66.6,267848,STT
2020-03-02 14:30:00,66.6,67.32,66.0,67.3,460294,STT
2020-03-02 15:30:00,67.32,68.84,67.24,68.7,853455,STT
2020-03-02 16:00:00,68.69,68.69,67.35,68.69,0,STT
2020-03-02 17:00:00,68.69,68.69,68.69,68.69,0,STT
2020-03-03 09:30:00,67.99,69.33,66.66,67.19,966869,STT
2020-03-03 10:30:00,67.77,69.33,65.92,66.15,1589103,STT
2020-03-03 11:30:00,66.1,67.05,65.88,66.38,1147262,STT
2020-03-03 12:30:00,66.43,66.53,65.63,65.87,938316,STT
2020-03-03 13:30:00,65.85,66.08,65.06,65.78,1673774,STT
2020-03-03 14:30:00,65.82,67.2,65.49,67.12,995480,STT
2020-03-03 15:30:00,67.12,67.14,65.62,65.82,1317925,STT
2020-03-03 16:00:00,67.12,67.14,65.62,66.28,0,STT
2020-03-04 08:00:00,67.3,67.3,67.3,67.3,0,STT
2020-03-04 09:30:00,66.75,66.76,64.94,65.35,615525,STT
2020-03-04 10:30:00,65.36,65.49,64.35,65.46,534031,STT
2020-03-04 11:30:00,65.5,65.61,64.83,65.28,355616,STT
2020-03-04 12:30:00,65.32,66.39,65.18,66.2,247768,STT
2020-03-04 13:30:00,66.21,66.32,65.74,66.04,243170,STT
2020-03-04 14:30:00,66.04,66.72,65.73,66.69,333311,STT
2020-03-04 15:30:00,66.7,67.01,66.29,66.99,873365,STT
2020-03-04 16:00:00,67.0,67.0,65.69,65.75,0,STT
2020-03-05 09:30:00,64.02,64.02,61.58,62.94,987618,STT
2020-03-05 10:30:00,61.73,63.61,61.71,63.49,867452,STT
2020-03-05 11:30:00,63.52,63.81,63.23,63.6,846318,STT
2020-03-05 12:30:00,63.6,63.81,62.65,62.91,498114,STT
2020-03-05 13:30:00,62.94,63.14,62.25,62.31,1020786,STT
2020-03-05 14:30:00,62.31,62.6,61.64,61.74,1217252,STT
2020-03-05 15:30:00,61.73,62.51,61.64,62.37,751361,STT
2020-03-05 16:00:00,61.73,62.64,61.64,62.64,0,STT
2020-03-06 04:00:00,61.6,61.6,61.6,61.6,0,STT
2020-03-06 05:00:00,60.3,60.3,60.3,60.3,0,STT
2020-03-06 07:00:00,60.0,60.0,60.0,60.0,0,STT
2020-03-06 09:30:00,59.65,60.74,59.16,60.63,681704,STT
2020-03-06 10:30:00,60.66,61.36,60.45,60.66,411466,STT
2020-03-06 11:30:00,60.7,61.14,60.62,60.72,259075,STT
2020-03-06 12:30:00,60.72,61.58,60.68,61.01,219152,STT
2020-03-06 13:30:00,61.02,61.13,60.23,60.44,258391,STT
2020-03-06 14:30:00,60.42,60.47,59.13,59.41,519626,STT
2020-03-06 15:30:00,59.38,60.33,59.15,60.13,1052774,STT
2020-03-06 16:00:00,60.09,60.13,60.09,60.13,0,STT
2020-03-09 07:00:00,56.4,56.4,56.4,56.4,0,STT
2020-03-09 08:00:00,55.1,55.1,53.8,53.8,0,STT
2020-03-09 09:30:00,54.02,55.89,52.5,55.25,563832,STT
2020-03-09 10:30:00,55.24,55.57,54.11,54.94,551774,STT
2020-03-09 11:30:00,54.93,55.2,54.01,54.04,356929,STT
2020-03-09 12:30:00,54.01,54.27,53.51,53.97,388922,STT
2020-03-09 13:30:00,53.97,53.97,52.82,52.9,416176,STT
2020-03-09 14:30:00,52.9,53.48,52.51,53.3,610874,STT
2020-03-09 15:30:00,53.29,53.49,52.65,52.65,968565,STT
2020-03-09 16:00:00,52.66,53.75,52.65,52.66,0,STT
2020-03-09 17:00:00,52.67,52.67,52.67,52.67,0,STT
2020-03-09 19:00:00,52.5,52.5,52.5,52.5,0,STT
2020-03-10 04:00:00,54.25,54.25,54.25,54.25,0,STT
2020-03-10 06:00:00,55.65,55.71,55.65,55.71,0,STT
2020-03-10 09:30:00,55.62,55.85,53.52,54.31,661064,STT
2020-03-10 10:30:00,54.3,54.43,53.13,53.35,603528,STT
2020-03-10 11:30:00,53.32,54.12,53.01,53.89,526679,STT
2020-03-10 12:30:00,53.86,54.46,53.37,54.25,357140,STT
2020-03-10 13:30:00,54.26,54.57,53.61,54.49,378596,STT
2020-03-10 14:30:00,54.48,56.18,54.46,55.81,625539,STT
2020-03-10 15:30:00,55.83,56.73,55.58,56.73,811020,STT
2020-03-10 16:00:00,56.73,56.75,53.35,53.35,0,STT
2020-03-10 17:00:00,56.73,56.73,56.73,56.73,0,STT
2020-03-11 04:00:00,55.1,55.1,55.1,55.1,0,STT
2020-03-11 08:00:00,55.02,55.02,54.45,54.45,0,STT
2020-03-11 09:30:00,54.92,55.66,54.31,54.44,927006,STT
2020-03-11 10:30:00,54.41,54.94,53.69,53.86,593327,STT
2020-03-11 11:30:00,53.93,55.89,53.6,55.32,369971,STT
2020-03-11 12:30:00,55.31,55.36,53.96,54.31,830355,STT
2020-03-11 13:30:00,54.25,54.38,53.12,53.22,800622,STT
2020-03-11 14:30:00,53.22,54.18,52.98,53.81,840284,STT
2020-03-11 15:30:00,53.78,54.78,53.72,54.2,1009358,STT
2020-03-11 16:00:00,54.16,54.19,54.16,54.19,0,STT
2020-03-12 04:00:00,51.48,51.48,51.22,51.22,0,STT
2020-03-12 05:00:00,51.22,51.22,51.2,51.2,0,STT
2020-03-12 07:00:00,51.45,51.45,51.0,51.0,0,STT
2020-03-12 08:00:00,51.0,51.0,50.0,50.0,0,STT
2020-03-12 09:30:00,50.19,50.9,47.48,47.95,632681,STT
2020-03-12 10:30:00,50.37,50.61,47.48,49.1,1455644,STT
2020-03-12 11:30:00,50.26,50.29,48.19,49.18,1303619,STT
2020-03-12 12:30:00,49.18,52.31,48.46,50.12,1352326,STT
2020-03-12 13:30:00,50.14,50.44,49.71,49.76,1426970,STT
2020-03-12 14:30:00,49.77,50.86,49.5,49.92,1878056,STT
2020-03-12 15:30:00,49.93,49.99,47.95,48.11,1091714,STT
2020-03-12 16:00:00,49.93,49.99,47.95,48.12,0,STT
2020-03-12 17:00:00,48.12,48.21,48.12,48.12,0,STT
2020-03-12 18:00:00,48.12,48.12,48.12,48.12,0,STT
2020-03-13 08:00:00,51.04,51.4,51.03,51.4,0,STT
2020-03-13 09:30:00,52.3,53.58,50.51,52.98,931803,STT
2020-03-13 10:30:00,52.98,53.71,51.9,51.9,618990,STT
2020-03-13 11:30:00,51.92,52.23,50.71,51.4,633962,STT
2020-03-13 12:30:00,51.38,54.48,51.38,54.44,421846,STT
2020-03-13 13:30:00,54.49,54.72,53.16,53.28,648554,STT
2020-03-13 14:30:00,53.28,54.55,52.63,54.01,559306,STT
2020-03-13 15:30:00,53.99,58.86,52.67,58.86,1164102,STT
2020-03-13 16:00:00,58.86,58.86,58.61,58.86,0,STT
2020-03-13 17:00:00,58.86,58.86,58.86,58.86,0,STT
2020-03-16 04:00:00,55.86,55.86,52.52,52.52,0,STT
2020-03-16 05:00:00,51.2,51.2,51.2,51.2,0,STT
2020-03-16 06:00:00,49.9,49.9,49.9,49.9,0,STT
2020-03-16 08:00:00,48.6,48.6,48.6,48.6,0,STT
2020-03-16 09:00:00,48.61,48.61,48.61,48.61,0,STT
2020-03-16 09:30:00,48.61,53.25,48.07,53.01,791674,STT
2020-03-16 10:30:00,51.7,56.0,51.45,55.22,1080753,STT
2020-03-16 11:30:00,54.98,56.0,51.0,51.11,1719519,STT
2020-03-16 12:30:00,51.12,51.95,50.04,50.04,1685550,STT
2020-03-16 13:30:00,50.0,50.01,48.77,49.38,1172130,STT
2020-03-16 14:30:00,49.36,50.49,49.08,49.08,1548298,STT
2020-03-16 15:30:00,49.1,49.1,47.72,47.72,1178648,STT
2020-03-16 16:00:00,49.1,50.52,47.72,47.72,0,STT
2020-03-16 17:00:00,47.72,47.72,47.72,47.72,0,STT
2020-03-17 04:00:00,51.4,51.4,51.4,51.4,0,STT
2020-03-17 05:00:00,49.9,49.9,48.6,48.6,0,STT
2020-03-17 08:00:00,49.96,49.96,49.95,49.96,0,STT
2020-03-17 09:30:00,49.16,49.37,45.68,46.86,804331,STT
2020-03-17 10:30:00,46.89,49.0,46.42,48.74,633188,STT
2020-03-17 11:30:00,48.69,50.47,48.03,48.96,504923,STT
2020-03-17 12:30:00,49.01,49.15,47.35,47.55,492996,STT
2020-03-17 13:30:00,47.56,49.5,47.33,49.17,865742,STT
2020-03-17 14:30:00,49.22,50.28,48.87,49.28,506557,STT
2020-03-17 15:30:00,49.26,50.58,49.24,49.92,811732,STT
2020-03-17 16:00:00,49.93,49.93,48.56,49.93,0,STT
2020-03-17 19:00:00,49.5,49.5,49.01,49.01,0,STT
2020-03-18 04:00:00,46.78,46.78,46.78,46.78,0,STT
2020-03-18 06:00:00,46.76,46.76,46.76,46.76,0,STT
2020-03-18 09:00:00,47.1,47.1,46.45,46.45,0,STT
2020-03-18 09:30:00,46.42,50.15,45.92,49.86,578879,STT
2020-03-18 10:30:00,49.85,49.89,47.41,47.91,474674,STT
2020-03-18 11:30:00,47.9,48.79,47.54,48.1,439618,STT
2020-03-18 12:30:00,48.1,48.3,47.0,47.22,421420,STT
2020-03-18 13:30:00,47.15,48.19,46.17,46.46,491867,STT
2020-03-18 14:30:00,46.48,47.43,45.21,45.52,855391,STT
2020-03-18 15:30:00,45.51,46.57,42.1,44.96,1581685,STT
2020-03-18 16:00:00,45.22,46.6,45.2,45.22,0,STT
2020-03-18 17:00:00,46.2,46.2,46.2,46.2,0,STT
2020-03-19 07:00:00,45.2,45.2,45.2,45.2,0,STT
2020-03-19 08:00:00,43.4,43.4,43.4,43.4,0,STT
2020-03-19 09:30:00,44.38,44.68,42.53,44.36,748301,STT
2020-03-19 10:30:00,44.31,47.5,44.15,47.47,486485,STT
2020-03-19 11:30:00,47.37,47.38,44.62,45.15,426199,STT
2020-03-19 12:30:00,45.19,47.47,44.44,46.51,347536,STT
2020-03-19 13:30:00,46.7,47.12,45.77,46.93,315425,STT
2020-03-19 14:30:00,46.86,47.64,45.57,46.56,408174,STT
2020-03-19 15:30:00,46.57,47.47,45.84,46.62,754424,STT
2020-03-19 16:00:00,46.63,46.63,45.69,45.69,0,STT
2020-03-19 17:00:00,46.63,46.63,46.63,46.63,0,STT
2020-03-20 04:00:00,47.68,47.68,47.68,47.68,0,STT
2020-03-20 08:00:00,46.63,46.63,46.63,46.63,0,STT
2020-03-20 09:30:00,47.84,50.0,45.99,48.45,944178,STT
2020-03-20 10:30:00,48.53,49.04,46.25,46.98,357665,STT
2020-03-20 11:30:00,46.93,47.6,46.46,46.91,381297,STT
2020-03-20 12:30:00,46.91,48.72,46.91,47.53,355849,STT
2020-03-20 13:30:00,47.58,48.02,46.39,46.47,381650,STT
2020-03-20 14:30:00,46.51,47.31,45.82,46.81,473703,STT
2020-03-20 15:30:00,46.83,47.31,46.17,46.8,702664,STT
2020-03-20 16:00:00,46.67,48.44,46.67,48.44,0,STT
2020-03-20 17:00:00,46.67,46.67,46.67,46.67,0,STT
2020-03-23 08:00:00,47.5,47.5,47.5,47.5,0,STT
2020-03-23 09:00:00,47.99,48.0,46.5,48.0,0,STT
2020-03-23 09:30:00,46.32,46.98,45.04,46.34,437982,STT
2020-03-23 10:30:00,46.31,46.61,44.71,44.74,386005,STT
2020-03-23 11:30:00,44.73,45.34,43.36,44.11,434109,STT
2020-03-23 12:30:00,44.11,46.14,43.78,44.62,487916,STT
2020-03-23 13:30:00,44.47,45.04,42.9,43.76,482116,STT
2020-03-23 14:30:00,43.79,45.06,43.35,43.67,521846,STT
2020-03-23 15:30:00,43.7,44.04,43.07,43.22,843207,STT
2020-03-23 16:00:00,43.23,43.23,43.21,43.21,0,STT
2020-03-23 17:00:00,43.21,43.21,43.21,43.21,0,STT
2020-03-23 19:00:00,43.21,44.89,43.21,44.89,0,STT
2020-03-24 04:00:00,44.94,44.94,44.94,44.94,0,STT
2020-03-24 07:00:00,45.01,45.01,45.01,45.01,0,STT
2020-03-24 09:00:00,45.0,45.86,45.0,45.86,0,STT
2020-03-24 09:30:00,46.41,47.03,45.22,46.87,578837,STT
2020-03-24 10:30:00,46.83,47.65,46.22,47.44,333812,STT
2020-03-24 11:30:00,47.47,48.74,47.25,48.69,298153,STT
2020-03-24 12:30:00,48.7,49.02,47.77,48.17,203063,STT
2020-03-24 13:30:00,48.24,48.33,47.47,48.13,326760,STT
2020-03-24 14:30:00,48.12,49.3,47.95,48.82,333448,STT
2020-03-24 15:30:00,48.85,49.21,48.02,48.57,723879,STT
2020-03-24 16:00:00,48.57,48.57,48.57,48.57,0,STT
2020-03-24 18:00:00,48.57,48.57,48.57,48.57,0,STT
2020-03-25 08:00:00,48.6,48.6,48.6,48.6,0,STT
2020-03-25 09:00:00,49.06,49.06,49.06,49.06,0,STT
2020-03-25 09:30:00,50.0,50.0,45.19,46.05,665878,STT
2020-03-25 10:30:00,46.22,48.02,46.11,47.71,491261,STT
2020-03-25 11:30:00,47.63,47.87,46.85,47.71,270786,STT
2020-03-25 12:30:00,47.65,50.36,47.54,50.25,564580,STT
2020-03-25 13:30:00,50.21,51.71,49.92,51.01,541165,STT
2020-03-25 14:30:00,50.93,51.37,50.45,50.67,553360,STT
2020-03-25 15:30:00,50.68,51.32,49.07,49.37,604971,STT
2020-03-25 16:00:00,49.38,50.34,48.29,49.38,0,STT
2020-03-26 04:00:00,48.39,48.39,48.39,48.39,0,STT
2020-03-26 09:30:00,49.93,49.93,48.17,48.87,493655,STT
2020-03-26 10:30:00,48.9,49.59,48.4,49.02,718045,STT
2020-03-26 11:30:00,49.05,49.61,49.0,49.26,439254,STT
2020-03-26 12:30:00,49.26,49.46,48.15,48.16,490526,STT
2020-03-26 13:30:00,48.15,49.11,47.8,48.95,489975,STT
2020-03-26 14:30:00,49.0,49.43,48.87,49.39,707820,STT
2020-03-26 15:30:00,49.4,49.95,48.96,49.39,1221347,STT
2020-03-26 16:00:00,49.36,49.42,49.17,49.42,0,STT
2020-03-26 17:00:00,49.42,49.42,49.42,49.42,0,STT
2020-03-26 19:00:00,49.55,49.55,49.55,49.55,0,STT
2020-03-27 09:30:00,47.21,48.1,46.15,47.77,881910,STT
2020-03-27 10:30:00,47.42,48.38,47.04,48.01,679215,STT
2020-03-27 11:30:00,48.04,48.53,47.56,48.27,793861,STT
2020-03-27 12:30:00,48.26,48.97,48.22,48.57,879974,STT
2020-03-27 13:30:00,48.62,49.24,48.5,48.75,612948,STT
2020-03-27 14:30:00,48.74,50.17,48.62,49.9,1042350,STT
2020-03-27 15:30:00,49.87,49.9,48.11,48.64,805527,STT
2020-03-27 16:00:00,49.87,49.9,48.11,48.66,0,STT
2020-03-30 07:00:00,48.75,48.75,48.75,48.75,0,STT
2020-03-30 08:00:00,48.66,48.66,48.66,48.66,0,STT
2020-03-30 09:30:00,48.05,49.45,47.68,48.67,506263,STT
2020-03-30 10:30:00,48.68,50.06,48.67,49.81,293091,STT
2020-03-30 11:30:00,49.79,50.07,49.42,49.96,288982,STT
2020-03-30 12:30:00,49.94,49.98,49.6,49.86,183707,STT
2020-03-30 13:30:00,49.86,50.03,49.22,49.8,289151,STT
2020-03-30 14:30:00,49.77,51.37,49.75,50.54,356950,STT
2020-03-30 15:30:00,50.48,52.18,50.12,51.78,714284,STT
2020-03-30 16:00:00,51.77,51.77,50.17,51.77,0,STT
2020-03-31 09:30:00,51.25,53.45,50.92,53.28,832356,STT
2020-03-31 10:30:00,51.6,53.83,51.58,53.33,1014912,STT
2020-03-31 11:30:00,53.41,54.09,53.38,53.65,838702,STT
2020-03-31 12:30:00,53.68,53.7,52.52,52.55,879516,STT
2020-03-31 13:30:00,52.55,53.26,52.47,53.12,776476,STT
2020-03-31 14:30:00,53.09,53.46,52.79,53.05,2179902,STT
2020-03-31 15:30:00,53.05,54.08,52.63,53.24,1347894,STT
2020-03-31 16:00:00,53.05,54.08,52.64,52.98,0,STT
2020-03-31 17:00:00,53.15,53.27,52.98,52.98,0,STT
2020-03-31 18:00:00,52.5,52.5,52.5,52.5,0,STT
2020-03-31 19:00:00,52.4,52.4,52.15,52.15,0,STT
2020-04-01 04:00:00,51.55,51.55,51.55,51.55,0,STT
2020-04-01 07:00:00,50.65,50.65,50.65,50.65,0,STT
2020-04-01 08:00:00,50.6,50.6,50.6,50.6,0,STT
2020-04-01 09:00:00,50.0,53.27,50.0,53.27,0,STT
2020-04-01 09:30:00,50.05,50.84,49.16,50.31,2847306,STT
2020-04-01 10:30:00,50.3,50.72,49.53,49.6,421783,STT
2020-04-01 11:30:00,49.6,50.07,49.46,49.88,347799,STT
2020-04-01 12:30:00,49.89,50.2,49.58,50.19,427342,STT
2020-04-01 13:30:00,50.15,50.85,49.98,50.37,242948,STT
2020-04-01 14:30:00,50.33,50.52,50.09,50.24,518812,STT
2020-04-01 15:30:00,50.24,50.68,50.07,50.39,683955,STT
2020-04-01 16:00:00,50.4,50.58,50.1,50.4,0,STT
2020-04-01 17:00:00,50.4,50.92,50.4,50.92,0,STT
2020-04-01 18:00:00,50.92,50.92,50.92,50.92,0,STT
2020-04-01 19:00:00,50.92,50.93,50.92,50.93,0,STT
2020-04-02 08:00:00,51.57,51.57,50.51,50.51,0,STT
2020-04-02 09:30:00,50.15,51.59,50.08,51.53,310218,STT
2020-04-02 10:30:00,51.46,52.88,50.77,51.21,446770,STT
2020-04-02 11:30:00,51.16,52.37,51.14,51.91,290558,STT
2020-04-02 12:30:00,51.95,52.02,51.07,51.09,198698,STT
2020-04-02 13:30:00,51.08,51.46,50.65,51.08,308910,STT
2020-04-02 14:30:00,51.03,51.89,50.91,51.72,382477,STT
2020-04-02 15:30:00,51.72,52.61,51.55,52.46,387588,STT
2020-04-02 16:00:00,52.42,52.42,52.42,52.42,0,STT
2020-04-03 09:30:00,52.1,53.36,51.71,52.48,403114,STT
2020-04-03 10:30:00,52.8,53.25,51.77,52.05,437074,STT
2020-04-03 11:30:00,52.03,52.4,51.13,51.32,337396,STT
2020-04-03 12:30:00,51.27,51.75,50.99,51.07,354882,STT
2020-04-03 13:30:00,51.03,51.46,50.86,51.46,341552,STT
2020-04-03 14:30:00,51.42,52.12,51.17,51.83,612548,STT
2020-04-03 15:30:00,51.83,52.59,51.37,52.17,443919,STT
2020-04-03 16:00:00,51.83,52.59,51.37,52.16,0,STT
2020-04-03 17:00:00,52.16,52.4,52.16,52.4,0,STT
2020-04-06 04:00:00,54.12,54.3,54.12,54.3,0,STT
2020-04-06 07:00:00,54.26,54.26,54.26,54.26,0,STT
2020-04-06 08:00:00,54.8,54.8,54.78,54.79,0,STT
2020-04-06 09:30:00,54.86,55.7,53.99,54.14,334592,STT
2020-04-06 10:30:00,54.13,54.21,53.58,54.02,165938,STT
2020-04-06 11:30:00,54.03,54.86,53.94,54.64,188367,STT
2020-04-06 12:30:00,54.63,54.68,54.04,54.41,163874,STT
2020-04-06 13:30:00,54.41,55.11,54.09,54.28,308989,STT
2020-04-06 14:30:00,54.33,54.76,54.06,54.67,230133,STT
2020-04-06 15:30:00,54.66,56.02,54.62,55.54,567295,STT
2020-04-06 16:00:00,55.55,55.55,55.55,55.55,0,STT
2020-04-07 04:00:00,56.1,56.1,56.1,56.1,0,STT
2020-04-07 06:00:00,57.4,57.4,57.4,57.4,0,STT
2020-04-07 09:00:00,55.55,55.55,55.55,55.55,0,STT
2020-04-07 09:30:00,58.64,59.12,56.62,56.79,361678,STT
2020-04-07 10:30:00,56.72,58.29,56.72,58.15,272170,STT
2020-04-07 11:30:00,58.15,58.84,57.94,58.69,236661,STT
2020-04-07 12:30:00,58.76,58.92,58.22,58.65,191212,STT
2020-04-07 13:30:00,58.66,58.9,57.35,57.58,267766,STT
2020-04-07 14:30:00,57.64,57.82,56.55,56.72,298134,STT
2020-04-07 15:30:00,56.72,57.37,55.96,56.13,666948,STT
2020-04-07 16:00:00,56.11,56.13,56.11,56.13,0,STT
2020-04-07 18:00:00,52.43,52.43,52.43,52.43,0,STT
2020-04-08 09:30:00,56.67,57.21,56.09,56.45,319910,STT
2020-04-08 10:30:00,56.65,57.6,56.09,57.56,659102,STT
2020-04-08 11:30:00,57.56,57.69,56.77,57.21,667904,STT
2020-04-08 12:30:00,57.2,57.3,56.58,56.81,406812,STT
2020-04-08 13:30:00,56.82,56.88,56.12,56.72,475032,STT
2020-04-08 14:30:00,56.73,57.55,56.57,57.5,589160,STT
2020-04-08 15:30:00,57.52,59.0,57.49,58.54,658134,STT
2020-04-08 16:00:00,57.52,59.0,57.49,58.56,0,STT
2020-04-09 08:00:00,59.62,59.62,59.62,59.62,0,STT
2020-04-09 09:30:00,60.18,61.28,59.84,60.49,339432,STT
2020-04-09 10:30:00,60.53,61.18,60.19,60.79,226286,STT
2020-04-09 11:30:00,60.78,61.77,60.56,61.31,164509,STT
2020-04-09 12:30:00,61.29,62.4,61.29,62.26,250699,STT
2020-04-09 13:30:00,62.34,62.51,60.92,60.92,527973,STT
2020-04-09 14:30:00,60.95,61.21,60.03,61.19,468809,STT
2020-04-09 15:30:00,61.23,61.41,60.71,60.95,555267,STT
2020-04-09 16:00:00,60.95,60.95,60.95,60.95,0,STT
2020-04-13 07:00:00,61.0,61.0,61.0,61.0,0,STT
2020-04-13 09:00:00,61.13,61.13,61.13,61.13,0,STT
2020-04-13 09:30:00,61.0,61.21,58.46,58.83,269303,STT
2020-04-13 10:30:00,58.74,59.31,58.34,59.31,226861,STT
2020-04-13 11:30:00,59.27,59.83,59.01,59.57,142719,STT
2020-04-13 12:30:00,59.53,59.65,59.15,59.4,166913,STT
2020-04-13 13:30:00,59.37,59.83,59.31,59.5,142428,STT
2020-04-13 14:30:00,59.57,59.83,59.04,59.61,198450,STT
2020-04-13 15:30:00,59.63,60.27,59.41,59.44,463682,STT
2020-04-13 16:00:00,59.44,59.44,59.44,59.44,0,STT
2020-04-13 17:00:00,59.44,59.44,59.44,59.44,0,STT
2020-04-13 18:00:00,59.44,59.44,59.44,59.44,0,STT
2020-04-14 09:30:00,61.05,61.89,60.49,61.2,593554,STT
2020-04-14 10:30:00,61.48,61.75,59.14,59.66,774818,STT
2020-04-14 11:30:00,59.68,60.51,59.48,60.04,332572,STT
2020-04-14 12:30:00,60.11,60.33,59.77,60.06,274130,STT
2020-04-14 13:30:00,60.08,60.97,60.08,60.73,522700,STT
2020-04-14 14:30:00,60.8,60.8,60.0,60.28,277342,STT
2020-04-14 15:30:00,60.26,60.8,60.23,60.62,281166,STT
2020-04-14 16:00:00,60.26,60.8,60.23,60.61,0,STT
2020-04-15 08:00:00,59.22,59.22,59.22,59.22,0,STT
2020-04-15 09:00:00,59.21,59.21,58.4,58.4,0,STT
2020-04-15 09:30:00,57.64,58.74,57.35,57.59,364942,STT
2020-04-15 10:30:00,57.54,58.18,57.25,57.46,219436,STT
2020-04-15 11:30:00,57.47,57.6,57.1,57.49,201406,STT
2020-04-15 12:30:00,57.46,57.95,57.39,57.58,123260,STT
2020-04-15 13:30:00,57.62,57.67,57.11,57.4,224859,STT
2020-04-15 14:30:00,57.41,57.93,57.19,57.31,179011,STT
2020-04-15 15:30:00,57.28,57.32,56.9,57.09,362553,STT
2020-04-15 16:00:00,57.09,57.09,57.07,57.07,0,STT
2020-04-15 18:00:00,57.07,57.07,57.07,57.07,0,STT
2020-04-16 09:00:00,57.5,57.5,57.5,57.5,0,STT
2020-04-16 09:30:00,57.51,59.07,57.08,57.64,386168,STT
2020-04-16 10:30:00,57.64,58.54,57.53,57.9,293820,STT
2020-04-16 11:30:00,57.86,58.34,57.57,57.96,189426,STT
2020-04-16 12:30:00,57.96,58.4,57.82,58.4,165445,STT
2020-04-16 13:30:00,58.38,58.72,58.03,58.66,237005,STT
2020-04-16 14:30:00,58.65,58.99,58.13,58.35,395253,STT
2020-04-16 15:30:00,58.37,58.73,58.22,58.34,390926,STT
2020-04-16 16:00:00,58.5,58.5,58.27,58.5,0,STT
2020-04-16 17:00:00,58.71,61.0,58.71,61.0,0,STT
2020-04-16 18:00:00,61.0,61.3,61.0,61.3,0,STT
2020-04-16 19:00:00,61.0,61.0,60.0,60.0,0,STT
2020-04-17 07:00:00,61.35,61.35,61.35,61.35,0,STT
2020-04-17 08:00:00,62.6,63.9,62.6,63.9,0,STT
2020-04-17 09:00:00,63.75,63.75,63.0,63.0,0,STT
2020-04-17 09:30:00,61.94,61.96,59.07,59.07,806472,STT
2020-04-17 10:30:00,59.07,59.27,57.18,58.6,905361,STT
2020-04-17 11:30:00,58.6,58.98,57.82,57.85,336090,STT
2020-04-17 12:30:00,57.87,58.49,57.53,57.55,289297,STT
2020-04-17 13:30:00,57.55,57.63,56.69,57.27,567847,STT
2020-04-17 14:30:00,57.26,57.79,57.13,57.64,514612,STT
2020-04-17 15:30:00,57.63,58.69,57.59,58.52,662550,STT
2020-04-17 16:00:00,58.49,58.49,58.21,58.21,0,STT
2020-04-17 17:00:00,58.49,58.49,58.49,58.49,0,STT
2020-04-17 18:00:00,58.68,58.68,58.5,58.5,0,STT
2020-04-20 09:30:00,57.54,58.88,56.65,58.7,484624,STT
2020-04-20 10:30:00,57.63,59.61,57.54,59.51,628108,STT
2020-04-20 11:30:00,59.51,59.52,58.35,58.54,456348,STT
2020-04-20 12:30:00,58.56,58.98,58.38,58.71,743990,STT
2020-04-20 13:30:00,58.67,58.81,57.79,57.79,419918,STT
2020-04-20 14:30:00,57.83,58.03,57.39,57.56,648624,STT
2020-04-20 15:30:00,57.56,58.38,57.51,58.08,350299,STT
2020-04-20 16:00:00,57.56,58.38,57.51,58.33,0,STT
2020-04-21 06:00:00,57.1,57.1,57.1,57.1,0,STT
2020-04-21 09:30:00,56.44,57.51,55.6,56.8,332261,STT
2020-04-21 10:30:00,56.83,56.92,55.95,56.04,225152,STT
2020-04-21 11:30:00,56.14,56.37,55.65,55.73,301472,STT
2020-04-21 12:30:00,55.72,55.81,55.21,55.36,427694,STT
2020-04-21 13:30:00,55.34,55.4,54.6,54.68,314258,STT
2020-04-21 14:30:00,54.67,55.74,54.6,55.6,612849,STT
2020-04-21 15:30:00,55.59,56.18,55.49,55.99,682850,STT
2020-04-21 16:00:00,55.99,55.99,55.99,55.99,0,STT
2020-04-22 09:30:00,57.43,57.87,56.85,57.51,490032,STT
2020-04-22 10:30:00,57.49,57.89,57.07,57.19,712992,STT
2020-04-22 11:30:00,57.15,57.63,57.13,57.61,238566,STT
2020-04-22 12:30:00,57.6,57.72,57.01,57.27,192550,STT
2020-04-22 13:30:00,57.32,57.53,57.24,57.33,336840,STT
2020-04-22 14:30:00,57.34,57.88,57.34,57.6,332242,STT
2020-04-22 15:30:00,57.6,58.11,57.38,57.46,317656,STT
2020-04-22 16:00:00,57.6,58.11,57.38,57.5,0,STT
2020-04-23 09:00:00,57.47,57.47,57.47,57.47,0,STT
2020-04-23 09:30:00,57.6,58.17,57.45,57.9,189050,STT
2020-04-23 10:30:00,57.92,58.66,57.87,58.36,147538,STT
2020-04-23 11:30:00,58.33,58.37,58.11,58.31,147010,STT
2020-04-23 12:30:00,58.3,58.49,57.31,57.44,318640,STT
2020-04-23 13:30:00,57.42,57.69,56.83,57.32,145409,STT
2020-04-23 14:30:00,57.33,57.49,57.0,57.34,204110,STT
2020-04-23 15:30:00,57.33,57.53,57.01,57.04,186500,STT
2020-04-23 16:00:00,57.01,57.05,57.01,57.05,0,STT
2020-04-23 17:00:00,57.1,57.1,57.1,57.1,0,STT
2020-04-24 09:30:00,57.84,58.06,57.1,57.29,182174,STT
2020-04-24 10:30:00,57.18,57.54,56.81,56.94,286184,STT
2020-04-24 11:30:00,56.94,57.06,56.65,56.75,175148,STT
2020-04-24 12:30:00,56.76,57.02,56.64,56.9,188150,STT
2020-04-24 13:30:00,56.9,57.34,56.87,57.28,271652,STT
2020-04-24 14:30:00,57.27,57.97,57.25,57.85,386152,STT
2020-04-24 15:30:00,57.85,57.95,57.26,57.41,437696,STT
2020-04-24 16:00:00,57.85,57.95,57.26,57.36,0,STT
2020-04-27 09:00:00,57.82,58.49,57.82,58.49,0,STT
2020-04-27 09:30:00,58.02,59.18,57.73,59.06,210536,STT
2020-04-27 10:30:00,59.05,60.22,58.9,60.21,326611,STT
2020-04-27 11:30:00,60.18,60.56,60.08,60.17,184546,STT
2020-04-27 12:30:00,60.2,60.55,60.09,60.53,143382,STT
2020-04-27 13:30:00,60.53,61.17,60.51,61.17,404240,STT
2020-04-27 14:30:00,61.2,61.36,61.04,61.14,282027,STT
2020-04-27 15:30:00,61.17,61.53,61.13,61.29,418694,STT
2020-04-27 16:00:00,61.29,61.29,60.55,61.29,0,STT
2020-04-28 07:00:00,62.6,62.6,62.6,62.6,0,STT
2020-04-28 09:30:00,63.2,64.0,62.92,63.08,403367,STT
2020-04-28 10:30:00,63.08,63.25,62.1,62.29,343440,STT
2020-04-28 11:30:00,62.29,62.73,61.81,62.65,469594,STT
2020-04-28 12:30:00,62.64,63.39,62.63,63.26,363933,STT
2020-04-28 13:30:00,63.25,63.45,63.0,63.04,285719,STT
2020-04-28 14:30:00,63.06,63.21,62.73,63.12,348114,STT
2020-04-28 15:30:00,63.11,63.13,62.66,62.76,596670,STT
2020-04-28 16:00:00,62.75,62.96,62.75,62.75,0,STT
2020-04-29 05:00:00,63.9,63.9,63.9,63.9,0,STT
2020-04-29 08:00:00,63.75,63.75,63.75,63.75,0,STT
2020-04-29 09:00:00,64.74,64.75,64.74,64.75,0,STT
2020-04-29 09:30:00,65.01,65.22,63.95,64.49,352965,STT
2020-04-29 10:30:00,64.51,65.57,64.46,65.32,181976,STT
2020-04-29 11:30:00,65.32,65.63,65.06,65.44,184985,STT
2020-04-29 12:30:00,65.45,66.09,65.45,65.7,177674,STT
2020-04-29 13:30:00,65.69,65.69,64.79,65.18,260153,STT
2020-04-29 14:30:00,65.18,65.47,65.03,65.19,227055,STT
2020-04-29 15:30:00,65.2,65.29,64.37,64.47,369236,STT
2020-04-29 16:00:00,64.46,64.88,64.46,64.46,0,STT
2020-04-30 09:00:00,63.6,63.6,62.75,62.75,0,STT
2020-04-30 09:30:00,63.05,63.31,62.1,62.65,313651,STT
2020-04-30 10:30:00,62.65,62.92,62.37,62.46,314010,STT
2020-04-30 11:30:00,62.46,62.63,62.19,62.61,379751,STT
2020-04-30 12:30:00,62.6,62.93,62.4,62.78,232073,STT
2020-04-30 13:30:00,62.77,62.85,62.46,62.83,207453,STT
2020-04-30 14:30:00,62.82,63.31,62.77,63.22,321236,STT
2020-04-30 15:30:00,63.22,63.3,62.95,63.06,460087,STT
2020-04-30 16:00:00,63.04,63.04,62.65,63.04,0,STT
2020-05-01 07:00:00,61.0,61.0,61.0,61.0,0,STT
2020-05-01 09:30:00,61.46,61.46,60.21,60.4,241649,STT
2020-05-01 10:30:00,60.43,60.7,60.19,60.3,235560,STT
2020-05-01 11:30:00,60.3,60.4,59.55,59.71,193154,STT
2020-05-01 12:30:00,59.69,59.77,59.15,59.33,144611,STT
2020-05-01 13:30:00,59.32,59.56,58.81,59.08,207149,STT
2020-05-01 14:30:00,59.09,59.38,58.78,59.25,200552,STT
2020-05-01 15:30:00,59.27,59.31,58.85,59.08,292351,STT
2020-05-01 16:00:00,59.08,59.08,59.08,59.08,0,STT
2020-05-04 04:00:00,58.4,58.4,58.4,58.4,0,STT
2020-05-04 09:30:00,58.0,58.5,57.34,58.11,462191,STT
2020-05-04 10:30:00,58.03,58.41,57.72,57.72,285148,STT
2020-05-04 11:30:00,57.73,58.26,57.68,58.24,178166,STT
2020-05-04 12:30:00,58.25,58.43,57.74,57.95,149811,STT
2020-05-04 13:30:00,57.96,58.37,57.95,58.07,164197,STT
2020-05-04 14:30:00,58.07,58.48,57.96,58.42,388470,STT
2020-05-04 15:30:00,58.42,58.57,58.34,58.41,427425,STT
2020-05-04 16:00:00,58.4,58.4,58.23,58.4,0,STT
2020-05-04 17:00:00,58.4,58.4,58.4,58.4,0,STT
2020-05-05 09:30:00,59.38,60.03,59.06,59.22,370864,STT
2020-05-05 10:30:00,59.76,60.03,58.89,59.39,638796,STT
2020-05-05 11:30:00,59.4,59.42,59.13,59.2,406026,STT
2020-05-05 12:30:00,59.18,59.26,58.59,58.66,340040,STT
2020-05-05 13:30:00,58.71,58.92,58.65,58.84,308436,STT
2020-05-05 14:30:00,58.83,59.0,58.25,58.34,480126,STT
2020-05-05 15:30:00,58.34,58.44,58.05,58.08,448924,STT
2020-05-05 16:00:00,58.34,58.82,58.05,58.08,0,STT
2020-05-06 09:30:00,58.61,59.01,56.49,57.07,564382,STT
2020-05-06 10:30:00,57.35,57.38,56.41,56.62,781842,STT
2020-05-06 11:30:00,56.64,56.99,56.16,56.94,349122,STT
2020-05-06 12:30:00,56.96,57.19,56.51,56.78,337358,STT
2020-05-06 13:30:00,56.78,57.09,56.52,56.74,337994,STT
2020-05-06 14:30:00,56.65,57.38,56.63,57.16,532516,STT
2020-05-06 15:30:00,57.14,57.14,56.32,56.34,623119,STT
2020-05-06 16:00:00,57.14,57.14,56.32,56.33,0,STT
2020-05-07 09:30:00,57.4,59.08,57.1,58.61,367919,STT
2020-05-07 10:30:00,58.98,59.11,58.23,58.86,357829,STT
2020-05-07 11:30:00,58.87,59.49,58.87,59.08,218640,STT
2020-05-07 12:30:00,59.08,59.15,58.47,58.57,275588,STT
2020-05-07 13:30:00,58.59,58.77,58.39,58.44,293484,STT
2020-05-07 14:30:00,58.47,58.54,57.84,58.13,641736,STT
2020-05-07 15:30:00,58.14,58.3,57.93,58.24,284797,STT
2020-05-07 16:00:00,58.14,58.43,57.93,58.24,0,STT
2020-05-08 09:30:00,59.73,59.76,59.03,59.05,282364,STT
2020-05-08 10:30:00,59.44,59.76,58.78,59.72,544324,STT
2020-05-08 11:30:00,59.72,59.73,59.16,59.26,316052,STT
2020-05-08 12:30:00,59.26,59.52,59.24,59.46,237180,STT
2020-05-08 13:30:00,59.47,59.74,59.26,59.69,268394,STT
2020-05-08 14:30:00,59.7,59.92,59.5,59.9,365662,STT
2020-05-08 15:30:00,59.91,60.32,59.88,60.2,318841,STT
2020-05-08 16:00:00,59.91,60.32,59.68,60.22,0,STT
2020-05-11 09:30:00,59.24,59.45,58.66,59.29,417344,STT
2020-05-11 10:30:00,59.13,59.39,58.94,59.15,498644,STT
2020-05-11 11:30:00,59.15,59.47,59.14,59.47,252188,STT
2020-05-11 12:30:00,59.47,59.77,59.44,59.61,281996,STT
2020-05-11 13:30:00,59.66,59.76,59.1,59.14,284490,STT
2020-05-11 14:30:00,59.19,59.49,59.15,59.44,359564,STT
2020-05-11 15:30:00,59.43,59.46,58.74,58.77,425940,STT
2020-05-11 16:00:00,59.43,59.46,58.74,58.8,0,STT
2020-05-11 17:00:00,58.76,58.76,58.76,58.76,0,STT
2020-05-12 09:30:00,58.81,59.25,57.69,57.72,446904,STT
2020-05-12 10:30:00,58.23,58.35,57.46,58.08,788270,STT
2020-05-12 11:30:00,58.1,58.21,57.93,58.16,372276,STT
2020-05-12 12:30:00,58.14,58.2,57.1,57.11,414240,STT
2020-05-12 13:30:00,57.11,57.15,56.67,56.74,353234,STT
2020-05-12 14:30:00,56.72,57.45,56.63,57.06,603706,STT
2020-05-12 15:30:00,57.06,57.11,56.29,56.29,608982,STT
2020-05-12 16:00:00,57.06,57.23,56.29,56.33,0,STT
2020-05-12 17:00:00,56.33,56.33,56.0,56.0,0,STT
2020-05-12 19:00:00,56.33,56.33,55.8,55.8,0,STT
2020-05-13 08:00:00,57.39,57.5,57.39,57.5,0,STT
2020-05-13 09:00:00,57.5,57.5,56.13,56.13,0,STT
2020-05-13 09:30:00,56.0,56.18,54.16,54.55,348908,STT
2020-05-13 10:30:00,54.55,54.82,53.65,53.83,193454,STT
2020-05-13 11:30:00,53.84,53.98,53.29,53.67,224754,STT
2020-05-13 12:30:00,53.69,53.98,53.28,53.74,258130,STT
2020-05-13 13:30:00,53.75,53.87,53.3,53.53,190564,STT
2020-05-13 14:30:00,53.56,53.72,53.18,53.19,237466,STT
2020-05-13 15:30:00,53.18,53.39,53.03,53.3,590045,STT
2020-05-13 16:00:00,53.27,53.69,53.27,53.27,0,STT
2020-05-13 17:00:00,53.27,53.27,53.27,53.27,0,STT
2020-05-14 08:00:00,52.0,52.0,52.0,52.0,0,STT
2020-05-14 09:00:00,51.92,51.92,51.5,51.5,0,STT
2020-05-14 09:30:00,52.21,52.53,51.21,52.22,382214,STT
2020-05-14 10:30:00,52.19,54.27,52.19,53.52,400518,STT
2020-05-14 11:30:00,53.53,54.27,52.86,53.99,369782,STT
2020-05-14 12:30:00,53.98,54.88,53.7,54.85,0,STT
2020-05-14 13:30:00,54.83,54.99,53.98,54.31,785419,STT
2020-05-14 14:30:00,54.33,54.67,53.95,54.53,235737,STT
2020-05-14 15:30:00,54.52,54.73,54.25,54.68,367230,STT
2020-05-14 16:00:00,54.7,54.72,54.7,54.7,0,STT
2020-05-14 17:00:00,54.7,54.7,54.7,54.7,0,STT
2020-05-15 09:30:00,53.84,54.84,53.39,54.69,535190,STT
2020-05-15 10:30:00,53.94,54.87,53.64,54.4,695936,STT
2020-05-15 11:30:00,54.38,54.76,54.13,54.65,270672,STT
2020-05-15 12:30:00,54.64,54.91,54.49,54.7,218836,STT
2020-05-15 13:30:00,54.7,55.09,54.58,54.9,273344,STT
2020-05-15 14:30:00,54.91,54.91,54.33,54.39,416854,STT
2020-05-15 15:30:00,54.41,54.43,54.11,54.42,280757,STT
2020-05-15 16:00:00,54.41,54.43,54.11,54.41,0,STT
2020-05-18 08:00:00,56.1,56.11,56.1,56.11,0,STT
2020-05-18 09:30:00,56.31,57.52,55.97,56.47,421673,STT
2020-05-18 10:30:00,56.49,57.64,56.47,57.51,283238,STT
2020-05-18 11:30:00,57.52,57.71,57.3,57.67,324590,STT
2020-05-18 12:30:00,57.63,58.5,57.58,58.24,193184,STT
2020-05-18 13:30:00,58.26,58.33,57.86,58.11,274916,STT
2020-05-18 14:30:00,58.09,58.79,58.09,58.61,275855,STT
2020-05-18 15:30:00,58.62,58.84,58.39,58.45,511339,STT
2020-05-18 16:00:00,58.46,58.46,58.46,58.46,0,STT
2020-05-18 17:00:00,58.46,58.46,58.46,58.46,0,STT
2020-05-19 09:30:00,57.99,58.3,56.82,57.97,401093,STT
2020-05-19 10:30:00,57.4,58.3,57.32,58.21,462583,STT
2020-05-19 11:30:00,58.19,58.42,57.98,57.99,214878,STT
2020-05-19 12:30:00,58.0,58.01,57.71,57.84,313542,STT
2020-05-19 13:30:00,57.78,58.05,57.65,57.87,400706,STT
2020-05-19 14:30:00,57.91,58.07,57.17,57.45,650232,STT
2020-05-19 15:30:00,57.4,57.45,56.69,56.73,337740,STT
2020-05-19 16:00:00,57.4,57.5,56.69,56.74,0,STT
2020-05-20 08:00:00,56.74,56.74,56.74,56.74,0,STT
2020-05-20 09:30:00,57.6,58.86,57.6,58.63,179789,STT
2020-05-20 10:30:00,58.64,58.76,58.17,58.53,164129,STT
2020-05-20 11:30:00,58.54,58.73,58.28,58.35,194826,STT
2020-05-20 12:30:00,58.37,58.6,58.2,58.23,183435,STT
2020-05-20 13:30:00,58.24,58.47,58.13,58.31,212109,STT
2020-05-20 14:30:00,58.29,58.71,58.29,58.64,276749,STT
2020-05-20 15:30:00,58.64,58.64,58.22,58.4,443911,STT
2020-05-20 16:00:00,58.38,58.4,58.38,58.38,0,STT
2020-05-21 08:00:00,58.0,58.0,58.0,58.0,0,STT
2020-05-21 09:30:00,58.04,58.87,57.84,58.74,189442,STT
2020-05-21 10:30:00,58.73,58.73,58.06,58.17,148499,STT
2020-05-21 11:30:00,58.2,58.67,58.2,58.6,131982,STT
2020-05-21 12:30:00,58.6,58.6,58.19,58.31,204565,STT
2020-05-21 13:30:00,58.32,58.47,58.19,58.4,120673,STT
2020-05-21 14:30:00,58.42,58.45,58.0,58.12,248179,STT
2020-05-21 15:30:00,58.11,58.21,57.86,58.13,362172,STT
2020-05-21 16:00:00,58.11,58.22,56.72,58.09,0,STT
2020-05-21 17:00:00,56.95,58.09,56.95,56.95,0,STT
2020-05-21 18:00:00,56.95,56.95,56.95,56.95,0,STT
2020-05-21 19:00:00,56.95,56.95,56.93,56.95,0,STT
2020-05-22 07:00:00,57.0,57.0,57.0,57.0,0,STT
2020-05-22 08:00:00,57.0,57.0,56.99,56.99,0,STT
2020-05-22 09:00:00,56.86,56.86,56.85,56.85,0,STT
2020-05-22 09:30:00,55.92,56.63,55.15,55.42,875899,STT
2020-05-22 10:30:00,55.45,55.78,54.26,54.76,504659,STT
2020-05-22 11:30:00,54.75,55.4,54.7,55.39,298832,STT
2020-05-22 12:30:00,55.41,55.96,55.4,55.95,237528,STT
2020-05-22 13:30:00,55.95,56.04,55.72,55.84,394117,STT
2020-05-22 14:30:00,55.83,55.89,55.49,55.53,290643,STT
2020-05-22 15:30:00,55.53,55.57,55.22,55.31,707877,STT
2020-05-22 16:00:00,55.3,55.32,55.3,55.32,0,STT
2020-05-22 18:00:00,55.45,55.45,55.45,55.45,0,STT
2020-05-26 04:00:00,56.18,56.18,56.18,56.18,0,STT
2020-05-26 07:00:00,56.84,56.84,56.84,56.84,0,STT
2020-05-26 08:00:00,56.84,56.84,56.84,56.84,0,STT
2020-05-26 09:00:00,57.14,57.39,57.14,57.39,0,STT
2020-05-26 09:30:00,57.67,59.7,57.45,59.69,599669,STT
2020-05-26 10:30:00,59.66,60.31,59.35,59.51,456770,STT
2020-05-26 11:30:00,59.52,59.91,59.44,59.69,630673,STT
2020-05-26 12:30:00,59.68,60.85,59.59,60.8,464895,STT
2020-05-26 13:30:00,60.83,61.15,60.55,60.99,252922,STT
2020-05-26 14:30:00,60.98,61.32,60.74,61.24,301822,STT
2020-05-26 15:30:00,61.24,61.26,60.22,60.52,577334,STT
2020-05-26 16:00:00,60.52,60.52,60.52,60.52,0,STT
2020-05-27 07:00:00,62.6,62.6,62.6,62.6,0,STT
2020-05-27 08:00:00,63.89,63.89,63.88,63.88,0,STT
2020-05-27 09:30:00,63.68,64.33,62.77,63.29,505178,STT
2020-05-27 10:30:00,63.28,63.55,62.56,63.41,320968,STT
2020-05-27 11:30:00,63.38,63.84,63.2,63.47,322031,STT
2020-05-27 12:30:00,63.49,63.68,63.15,63.35,237613,STT
2020-05-27 13:30:00,63.34,63.69,63.21,63.51,143985,STT
2020-05-27 14:30:00,63.52,63.75,63.31,63.65,281836,STT
2020-05-27 15:30:00,63.61,64.4,63.58,64.38,584048,STT
2020-05-27 16:00:00,64.37,64.37,63.8,64.34,0,STT
2020-05-28 08:00:00,64.34,64.34,64.34,64.34,0,STT
2020-05-28 09:00:00,64.34,65.25,64.34,65.0,0,STT
2020-05-28 09:30:00,65.0,65.0,62.39,62.47,618569,STT
2020-05-28 10:30:00,62.49,62.59,61.88,62.31,398382,STT
2020-05-28 11:30:00,62.33,62.82,62.32,62.78,269301,STT
2020-05-28 12:30:00,62.78,63.24,62.7,63.19,256832,STT
2020-05-28 13:30:00,63.18,63.23,63.06,63.18,244166,STT
2020-05-28 14:30:00,63.18,63.47,63.02,63.14,349683,STT
2020-05-28 15:30:00,63.15,63.24,62.27,62.48,635422,STT
2020-05-28 16:00:00,62.46,63.1,62.46,62.46,0,STT
2020-05-28 17:00:00,62.46,62.46,62.46,62.46,0,STT
2020-05-29 09:30:00,61.58,62.68,60.57,62.28,500196,STT
2020-05-29 10:30:00,61.72,62.68,61.57,61.67,349334,STT
2020-05-29 11:30:00,61.68,61.93,61.45,61.54,240098,STT
2020-05-29 12:30:00,61.52,61.72,61.05,61.47,325354,STT
2020-05-29 13:30:00,61.42,61.66,61.1,61.62,299538,STT
2020-05-29 14:30:00,61.63,62.11,60.81,61.57,634818,STT
2020-05-29 15:30:00,61.56,61.6,60.82,61.03,554268,STT
2020-05-29 16:00:00,61.56,61.6,60.82,60.96,0,STT
2020-06-01 06:00:00,61.21,61.21,61.21,61.21,0,STT
2020-06-01 09:00:00,60.96,60.96,60.96,60.96,0,STT
2020-06-01 09:30:00,61.43,62.89,61.16,62.63,337415,STT
2020-06-01 10:30:00,62.66,62.82,62.05,62.33,163270,STT
2020-06-01 11:30:00,62.33,62.69,62.3,62.53,127504,STT
2020-06-01 12:30:00,62.53,62.78,62.35,62.66,131371,STT
2020-06-01 13:30:00,62.64,62.86,62.21,62.21,116479,STT
2020-06-01 14:30:00,62.24,62.66,62.17,62.47,176092,STT
2020-06-01 15:30:00,62.48,62.72,62.32,62.38,311911,STT
2020-06-01 16:00:00,62.35,62.36,62.35,62.36,0,STT
2020-06-01 18:00:00,62.35,62.35,62.35,62.35,0,STT
2020-06-02 09:30:00,63.11,63.87,62.63,63.56,356783,STT
2020-06-02 10:30:00,63.79,63.87,62.94,63.14,441767,STT
2020-06-02 11:30:00,63.13,63.35,63.08,63.33,250770,STT
2020-06-02 12:30:00,63.34,63.69,63.23,63.45,308172,STT
2020-06-02 13:30:00,63.42,63.42,62.56,62.58,277596,STT
2020-06-02 14:30:00,62.58,62.58,62.27,62.51,395856,STT
2020-06-02 15:30:00,62.51,62.85,62.31,62.81,338877,STT
2020-06-02 16:00:00,62.51,62.85,62.31,62.81,0,STT
2020-06-03 08:00:00,63.9,63.9,63.9,63.9,0,STT
2020-06-03 09:00:00,64.3,64.3,64.3,64.3,0,STT
2020-06-03 09:30:00,64.64,65.65,63.83,65.64,238308,STT
2020-06-03 10:30:00,65.64,65.94,65.17,65.67,244669,STT
2020-06-03 11:30:00,65.74,66.08,65.67,65.86,208280,STT
2020-06-03 12:30:00,65.85,66.03,65.46,65.46,142547,STT
2020-06-03 13:30:00,65.45,65.85,65.42,65.79,193590,STT
2020-06-03 14:30:00,65.79,65.8,65.4,65.75,211513,STT
2020-06-03 15:30:00,65.75,66.1,65.63,65.88,288534,STT
2020-06-03 16:00:00,65.9,65.9,65.73,65.9,0,STT
2020-06-03 19:00:00,66.09,66.09,66.09,66.09,0,STT
2020-06-04 09:30:00,65.25,67.38,65.25,67.26,673954,STT
2020-06-04 10:30:00,66.45,68.02,66.45,67.7,656966,STT
2020-06-04 11:30:00,67.7,67.83,67.32,67.45,558622,STT
2020-06-04 12:30:00,67.44,67.44,66.6,67.23,507084,STT
2020-06-04 13:30:00,67.23,67.89,67.22,67.84,419076,STT
2020-06-04 14:30:00,67.84,68.13,67.59,68.13,621106,STT
2020-06-04 15:30:00,68.14,69.04,68.13,69.02,524718,STT
2020-06-04 16:00:00,68.14,69.1,67.01,69.03,0,STT
2020-06-04 17:00:00,69.03,69.1,69.03,69.03,0,STT
2020-06-05 04:00:00,70.4,70.4,70.4,70.4,0,STT
2020-06-05 09:00:00,71.7,72.95,71.7,72.95,0,STT
2020-06-05 09:30:00,72.86,74.12,71.38,71.61,688248,STT
2020-06-05 10:30:00,71.61,72.73,71.48,72.43,335201,STT
2020-06-05 11:30:00,72.4,72.54,70.74,70.86,327106,STT
2020-06-05 12:30:00,70.88,71.12,70.43,70.5,334143,STT
2020-06-05 13:30:00,70.46,70.96,70.17,70.72,479971,STT
2020-06-05 14:30:00,70.72,70.99,70.09,70.46,343114,STT
2020-06-05 15:30:00,70.44,70.72,70.02,70.69,615736,STT
2020-06-05 16:00:00,70.7,70.7,70.7,70.7,0,STT
2020-06-05 17:00:00,70.7,70.7,70.7,70.7,0,STT
2020-06-08 04:00:00,70.7,70.7,70.7,70.7,0,STT
2020-06-08 08:00:00,72.2,72.2,70.99,70.99,0,STT
2020-06-08 09:30:00,71.44,71.65,69.84,69.86,559323,STT
2020-06-08 10:30:00,69.89,70.62,69.35,70.16,301697,STT
2020-06-08 11:30:00,70.16,70.27,69.84,70.02,226325,STT
2020-06-08 12:30:00,70.0,70.59,69.9,70.41,229720,STT
2020-06-08 13:30:00,70.41,70.59,70.24,70.45,282877,STT
2020-06-08 14:30:00,70.45,70.88,70.28,70.72,259660,STT
2020-06-08 15:30:00,70.73,71.1,70.68,71.03,412935,STT
2020-06-08 16:00:00,71.03,71.03,70.62,70.62,0,STT
2020-06-08 17:00:00,71.03,71.03,71.03,71.03,0,STT
2020-06-09 05:00:00,68.81,68.81,68.81,68.81,0,STT
2020-06-09 06:00:00,68.81,68.81,68.8,68.8,0,STT
2020-06-09 09:30:00,68.9,69.99,68.32,69.84,205623,STT
2020-06-09 10:30:00,69.84,70.3,69.48,70.11,272836,STT
2020-06-09 11:30:00,70.1,70.1,69.46,70.07,147181,STT
2020-06-09 12:30:00,70.17,70.93,69.83,70.87,172270,STT
2020-06-09 13:30:00,70.86,71.3,70.78,70.93,211148,STT
2020-06-09 14:30:00,70.93,71.57,70.75,71.47,295782,STT
2020-06-09 15:30:00,71.48,71.48,70.43,70.49,510343,STT
2020-06-09 16:00:00,70.48,70.48,70.47,70.48,0,STT
2020-06-09 19:00:00,70.48,70.48,70.48,70.48,0,STT
2020-06-10 09:30:00,70.33,70.38,67.82,68.19,616417,STT
2020-06-10 10:30:00,68.78,68.86,67.82,68.52,1023435,STT
2020-06-10 11:30:00,68.52,69.33,68.45,68.67,439642,STT
2020-06-10 12:30:00,68.68,69.22,68.57,69.18,452956,STT
2020-06-10 13:30:00,69.17,69.65,68.51,68.85,460968,STT
2020-06-10 14:30:00,68.85,68.89,66.68,67.37,1066052,STT
2020-06-10 15:30:00,67.37,67.42,66.13,66.14,750239,STT
2020-06-10 16:00:00,67.37,68.79,66.13,66.14,0,STT
2020-06-11 04:00:00,64.49,64.49,63.6,63.6,0,STT
2020-06-11 09:00:00,62.34,62.83,61.16,61.16,0,STT
2020-06-11 09:30:00,62.95,64.72,62.6,63.62,499361,STT
2020-06-11 10:30:00,63.6,64.01,63.02,63.07,513203,STT
2020-06-11 11:30:00,63.05,63.26,61.98,62.08,371861,STT
2020-06-11 12:30:00,62.05,62.77,62.04,62.52,268235,STT
2020-06-11 13:30:00,62.5,62.56,61.9,62.08,392151,STT
2020-06-11 14:30:00,62.1,62.15,61.12,61.28,493570,STT
2020-06-11 15:30:00,61.28,61.82,61.06,61.2,584832,STT
2020-06-11 16:00:00,61.13,61.13,61.13,61.13,0,STT
2020-06-11 17:00:00,61.13,61.13,61.13,61.13,0,STT
2020-06-12 05:00:00,63.03,63.03,63.03,63.03,0,STT
2020-06-12 09:00:00,63.84,63.84,63.72,63.75,0,STT
2020-06-12 09:30:00,64.05,64.05,62.69,62.69,461188,STT
2020-06-12 10:30:00,62.71,62.92,61.32,61.82,291681,STT
2020-06-12 11:30:00,61.78,62.94,61.72,62.41,177407,STT
2020-06-12 12:30:00,62.42,62.45,61.7,61.77,197589,STT
2020-06-12 13:30:00,61.78,61.9,60.91,61.67,230474,STT
2020-06-12 14:30:00,61.68,62.35,61.36,61.9,314091,STT
2020-06-12 15:30:00,61.89,63.3,61.76,63.12,725761,STT
2020-06-12 16:00:00,63.12,63.12,63.12,63.12,0,STT
2020-06-15 04:00:00,61.0,61.0,61.0,61.0,0,STT
2020-06-15 09:30:00,60.53,61.26,60.09,61.04,355567,STT
2020-06-15 10:30:00,61.02,61.93,60.87,61.56,251380,STT
2020-06-15 11:30:00,61.5,61.73,61.04,61.63,220378,STT
2020-06-15 12:30:00,61.62,62.37,61.52,62.2,224607,STT
2020-06-15 13:30:00,62.19,63.22,61.75,63.09,320450,STT
2020-06-15 14:30:00,63.09,63.19,62.48,62.51,398232,STT
2020-06-15 15:30:00,62.49,62.83,61.92,62.67,565279,STT
2020-06-15 16:00:00,62.7,62.7,62.65,62.65,0,STT
2020-06-16 04:00:00,63.87,63.9,63.87,63.9,0,STT
2020-06-16 08:00:00,64.55,65.2,64.55,65.2,0,STT
2020-06-16 09:30:00,65.54,65.96,64.65,65.45,395767,STT
2020-06-16 10:30:00,65.42,65.43,63.19,64.48,364985,STT
2020-06-16 11:30:00,64.5,64.74,63.99,64.53,192537,STT
2020-06-16 12:30:00,64.52,65.09,64.52,64.85,217359,STT
2020-06-16 13:30:00,64.82,65.12,64.36,64.95,251270,STT
2020-06-16 14:30:00,65.01,65.09,63.79,64.29,264372,STT
2020-06-16 15:30:00,64.21,64.43,63.72,64.32,519226,STT
2020-06-16 16:00:00,64.27,64.27,64.27,64.27,0,STT
2020-06-16 17:00:00,64.1,64.1,64.1,64.1,0,STT
2020-06-16 18:00:00,63.44,63.44,63.44,63.44,0,STT
2020-06-17 08:00:00,64.3,64.3,64.3,64.3,0,STT
2020-06-17 09:30:00,64.34,64.39,62.52,62.56,231661,STT
2020-06-17 10:30:00,62.62,63.36,62.5,63.0,140656,STT
2020-06-17 11:30:00,62.98,63.74,62.94,63.31,154954,STT
2020-06-17 12:30:00,63.29,63.68,63.29,63.63,127540,STT
2020-06-17 13:30:00,63.64,63.96,63.6,63.66,144273,STT
2020-06-17 14:30:00,63.68,64.01,63.28,63.41,226797,STT
2020-06-17 15:30:00,63.41,63.44,63.04,63.21,424713,STT
2020-06-17 16:00:00,63.2,63.21,63.2,63.21,0,STT
2020-06-17 18:00:00,63.2,63.2,63.2,63.2,0,STT
2020-06-18 09:00:00,62.32,62.32,62.3,62.3,0,STT
2020-06-18 09:30:00,62.67,63.93,62.31,63.7,176108,STT
2020-06-18 10:30:00,63.75,63.86,63.25,63.28,165783,STT
2020-06-18 11:30:00,63.33,63.6,62.93,63.55,126154,STT
2020-06-18 12:30:00,63.54,63.6,63.3,63.44,207880,STT
2020-06-18 13:30:00,63.43,63.59,63.15,63.34,138505,STT
2020-06-18 14:30:00,63.33,63.51,62.95,63.28,188060,STT
2020-06-18 15:30:00,63.29,63.44,63.06,63.39,294084,STT
2020-06-18 16:00:00,63.43,63.43,63.4,63.4,0,STT
2020-06-18 17:00:00,63.4,63.4,63.4,63.4,0,STT
2020-06-19 09:30:00,64.58,64.61,63.15,63.27,917554,STT
2020-06-19 10:30:00,63.45,63.74,63.1,63.29,349972,STT
2020-06-19 11:30:00,63.29,63.35,62.46,62.71,398000,STT
2020-06-19 12:30:00,62.73,63.24,62.63,62.79,354402,STT
2020-06-19 13:30:00,62.78,62.88,62.5,62.77,387412,STT
2020-06-19 14:30:00,62.74,63.72,62.68,63.61,588000,STT
2020-06-19 15:30:00,63.61,65.26,63.54,65.06,1109542,STT
2020-06-19 16:00:00,63.61,65.4,63.54,65.4,0,STT
2020-06-22 05:00:00,65.28,65.28,65.28,65.28,0,STT
2020-06-22 09:30:00,64.48,64.77,63.64,64.59,375982,STT
2020-06-22 10:30:00,64.59,64.6,63.74,64.12,203211,STT
2020-06-22 11:30:00,64.13,64.59,63.93,64.5,179680,STT
2020-06-22 12:30:00,64.53,64.88,64.43,64.6,163306,STT
2020-06-22 13:30:00,64.61,64.63,64.17,64.45,179592,STT
2020-06-22 14:30:00,64.45,64.66,63.95,63.96,186960,STT
2020-06-22 15:30:00,63.97,64.26,63.51,63.75,404975,STT
2020-06-22 16:00:00,63.75,63.75,63.75,63.75,0,STT
2020-06-23 09:30:00,65.14,65.96,64.8,65.14,374443,STT
2020-06-23 10:30:00,65.59,65.65,64.53,64.92,402719,STT
2020-06-23 11:30:00,65.05,65.34,64.86,65.12,227374,STT
2020-06-23 12:30:00,65.15,65.21,64.91,64.98,167446,STT
2020-06-23 13:30:00,64.96,65.17,64.83,64.94,268886,STT
2020-06-23 14:30:00,64.94,64.94,64.62,64.73,277370,STT
2020-06-23 15:30:00,64.74,64.76,64.45,64.68,279751,STT
2020-06-23 16:00:00,64.74,64.88,64.45,64.69,0,STT
2020-06-24 05:00:00,63.6,63.6,63.6,63.6,0,STT
2020-06-24 09:30:00,63.72,64.28,63.12,64.06,411493,STT
2020-06-24 10:30:00,64.05,64.18,63.31,63.45,310555,STT
2020-06-24 11:30:00,63.45,63.45,62.58,62.58,346810,STT
2020-06-24 12:30:00,62.54,62.94,62.01,62.07,243506,STT
2020-06-24 13:30:00,62.06,62.07,61.6,61.82,305185,STT
2020-06-24 14:30:00,61.81,62.38,61.64,62.03,286511,STT
2020-06-24 15:30:00,62.05,62.34,61.58,61.63,461921,STT
2020-06-24 16:00:00,61.64,62.39,61.63,62.39,0,STT
2020-06-25 04:00:00,60.9,60.9,60.9,60.9,0,STT
2020-06-25 09:30:00,61.35,63.5,61.14,63.4,495657,STT
2020-06-25 10:30:00,63.44,63.48,62.42,62.54,227093,STT
2020-06-25 11:30:00,62.5,63.05,62.33,62.84,249845,STT
2020-06-25 12:30:00,62.86,63.49,62.84,63.41,142852,STT
2020-06-25 13:30:00,63.38,63.74,63.23,63.62,247187,STT
2020-06-25 14:30:00,63.62,64.55,63.49,64.54,327476,STT
2020-06-25 15:30:00,64.52,64.54,63.96,64.15,607346,STT
2020-06-25 16:00:00,64.16,64.16,63.66,63.66,0,STT
2020-06-26 09:30:00,63.04,63.37,60.92,61.02,544246,STT
2020-06-26 10:30:00,62.13,62.2,60.08,60.13,1071998,STT
2020-06-26 11:30:00,60.15,60.26,59.53,60.15,743242,STT
2020-06-26 12:30:00,60.14,60.71,59.99,60.63,671618,STT
2020-06-26 13:30:00,60.65,61.13,60.57,60.91,711752,STT
2020-06-26 14:30:00,60.91,60.94,60.26,60.45,790714,STT
2020-06-26 15:30:00,60.46,60.75,60.05,60.52,715026,STT
2020-06-26 16:00:00,60.46,60.75,60.05,60.53,0,STT
2020-06-26 17:00:00,60.57,60.76,60.2,60.76,0,STT
2020-06-29 08:00:00,61.3,61.3,61.3,61.3,0,STT
2020-06-29 09:00:00,61.3,61.3,61.3,61.3,0,STT
2020-06-29 09:30:00,61.45,62.58,61.13,62.24,355389,STT
2020-06-29 10:30:00,62.23,62.88,61.56,61.83,287316,STT
2020-06-29 11:30:00,61.78,61.96,61.5,61.86,189644,STT
2020-06-29 12:30:00,61.87,62.03,61.62,62.03,150253,STT
2020-06-29 13:30:00,62.06,62.06,61.64,61.69,167283,STT
2020-06-29 14:30:00,61.71,61.71,61.01,61.13,241878,STT
2020-06-29 15:30:00,61.14,61.57,61.1,61.56,545011,STT
2020-06-29 16:00:00,61.56,61.84,61.56,61.56,0,STT
2020-06-29 17:00:00,61.56,61.56,61.56,61.56,0,STT
2020-06-30 08:00:00,61.3,61.3,61.19,61.19,0,STT
2020-06-30 09:30:00,60.73,62.61,60.73,62.42,233680,STT
2020-06-30 10:30:00,62.43,63.08,62.25,63.08,145287,STT
2020-06-30 11:30:00,63.08,63.2,62.77,63.01,119087,STT
2020-06-30 12:30:00,63.0,63.11,62.53,62.69,129307,STT
2020-06-30 13:30:00,62.71,63.24,62.46,63.24,176351,STT
2020-06-30 14:30:00,63.27,63.55,63.04,63.43,190644,STT
2020-06-30 15:30:00,63.42,64.07,63.39,63.55,451086,STT
2020-06-30 16:00:00,63.55,63.55,63.13,63.13,0,STT
2020-06-30 17:00:00,63.55,63.55,63.55,63.55,0,STT
2020-07-01 09:30:00,63.65,64.04,62.91,63.0,487419,STT
2020-07-01 10:30:00,63.58,63.87,61.36,61.41,580957,STT
2020-07-01 11:30:00,61.43,62.3,61.4,62.26,317896,STT
2020-07-01 12:30:00,62.24,62.44,62.03,62.32,373644,STT
2020-07-01 13:30:00,62.31,62.33,61.91,61.99,291562,STT
2020-07-01 14:30:00,61.98,62.14,61.77,62.1,396010,STT
2020-07-01 15:30:00,62.11,62.42,61.99,62.13,398810,STT
2020-07-01 16:00:00,62.11,62.42,61.99,62.13,0,STT
